CoordX,CoordY,Orient,HalfLen,HalfWid
1385.0,547.5,0.0,26.0,2.0
1271.5,596.0,-1.5707963267948966,34.0,5.0
1225.5,650.5,-3.141592653589793,35.0,5.0
1398.0,1008.5,-3.141592653589793,39.0,16.0
580.0,1009.0,0.0,40.0,16.0
