CoordX,CoordY,Orient,HalfLen,HalfWid
351.5,390.5,0.0,46.0,20.0
396.0,837.5,-1.5707963267948966,39.0,5.0
396.5,958.0,-1.5707963267948966,40.0,5.0
271.5,1197.0,-1.5707963267948966,36.0,5.0
543.0,1202.5,-1.5707963267948966,39.0,5.0
621.0,1339.0,-3.141592653589793,47.0,12.0
