CoordX,CoordY,Orient,HalfLen,HalfWid
784.5,305.5,-1.5707963267948966,39.0,3.0
239.0,353.5,-3.141592653589793,38.0,3.0
506.5,583.0,0.0,33.0,12.0
315.5,765.0,-1.5707963267948966,38.0,3.0
495.5,853.0,0.0,42.0,17.0
