CoordX,CoordY,Orient,HalfLen,HalfWid
490.5,384.0,-1.5707963267948966,41.0,15.0
664.0,818.0,-1.5707963267948966,41.0,5.0
851.5,827.5,-1.5707963267948966,39.0,6.0
365.0,888.0,1.5707963267948966,39.0,5.0
169.36882129277566,936.0190114068441,0.0015710592770070927,35.007812099185564,5.050267705616135
664.0,1049.0,-1.5707963267948966,42.0,5.0
501.0,1062.0,-1.5707963267948966,41.0,5.0
573.0,1126.0,0.0,46.0,5.0
574.5,1263.0,-3.141592653589793,46.0,15.0
