CoordX,CoordY,Orient,HalfLen,HalfWid
331.0,221.5,0.0,41.0,14.0
476.5,668.5,0.0,36.0,4.0
698.0,668.5,-3.141592653589793,40.0,4.0
431.5,718.0,-1.5707963267948966,42.0,3.0
749.4929292929293,736.5616161616161,-1.5714850049352032,30.002058920094175,3.0206596311597274
486.5,846.0,0.0,45.0,9.0
