CoordX,CoordY,Orient,HalfLen,HalfWid
1076.5,169.0,-1.5707963267948966,35.0,5.0
379.0,345.5,-3.141592653589793,73.0,5.0
1020.0,345.5,-3.141592653589793,46.0,5.0
260.48901960784315,401.99960784313726,-1.5707765782694492,45.00027647058114,13.999111313624896
1132.0,388.5,-3.141592653589793,42.0,5.0
1076.5,565.0,-1.5707963267948966,46.0,5.0
1020.5,870.5,-3.141592653589793,45.0,10.0
