CoordX,CoordY,Orient,HalfLen,HalfWid
977.5,387.0,-3.141592653589793,49.0,18.0
398.5,719.5,-1.5707963267948966,45.0,4.0
741.5,813.5,-3.141592653589793,46.0,5.0
261.5,823.5,0.0,45.0,4.0
547.0,873.0,-1.5707963267948966,42.0,7.0
944.0,956.0,-3.141592653589793,48.0,12.0
