CoordX,CoordY,Orient,HalfLen,HalfWid
533.0,232.5,-3.141592653589793,38.0,14.0
359.5,658.0,-3.141592653589793,36.0,5.0
480.0,867.5,-1.5707963267948966,32.0,6.0
689.0,868.0,-1.5707963267948966,30.0,7.0
361.0,932.5,-1.5707963267948966,31.0,6.0
480.0,1014.0,-1.5707963267948966,38.0,6.0
361.0,1063.0,-1.5707963267948966,28.0,6.0
420.5,1102.0,-3.141592653589793,41.0,5.0
420.5,1202.5,-3.141592653589793,44.0,15.0
