CoordX,CoordY,Orient,HalfLen,HalfWid
798.0,254.0,0.0,28.0,4.0
934.0,309.0,-1.5707963267948966,37.0,4.0
238.0,381.5,-1.5707963267948966,39.0,11.0
934.0,473.5,-1.5707963267948966,32.0,4.0
844.0,615.0,-3.141592653589793,43.0,8.0
