CoordX,CoordY,Orient,HalfLen,HalfWid
392.0,329.0,-3.141592653589793,48.0,17.0
393.5,656.5,-3.141592653589793,47.0,5.0
570.0754448398576,767.9843416370106,2.0321076868871573,41.610602104007555,9.792700992657952
748.0,810.5,-1.5707963267948966,47.0,4.0
893.5,962.5,-3.141592653589793,47.0,9.0
