CoordX,CoordY,Orient,HalfLen,HalfWid
558.0,256.0,-1.5707963267948966,36.0,5.0
303.0,327.5,-3.141592653589793,42.0,15.0
386.5,573.5,-1.5707963267948966,41.0,5.0
436.0,852.0,-1.5707963267948966,41.0,6.0
343.0,903.5,-3.141592653589793,47.0,5.0
527.0,904.0,0.0,31.0,5.0
343.0,1072.0,0.0,46.0,16.0
