CoordX,CoordY,Orient,HalfLen,HalfWid
570.5,280.5,-3.141592653589793,41.0,13.0
622.0,734.0,-1.5707963267948966,31.0,6.0
854.5,773.5,-3.141592653589793,30.0,5.0
622.0,826.5,-1.5707963267948966,40.0,6.0
441.0,846.5,-1.5707963267948966,36.0,6.0
394.5,1003.0,0.0,31.0,6.0
553.0,1056.5,-3.141592653589793,46.0,5.0
691.0,1217.5,-1.5707963267948966,59.0,5.0
547.5,1187.5,0.0,42.0,16.0
397.5,1292.5,-1.5707963267948966,42.0,8.0
818.0,1321.5,0.0,41.0,14.0
