CoordX,CoordY,Orient,HalfLen,HalfWid
257.0,382.0,-1.5707963267948966,40.0,12.0
661.5,535.0,-1.5707963267948966,41.0,3.0
661.5,632.5,-1.5707963267948966,39.0,3.0
547.0,792.5,-1.5707963267948966,35.0,3.0
239.5,795.0,-1.5707963267948966,30.0,7.0
661.5,868.5,-1.5707963267948966,39.0,3.0
606.5,923.5,0.0,44.0,10.0
