CoordX,CoordY,Orient,HalfLen,HalfWid
1458.6926553672317,229.4949152542373,-0.7002272115720659,35.3046157375772,6.470174498136181
1474.0,393.0,0.0,39.0,6.0
1155.5,440.5,-3.141592653589793,40.0,5.0
412.5,481.5,-1.5707963267948966,44.0,17.0
1539.0,502.0,-1.5707963267948966,40.0,6.0
1723.7945492662475,582.206498951782,-0.7853497022695726,39.59770556241206,6.362076327638878
1403.0,735.0,-3.141592653589793,43.0,18.0
