CoordX,CoordY,Orient,HalfLen,HalfWid
470.0,278.5,0.0,44.0,18.0
358.0,344.5,-1.5707963267948966,41.0,5.0
193.5,753.0,-1.5707963267948966,41.0,5.0
842.5,793.0,0.0,43.0,13.0
262.5,870.5,0.0,38.0,5.0
358.0,920.5,-1.5707963267948966,39.0,5.0
358.0,1072.5,-1.5707963267948966,38.0,5.0
476.5,1182.5,-1.5707963267948966,39.0,6.0
358.0,1234.5,-1.5707963267948966,39.0,5.0
416.5,1453.5,0.0,43.0,17.0
