CoordX,CoordY,Orient,HalfLen,HalfWid
257.0,529.5,-1.5707963267948966,36.0,13.0
802.0,547.5,-1.5707963267948966,36.0,5.0
1100.0,596.0,-3.141592653589793,25.0,6.0
802.0,672.5,-1.5707963267948966,25.0,5.0
1096.0,761.0,0.0,25.0,5.0
802.0,865.5,-1.5707963267948966,37.0,5.0
751.0,1027.5,0.0,36.0,6.0
