CoordX,CoordY,Orient,HalfLen,HalfWid
487.5,221.0,-1.5707963267948966,70.0,5.0
1125.0,346.0,-1.5707963267948966,36.0,9.0
782.0,424.5,0.0,44.0,3.0
396.0,426.0,-3.141592653589793,27.0,3.0
442.0,465.5,-1.5707963267948966,28.0,3.0
257.0,464.0,-1.5707963267948966,25.0,5.0
499.5,592.0,0.0,41.0,9.0
736.0,632.5,-1.5707963267948966,25.0,3.0
