CoordX,CoordY,Orient,HalfLen,HalfWid
559.0,257.0,0.0,31.0,9.0
516.5,340.5,-1.5707963267948966,36.0,8.0
1437.0,452.0,-1.5707963267948966,42.0,17.0
516.5,453.5,-1.5707963267948966,35.0,8.0
203.0,712.5,0.0,42.0,12.0
628.5,717.0,0.0,49.0,17.0
