CoordX,CoordY,Orient,HalfLen,HalfWid
396.5,435.5,0.0,37.0,15.0
722.5,635.5,-1.5707963267948966,36.0,5.0
763.5,729.0,0.0,30.0,10.0
586.0,921.5,-3.141592653589793,37.0,5.0
664.5,1019.5,-1.5707963267948966,33.0,5.0
401.5,1135.5,-1.5707963267948966,41.0,5.0
589.5,1199.5,-1.5707963267948966,39.0,5.0
522.5,1450.5,-3.141592653589793,39.0,5.0
523.0,1547.5,0.0,40.0,15.0
523.5,1723.5,-3.141592653589793,40.0,5.0
