CoordX,CoordY,Orient,HalfLen,HalfWid
618.0,408.0,0.0,41.0,15.0
1081.0,724.0,-1.5707963267948966,41.0,7.0
1116.0,908.0,-1.5707963267948966,39.0,7.0
228.0,985.5,-1.5707963267948966,38.0,14.0
703.0,988.5,-1.5707963267948966,41.0,7.0
548.0,1065.0,0.0,40.0,7.0
874.0,1128.0,-1.5707963267948966,41.0,7.0
467.0,1228.0,-1.5707963267948966,39.0,7.0
980.5,1290.0,-3.141592653589793,42.0,14.0
841.0,1380.5,-1.5707963267948966,42.0,7.0
1331.5,1379.5,-1.5707963267948966,41.0,14.0
