CoordX,CoordY,Orient,HalfLen,HalfWid
618.5,295.5,-1.5707963267948966,31.0,4.0
679.5,366.0,0.0,42.0,5.0
433.5,367.0,0.0,41.0,4.0
160.0,447.5,-1.5707963267948966,40.0,12.0
892.0,785.0,-1.5707963267948966,32.0,5.0
1017.0,950.5,0.0,48.0,9.0
