CoordX,CoordY,Orient,HalfLen,HalfWid
440.5,259.5,-3.141592653589793,45.0,13.0
315.0,344.0,-1.5707963267948966,46.0,5.0
790.5,564.0,-1.5707963267948966,45.0,5.0
992.0,630.5,0.0,82.0,5.0
750.5,686.0,-1.5707963267948966,40.0,5.0
451.0,690.0,-1.5707963267948966,41.0,10.0
196.5,826.0,0.0,46.0,10.0
