CoordX,CoordY,Orient,HalfLen,HalfWid
591.0,310.0,-3.141592653589793,29.0,11.0
347.5,838.0,-3.141592653589793,30.0,6.0
635.5,927.5,-1.5707963267948966,29.0,4.0
518.0,1030.5,-1.5707963267948966,28.0,6.0
733.5,1023.5,0.0,27.0,4.0
558.5,1075.0,0.0,28.0,6.0
558.5,1181.0,-3.141592653589793,27.0,11.0
