CoordX,CoordY,Orient,HalfLen,HalfWid
964.0,644.0,-1.5707963267948966,42.0,10.0
511.5,776.0,-1.5707963267948966,69.0,6.0
394.5,1056.0,-3.141592653589793,36.0,5.0
959.5,1099.5,-1.5707963267948966,40.0,5.0
511.5,1155.0,-1.5707963267948966,40.0,6.0
607.0,1261.0,-3.141592653589793,45.0,11.0
