CoordX,CoordY,Orient,HalfLen,HalfWid
647.0,315.0,0.0,36.0,6.0
556.5,455.5,0.0,37.0,4.0
505.5,506.5,-1.5707963267948966,43.0,4.0
602.5,507.0,-1.5707963267948966,44.0,4.0
555.5,564.0,-3.141592653589793,41.0,11.0
