CoordX,CoordY,Orient,HalfLen,HalfWid
833.0,238.0,-3.141592653589793,30.0,6.0
892.0,290.0,-1.5707963267948966,30.0,6.0
261.0076824583867,293.539052496799,1.5699800744191141,30.00407126740715,6.023669317465403
892.0,570.0,-1.5707963267948966,29.0,6.0
833.5,628.0,0.0,28.0,6.0
1134.0,628.0,-3.141592653589793,30.0,6.0
