CoordX,CoordY,Orient,HalfLen,HalfWid
140.5,497.0,-3.141592653589793,34.0,5.0
257.0,656.0,-1.5707963267948966,34.0,5.0
348.0,742.5,-3.141592653589793,46.0,7.0
