CoordX,CoordY,Orient,HalfLen,HalfWid
534.0,271.0,0.0,41.0,14.0
949.0,271.0,0.0,39.0,14.0
826.0,477.0,-1.5707963267948966,40.0,5.0
941.0,666.0,0.0,35.0,9.0
699.0,814.0,0.0,60.0,5.0
441.0,892.0,-1.5707963267948966,41.0,5.0
441.0,1002.0,-1.5707963267948966,41.0,5.0
765.0,1002.0,-1.5707963267948966,41.0,5.0
561.5,1058.0,0.0,44.0,5.0
683.5,1058.0,-3.141592653589793,34.0,5.0
560.5,1200.5,-3.141592653589793,44.0,16.0
424.5,1282.5,-1.5707963267948966,41.0,7.0
