CoordX,CoordY,Orient,HalfLen,HalfWid
1095.5,172.0,-3.141592653589793,38.0,8.0
742.7213740458016,395.55725190839695,3.1366460774785816,32.03423439452484,7.158204150056279
907.0309653916212,650.5045537340619,3.141322984420729,51.00188582976333,7.013483203764681
787.5,697.5,-1.5707963267948966,33.0,7.0
787.5,811.5,-1.5707963267948966,32.0,7.0
1067.0,891.0,-1.5707963267948966,38.0,8.0
893.5,1032.0,-1.5707963267948966,38.0,7.0
953.0,1129.5,0.0,42.0,7.0
952.5,1241.0,-3.141592653589793,42.0,8.0
