CoordX,CoordY,Orient,HalfLen,HalfWid
294.5,301.0,-3.141592653589793,42.0,19.0
246.5,983.0,-1.5707963267948966,52.0,6.0
321.5,1052.5,0.0,42.0,16.0
