CoordX,CoordY,Orient,HalfLen,HalfWid
594.5,235.0,0.0,42.0,12.0
884.5,321.5,-1.5707963267948966,37.0,4.0
966.0,629.0,-1.5707963267948966,38.0,7.0
291.0,633.0,-1.5707963267948966,37.0,7.0
657.0,635.5,-1.5707963267948966,38.0,5.0
167.5,681.5,0.0,42.0,4.0
504.5,770.5,-3.141592653589793,42.0,10.0
