CoordX,CoordY,Orient,HalfLen,HalfWid
121.5,413.5,-3.141592653589793,35.0,7.0
503.5,413.5,-3.141592653589793,42.0,7.0
907.5,723.0,-1.5707963267948966,43.0,7.0
134.5,792.5,-3.141592653589793,50.0,7.0
