CoordX,CoordY,Orient,HalfLen,HalfWid
330.5,600.5,-1.5707963267948966,42.0,11.0
2440.5,597.5,0.0,47.0,6.0
1665.5,699.5,-1.5707963267948966,43.0,11.0
2029.5,709.5,-1.5707963267948966,42.0,6.0
947.5,777.0,-1.5707963267948966,31.0,4.0
947.5,863.5,-1.5707963267948966,35.0,4.0
1125.5,850.5,-3.141592653589793,34.0,7.0
890.5,928.0,-3.141592653589793,45.0,5.0
892.0,1059.0,-3.141592653589793,46.0,12.0
