CoordX,CoordY,Orient,HalfLen,HalfWid
324.0,277.5,-1.5707963267948966,40.0,7.0
749.5,440.0,-1.5707963267948966,36.0,4.0
846.5,550.5,0.0,37.0,4.0
699.5,626.5,-3.141592653589793,41.0,4.0
749.5,806.0,-1.5707963267948966,42.0,4.0
777.0,1140.0,-2.3178214156392407,36.280043075380235,4.975788826764548
774.5,1442.5,-3.141592653589793,41.0,7.0
