CoordX,CoordY,Orient,HalfLen,HalfWid
1051.0,379.0,0.0,37.0,4.0
946.0,436.0,-1.5707963267948966,42.0,4.0
1190.0,437.0,-1.5707963267948966,42.0,4.0
360.0,468.5,-1.5707963267948966,41.0,13.0
1190.0,612.0,-1.5707963267948966,43.0,4.0
1066.0,886.0,0.0,42.0,13.0
