CoordX,CoordY,Orient,HalfLen,HalfWid
258.5,384.0,-3.141592653589793,46.0,17.0
229.5,1125.0,-1.5707963267948966,40.0,5.0
148.0,1248.0,0.0,45.0,18.0
