CoordX,CoordY,Orient,HalfLen,HalfWid
479.0,272.0,-3.141592653589793,50.0,20.0
382.5,593.5,-1.5707963267948966,41.0,6.0
382.5,847.0,-1.5707963267948966,43.0,6.0
203.0,971.5,0.0,41.0,8.0
382.5,1078.0,-1.5707963267948966,41.0,6.0
546.5,1247.5,-1.5707963267948966,42.0,6.0
382.5,1288.0,-1.5707963267948966,42.0,6.0
483.0,1531.5,-3.141592653589793,46.0,17.0
251.0,1661.5,-1.5707963267948966,47.0,13.0
