CoordX,CoordY,Orient,HalfLen,HalfWid
486.0,203.0,-1.5707963267948966,35.0,5.0
279.0,382.0,-1.5707963267948966,34.0,5.0
233.0,521.0,0.0,36.0,5.0
486.0,636.5,-1.5707963267948966,36.0,5.0
279.0,648.0,-1.5707963267948966,34.0,5.0
351.0,751.0,0.0,43.0,13.0
