CoordX,CoordY,Orient,HalfLen,HalfWid
806.5,264.5,-3.141592653589793,41.0,18.0
861.0,345.5,-1.5707963267948966,58.0,5.0
233.5,811.0,-1.5707963267948966,48.0,9.0
861.0,920.5,-1.5707963267948966,42.0,5.0
861.0,1109.0,-1.5707963267948966,36.0,5.0
1019.0,1192.5,-3.141592653589793,39.0,1.0
860.5,1413.5,-1.5707963267948966,42.0,4.0
610.5,1478.5,0.0,46.0,16.0
797.0,1478.5,-3.141592653589793,47.0,16.0
