CoordX,CoordY,Orient,HalfLen,HalfWid
405.0,431.0,-3.141592653589793,37.0,10.0
443.0,879.5,-1.5707963267948966,27.0,5.0
607.0,918.0,-3.141592653589793,27.0,5.0
443.0,964.5,-1.5707963267948966,36.0,5.0
300.0,995.5,-1.5707963267948966,32.0,5.0
261.0,1137.0,-3.141592653589793,28.0,5.0
396.5,1175.0,-3.141592653589793,36.0,5.0
398.0,1293.5,0.0,36.0,10.0
268.0,1374.5,-1.5707963267948966,32.0,5.0
