CoordX,CoordY,Orient,HalfLen,HalfWid
947.0,353.5,-1.5707963267948966,36.0,5.0
250.0,418.0,-1.5707963267948966,35.0,21.0
1001.5,421.5,-3.141592653589793,43.0,4.0
1085.5,421.5,0.0,20.0,4.0
1170.5,421.5,-3.141592653589793,41.0,4.0
1254.5,421.5,0.0,20.0,4.0
946.5,520.0,-1.5707963267948966,20.0,4.0
946.5,575.5,-1.5707963267948966,23.0,4.0
806.5,625.5,-1.5707963267948966,30.0,4.0
947.0,664.5,-1.5707963267948966,29.0,5.0
891.5,798.0,-3.141592653589793,39.0,15.0
