CoordX,CoordY,Orient,HalfLen,HalfWid
1781.0,270.5,-1.5707963267948966,54.0,8.0
1167.5,363.5,-3.141592653589793,33.0,5.0
2493.0,497.0,-1.5707963267948966,40.0,10.0
1194.0,535.5,0.0,38.0,9.0
1034.0,603.0,-1.5707963267948966,39.0,16.0
2493.0,643.0,-1.5707963267948966,39.0,10.0
1792.5,696.0,-3.141592653589793,41.0,11.0
2246.0,882.0,-3.141592653589793,39.0,10.0
1784.5,889.5,-3.141592653589793,42.0,10.0
