CoordX,CoordY,Orient,HalfLen,HalfWid
777.0,244.0,-3.141592653589793,40.0,10.0
257.0,463.5,-3.141592653589793,40.0,3.0
360.0,463.5,-3.141592653589793,39.0,3.0
198.0,541.0,-1.5707963267948966,30.0,4.0
251.0,622.5,-3.141592653589793,44.0,8.0
426.0,698.0,-3.141592653589793,35.0,4.0
572.0,800.0,-1.5707963267948966,30.0,4.0
745.0,804.0,-3.141592653589793,39.0,4.0
639.5,903.0,0.0,38.0,4.0
