CoordX,CoordY,Orient,HalfLen,HalfWid
136.0,343.5,0.0,39.0,8.0
540.5,576.5,-3.141592653589793,39.0,8.0
468.0,712.5,-1.5717674826093353,40.0087215380852,8.961149529382778
468.5,1003.0,-1.5707963267948966,40.0,8.0
325.5,1224.5,-3.141592653589793,30.0,5.0
521.0,1224.5,-3.141592653589793,40.0,5.0
643.5,1303.5,-1.5707963267948966,40.0,5.0
596.0,1435.5,0.0,35.0,5.0
202.5,1471.5,-3.141592653589793,45.0,10.0
740.5,1607.0,-1.5707963267948966,29.0,5.0
