CoordX,CoordY,Orient,HalfLen,HalfWid
314.0,487.0,-3.141592653589793,42.0,16.0
165.0,1036.5,-3.141592653589793,41.0,7.0
260.0,1096.0,-1.5707963267948966,43.0,5.0
327.0,1268.5,0.0,48.0,9.0
