CoordX,CoordY,Orient,HalfLen,HalfWid
962.5,350.5,-1.5707963267948966,34.0,11.0
322.0,444.5,-3.141592653589793,34.0,5.0
426.0,444.5,-3.141592653589793,34.0,5.0
483.5,496.0,-1.5707963267948966,34.0,5.0
276.5,539.5,-1.5707963267948966,33.0,5.0
276.5,687.5,-1.5707963267948966,33.0,5.0
336.0,776.5,0.0,35.0,11.0
