CoordX,CoordY,Orient,HalfLen,HalfWid
175.0,105.5,-3.141592653589793,39.0,23.0
213.5,485.0,0.0,35.0,5.0
258.0,619.5,-1.5707963267948966,40.0,5.0
565.9853528628495,915.7789613848203,-0.8737827012623409,33.7908696529023,6.34778828439476
395.0,997.0,-0.7853981633974488,36.76955262170048,5.656854249492401
241.5,1290.0,0.0,40.0,9.0
