CoordX,CoordY,Orient,HalfLen,HalfWid
394.0,216.5,0.0,41.0,18.0
338.0,436.0,-1.5707963267948966,43.0,4.0
696.0,584.0,-1.5707963267948966,44.0,5.0
329.0,711.0,0.0,41.0,4.0
828.5,758.0,-1.5707963267948966,31.0,8.0
508.0,789.0,1.5707963267948966,39.0,5.0
283.73734817813767,846.5835020242915,0.5323986348085336,45.878060204999365,11.133767539815947
