CoordX,CoordY,Orient,HalfLen,HalfWid
585.5,274.0,-3.141592653589793,44.0,24.0
347.0,356.0,-1.5707963267948966,46.0,6.0
333.5,708.5,-1.5707963267948966,37.0,7.0
669.0,717.5,-1.5707963267948966,44.0,6.0
739.0,853.5,-3.141592653589793,46.0,9.0
