CoordX,CoordY,Orient,HalfLen,HalfWid
312.0,99.0,-3.141592653589793,40.0,14.0
403.5,351.0,-1.5707963267948966,48.0,4.0
496.5,484.0,0.0,51.0,7.0
165.5,776.0,-3.141592653589793,45.0,6.0
