CoordX,CoordY,Orient,HalfLen,HalfWid
442.0,358.0,-3.141592653589793,45.0,19.0
710.0,685.0,0.0,34.0,6.0
820.0,685.0,0.0,45.0,6.0
760.5,785.5,-1.5707963267948966,46.0,6.0
818.0,1032.0,0.0,43.0,6.0
415.5,1106.0,-1.5707963267948966,45.0,6.0
716.5,1186.5,-3.141592653589793,35.0,5.0
310.0,1365.0,-3.141592653589793,50.0,19.0
386.0,1516.5,-1.5707963267948966,44.0,13.0
