CoordX,CoordY,Orient,HalfLen,HalfWid
208.0,323.0,0.0,33.0,9.0
510.9842297944241,432.43508870740635,-1.1469346664029891,90.49474640576153,46.353739401696224
