CoordX,CoordY,Orient,HalfLen,HalfWid
829.0,218.5,0.0,43.0,7.0
734.5,339.5,-1.5707963267948966,39.0,7.0
463.0,609.5,0.0,43.0,7.0
656.5,609.5,-3.141592653589793,35.0,7.0
410.5,697.0,-1.5707963267948966,31.0,7.0
672.5,770.5,0.0,44.0,7.0
