CoordX,CoordY,Orient,HalfLen,HalfWid
641.5,475.5,-1.5707963267948966,37.0,9.0
494.5,534.0,0.0,40.0,10.0
641.5,642.5,-1.5707963267948966,37.0,9.0
