CoordX,CoordY,Orient,HalfLen,HalfWid
817.9656964656965,443.975051975052,-2.356705095742614,39.600863005544525,6.344102306351278
739.1741682974559,447.03718199608613,-0.6945849194409837,40.97264541551227,7.035941364164011
618.5,630.5,-3.141592653589793,34.0,7.0
616.0,911.5,-3.141592653589793,41.0,7.0
608.5,1048.5,-3.141592653589793,39.0,5.0
604.0,1185.5,-3.141592653589793,40.0,12.0
265.5,1605.5,-1.5707963267948966,40.0,8.0
