CoordX,CoordY,Orient,HalfLen,HalfWid
3159.5,1130.0,-1.5707963267948966,293.0,23.0
1022.0,891.5,-1.5707963267948966,45.0,23.0
561.5,991.0,-1.5707963267948966,53.0,8.0
1834.0,1158.0,-3.141592653589793,46.0,4.0
561.5,1262.0,-1.5707963267948966,47.0,8.0
1507.5,1441.5,0.0,50.0,24.0
1034.5,1535.0,-1.5707963267948966,45.0,10.0
1647.5,1619.0,-1.5707963267948966,29.0,24.0
