CoordX,CoordY,Orient,HalfLen,HalfWid
240.0,319.0,-1.5707963267948966,38.0,12.0
792.5,338.5,-1.5707963267948966,36.0,5.0
1096.0,385.5,-3.141592653589793,25.0,5.0
792.5,463.0,-1.5707963267948966,27.0,5.0
1092.0,551.5,-3.141592653589793,25.0,5.0
792.5,661.0,-1.5707963267948966,36.0,5.0
743.0,826.0,-3.141592653589793,36.0,7.0
