CoordX,CoordY,Orient,HalfLen,HalfWid
516.5,263.5,-1.5707963267948966,27.0,5.0
416.0,373.5,-3.141592653589793,34.0,5.0
49.5,614.5,-1.5707963267948966,39.0,15.0
626.5,748.0,-3.141592653589793,67.0,5.0
551.0,874.5,-1.5707963267948966,33.0,6.0
600.5,974.5,0.0,39.0,13.0
