CoordX,CoordY,Orient,HalfLen,HalfWid
978.5,281.5,-1.5707963267948966,35.0,8.0
1725.0,324.0,-1.5707963267948966,58.0,10.0
1168.0,333.5,-3.141592653589793,41.0,4.0
1380.857142857143,378.5975274725275,-2.3747078080180337,40.389810596562135,4.922836745644641
349.0,445.0,-1.5707963267948966,41.0,18.0
1380.0,448.5,-0.8094706452243858,40.44659054836927,5.961578381043769
1140.5,544.5,-1.5707963267948966,39.0,6.0
1056.5,720.5,-3.141592653589793,45.0,10.0
