CoordX,CoordY,Orient,HalfLen,HalfWid
1517.5,414.5,-3.141592653589793,41.0,4.0
1699.5,414.5,-3.141592653589793,41.0,4.0
706.0,458.0,-1.5707963267948966,41.0,17.0
962.5,464.0,-1.5707963267948966,40.0,4.0
1759.5,467.0,-1.5707963267948966,41.0,4.0
770.5,515.5,-3.141592653589793,41.0,4.0
1666.5,552.5,-3.141592653589793,41.0,4.0
770.0,721.5,-3.141592653589793,41.0,4.0
1545.5,895.0,0.0,45.0,17.0
