CoordX,CoordY,Orient,HalfLen,HalfWid
798.0,274.0,0.0,35.0,5.0
945.5,274.0,0.0,33.0,5.0
207.0,358.5,-1.5707963267948966,34.0,10.0
1022.0,394.0,-1.5707963267948966,35.0,5.0
1022.0,494.5,-1.5707963267948966,34.0,5.0
951.0,582.0,-3.141592653589793,34.0,10.0
