CoordX,CoordY,Orient,HalfLen,HalfWid
255.5,395.5,-1.5707963267948966,44.0,13.0
938.5,413.0,-1.5707963267948966,43.0,5.0
786.5,515.5,-1.5707963267948966,33.0,6.0
938.5,526.5,-1.5707963267948966,43.0,5.0
938.5,921.5,-1.5707963267948966,38.0,5.0
862.0,971.5,0.0,48.0,6.0
1216.5,1250.5,-3.141592653589793,31.0,5.0
