CoordX,CoordY,Orient,HalfLen,HalfWid
698.5,596.0,-3.141592653589793,40.0,14.0
643.0,778.5,-1.5707963267948966,46.0,6.0
695.0,833.0,-3.141592653589793,42.0,6.0
758.5,1041.0,0.0,41.0,10.0
519.0,1286.5,-1.5707963267948966,46.0,6.0
336.0,1296.0,1.5707963267948966,47.0,6.0
751.0,1351.0,0.0,58.0,6.0
519.0,1406.5,-1.5707963267948966,46.0,6.0
457.5,1509.0,-3.141592653589793,46.0,6.0
458.5,1639.0,0.0,46.0,14.0
121.0,1741.5,-1.5707963267948966,62.0,14.0
