CoordX,CoordY,Orient,HalfLen,HalfWid
486.0,529.0,0.0,37.0,19.0
651.5,542.5,-3.141592653589793,37.0,5.0
804.0,542.5,0.0,36.0,5.0
704.5,929.5,-1.5707963267948966,34.0,5.0
790.5,993.5,-3.141592653589793,35.0,5.0
591.5,1180.0,-3.141592653589793,41.0,11.0
