CoordX,CoordY,Orient,HalfLen,HalfWid
300.5,182.5,-1.5707963267948966,33.0,6.0
300.5,352.0,-1.5707963267948966,39.0,6.0
470.0,510.0,0.0,38.0,7.0
300.5,655.5,-1.5707963267948966,29.0,6.0
402.5,726.5,-3.141592653589793,40.0,7.0
