CoordX,CoordY,Orient,HalfLen,HalfWid
650.5,218.5,-1.5707963267948966,36.0,8.0
402.5,330.5,-3.141592653589793,41.0,5.0
586.0,330.5,-3.141592653589793,39.0,5.0
537.5,382.5,-1.5707963267948966,40.0,5.0
537.5,639.0,-1.5707963267948966,33.0,5.0
736.5,730.0,-3.141592653589793,34.0,5.0
537.5,852.0,-1.5707963267948966,41.0,5.0
479.5,1077.0,0.0,44.0,5.0
481.0,1217.0,0.0,45.0,18.0
