CoordX,CoordY,Orient,HalfLen,HalfWid
259.0,278.5,-1.5707963267948966,50.0,15.0
2089.0,565.0,0.0,43.0,7.0
750.5,669.5,-1.5707963267948966,51.0,18.0
2321.0,700.5,-1.5707963267948966,43.0,6.0
2272.0,758.5,-3.141592653589793,39.0,5.0
2150.0,820.0,-1.5707963267948966,44.0,7.0
2150.0,1070.5,-1.5707963267948966,44.0,7.0
649.5,1175.0,-1.5707963267948966,43.0,6.0
1869.5,1188.5,0.0,40.0,6.0
758.5,1331.0,-1.5707963267948966,43.0,6.0
861.5,1404.5,0.0,51.0,21.0
