CoordX,CoordY,Orient,HalfLen,HalfWid
496.0,212.5,0.0,44.0,10.0
374.0,713.0,-1.5707963267948966,30.0,6.0
181.5,805.0,0.0,27.0,6.0
374.0,855.5,-1.5707963267948966,37.0,6.0
545.0,858.0,-1.5707963267948966,33.0,6.0
593.5,994.5,-3.141592653589793,27.0,5.0
433.5,1050.5,-3.141592653589793,44.0,5.0
431.5,1175.0,-3.141592653589793,45.0,11.0
