CoordX,CoordY,Orient,HalfLen,HalfWid
702.5,260.0,0.0,43.0,26.0
399.5,556.0,-1.5707963267948966,37.0,8.0
243.0,607.5,-3.141592653589793,41.0,6.0
655.5,660.0,-1.5707963267948966,38.0,6.0
893.0,792.0,0.0,42.0,11.0
