CoordX,CoordY,Orient,HalfLen,HalfWid
429.5,280.5,-3.141592653589793,28.0,5.0
510.5,280.5,-3.141592653589793,26.0,5.0
1075.5,359.5,-1.5707963267948966,34.0,11.0
392.5,362.0,-1.5707963267948966,35.0,5.0
492.0,652.5,-1.5707963267948966,93.0,5.0
392.5,642.0,-1.5707963267948966,34.0,5.0
444.5,756.0,-3.141592653589793,34.0,9.0
