CoordX,CoordY,Orient,HalfLen,HalfWid
803.0,159.0,-3.141592653589793,45.0,25.0
508.5,421.5,-1.5707963267948966,47.0,5.0
374.5,559.5,0.0,33.0,6.0
509.0,758.0,-1.5707963267948966,37.0,6.0
662.5,834.0,-1.5707963267948966,31.0,7.0
661.5071335927367,956.4578469520104,-1.571699118199892,31.995473003071943,5.972011025150002
568.0,1152.5,-3.141592653589793,41.0,17.0
