CoordX,CoordY,Orient,HalfLen,HalfWid
1084.0,356.0,-1.5707963267948966,40.0,11.0
636.5,356.5,-1.5707963267948966,38.0,4.0
636.5,455.5,-1.5707963267948966,38.0,4.0
425.0,452.0,0.0,35.0,5.0
168.0,484.5,-3.141592653589793,41.0,7.0
553.5,510.0,0.0,30.0,5.0
