CoordX,CoordY,Orient,HalfLen,HalfWid
721.5,266.0,-1.5707963267948966,40.0,4.0
721.5,362.5,-1.5707963267948966,39.0,4.0
291.5,370.0,-1.5707963267948966,44.0,10.0
461.5,721.0,-1.5707963267948966,40.0,4.0
654.5,749.5,-1.5707963267948966,39.0,4.0
771.5,866.5,-3.141592653589793,45.0,10.0
