CoordX,CoordY,Orient,HalfLen,HalfWid
542.5,205.0,-3.141592653589793,39.0,15.0
693.5,470.5,-1.5707963267948966,41.0,4.0
400.5,688.0,-1.5707963267948966,30.0,4.0
255.5,748.5,-1.5707963267948966,40.0,4.0
567.5,779.5,-1.5707963267948966,40.0,4.0
320.0,947.5,0.0,47.0,14.0
