CoordX,CoordY,Orient,HalfLen,HalfWid
195.0,90.0,-3.141592653589793,73.0,5.0
251.0,787.5,-1.5707963267948966,39.0,4.0
315.0,863.5,0.0,45.0,5.0
