CoordX,CoordY,Orient,HalfLen,HalfWid
575.0,453.5,-1.5707963267948966,34.0,5.0
1178.0,492.5,-1.5707963267948966,38.0,11.0
230.0,510.5,0.0,33.0,10.0
575.0,626.5,-1.5707963267948966,33.0,5.0
232.0,708.5,0.0,30.0,5.0
164.0,709.0,-3.141592653589793,20.0,5.0
575.0,821.0,-1.5707963267948966,29.0,5.0
575.0,900.0,-1.5707963267948966,27.0,5.0
645.5,941.5,0.0,45.0,11.0
