CoordX,CoordY,Orient,HalfLen,HalfWid
249.5,200.5,-1.5707963267948966,35.0,11.0
970.0,369.0,-3.141592653589793,26.0,4.0
1013.0,412.5,-1.5707963267948966,30.0,4.0
908.0,531.0,-3.141592653589793,35.0,10.0
