CoordX,CoordY,Orient,HalfLen,HalfWid
1328.5,413.5,-1.5707963267948966,38.0,8.0
654.0,483.5,0.0,29.0,6.0
705.5,573.5,-1.5707963267948966,33.0,6.0
509.5,755.0,-1.5707963267948966,39.0,6.0
509.5,865.0,-1.5707963267948966,39.0,6.0
762.5,917.5,-3.141592653589793,42.0,6.0
