CoordX,CoordY,Orient,HalfLen,HalfWid
440.0,415.5,-1.5707963267948966,43.0,8.0
689.5,541.0,-3.141592653589793,41.0,8.0
307.5,576.0,-3.141592653589793,37.0,8.0
527.5,740.0,0.0,27.0,6.0
567.0,855.5,-1.5707963267948966,36.0,8.0
440.0,910.5,-1.5707963267948966,37.0,8.0
793.0,904.5,-3.141592653589793,24.0,7.0
566.5,931.0,-1.5707963267948966,22.0,7.0
504.0,962.0,0.0,38.0,7.0
568.0,1016.5,-1.5707963267948966,32.0,7.0
503.5,1069.0,0.0,40.0,9.0
