CoordX,CoordY,Orient,HalfLen,HalfWid
613.0,477.5,0.0,40.0,7.0
1347.5,530.5,-1.5707963267948966,43.0,7.0
484.5,589.5,-1.5707963267948966,49.0,7.0
756.0,656.0,0.0,40.0,7.0
562.5,818.5,0.0,44.0,7.0
