CoordX,CoordY,Orient,HalfLen,HalfWid
402.5,196.5,-1.5707963267948966,32.0,15.0
412.5,408.0,-1.5707963267948966,34.0,5.0
852.5,408.5,-3.141592653589793,33.0,5.0
950.0,1167.0,-1.5707963267948966,33.0,6.0
950.0,1334.0,-1.5707963267948966,33.0,6.0
874.5,1398.0,0.0,33.0,12.0
1076.5,1471.0,-1.5707963267948966,35.0,5.0
