CoordX,CoordY,Orient,HalfLen,HalfWid
867.5,290.0,-3.141592653589793,25.0,10.0
609.5,563.0,-1.5707963267948966,26.0,6.0
667.5,664.5,-3.141592653589793,40.0,5.0
609.5,764.5,-1.5707963267948966,25.0,6.0
866.0,842.5,0.0,26.0,5.0
652.5,1029.5,-3.141592653589793,25.0,6.0
887.0,1033.0,0.0,36.0,10.0
