CoordX,CoordY,Orient,HalfLen,HalfWid
504.5,258.0,0.0,41.0,16.0
409.0,835.0,-1.5707963267948966,33.0,5.0
735.0,813.0,0.0,32.0,5.0
547.0,919.5,-1.5707963267948966,41.0,5.0
361.0,979.0,0.0,32.0,7.0
488.5,978.0,-3.141592653589793,45.0,5.0
486.5,1161.0,-3.141592653589793,50.0,13.0
380.0,1452.5,-1.5707963267948966,39.0,9.0
