CoordX,CoordY,Orient,HalfLen,HalfWid
407.5,165.0,0.0,42.0,11.0
635.0,656.0,-1.5707963267948966,35.0,5.0
559.5,710.5,0.0,38.0,4.0
490.5,764.0,-1.5707963267948966,37.0,4.0
308.5,807.5,-1.5707963267948966,38.0,5.0
115.5,867.0,0.0,32.0,5.0
308.5,921.5,-1.5707963267948966,37.0,5.0
490.5,932.5,-1.5707963267948966,38.0,4.0
378.5,1058.0,0.0,47.0,5.0
376.5,1273.0,0.0,47.0,11.0
