CoordX,CoordY,Orient,HalfLen,HalfWid
376.5,406.5,-3.141592653589793,36.0,10.0
643.5,406.5,-3.141592653589793,42.0,10.0
1722.5,448.0,0.0,28.0,10.0
1419.5,549.5,-3.141592653589793,33.0,10.0
1517.5,549.5,0.0,32.0,10.0
1564.0,637.5,-1.5707963267948966,31.0,10.0
1774.5,687.5,-3.141592653589793,33.0,10.0
1564.0,745.0,-1.5707963267948966,37.0,10.0
1035.5,931.0,-1.5707963267948966,36.0,10.0
1505.0,939.0,0.0,44.0,10.0
1506.0,1078.5,-3.141592653589793,44.0,12.0
