CoordX,CoordY,Orient,HalfLen,HalfWid
764.5,316.0,-3.141592653589793,41.0,6.0
817.0,367.5,-1.5707963267948966,41.0,5.0
435.5,361.5,-3.141592653589793,42.0,7.0
817.0,472.0,-1.5707963267948966,42.0,5.0
958.0,795.5,-1.5707963267948966,38.0,18.0
779.5,802.0,-1.5707963267948966,31.0,6.0
707.5,957.5,-3.141592653589793,48.0,5.0
437.0,996.0,-1.5707963267948966,38.0,3.0
