CoordX,CoordY,Orient,HalfLen,HalfWid
745.0,260.5,0.0,41.0,14.0
629.0,585.5,0.0,41.0,5.0
731.0,585.5,0.0,41.0,5.0
576.5,727.5,-1.5707963267948966,41.0,5.0
399.5,741.5,-2.356194490192345,41.01219330881976,5.656854249492385
576.5,966.5,-1.5707963267948966,41.0,5.0
391.5,1015.5,-3.141592653589793,31.0,5.0
576.5,1073.0,-1.5707963267948966,41.0,5.0
635.5,1306.0,-3.141592653589793,46.0,15.0
405.5,1459.0,-1.5707963267948966,43.0,10.0
