CoordX,CoordY,Orient,HalfLen,HalfWid
897.0,331.0,-1.5707963267948966,40.0,11.0
393.5,422.0,0.0,37.0,9.0
284.5,426.0,-3.141592653589793,39.0,5.0
454.0,478.5,-1.5707963267948966,38.0,6.0
206.0,556.5,-1.5707963267948966,41.0,6.0
394.5,729.0,0.0,40.0,9.0
206.0,768.5,-1.5707963267948966,32.0,6.0
281.0,878.5,-3.141592653589793,46.0,8.0
