CoordX,CoordY,Orient,HalfLen,HalfWid
474.5,363.5,0.0,38.0,16.0
474.5,800.5,-3.141592653589793,41.0,5.0
600.4883990719258,873.546403712297,1.5506321344592244,38.91142036923007,5.232592872361366
423.0,880.5,-1.5707963267948966,30.0,5.0
181.0,921.5,-3.141592653589793,29.0,5.0
423.0,1052.0,-1.5707963267948966,42.0,5.0
643.0,1080.5,-3.141592653589793,29.0,5.0
602.0,1126.0,-1.5707963267948966,36.0,6.0
485.5,1190.0,-3.141592653589793,44.0,6.0
486.0,1334.5,-3.141592653589793,44.0,16.0
