CoordX,CoordY,Orient,HalfLen,HalfWid
1185.0,782.0,0.0,44.0,16.0
1667.5,782.0,0.0,41.0,16.0
963.0,875.0,-1.5707963267948966,44.0,16.0
862.5,970.0,-3.141592653589793,44.0,16.0
