CoordX,CoordY,Orient,HalfLen,HalfWid
351.5,250.0,0.0,45.0,16.0
286.02370689655174,406.39870689655174,1.4836776071737352,45.82554793794031,5.0504828286867305
311.3363949483352,697.7588978185993,-1.6528820016851398,45.845111665347,4.604347871442629
221.0,766.5,3.0425076253887378,35.72450039286872,4.556322165949462
306.0,1019.5,1.4987910864147773,40.749872374921715,5.1015485434727035
388.0,1152.0,-3.141592653589793,46.0,10.0
