CoordX,CoordY,Orient,HalfLen,HalfWid
501.5,342.0,0.0,40.0,12.0
405.0,616.5,-1.5707963267948966,40.0,6.0
214.0,857.5,-1.5707963267948966,35.0,5.0
701.5,876.5,0.0,57.0,4.0
164.0,911.5,-3.141592653589793,41.0,4.0
405.0,969.0,-1.5707963267948966,41.0,6.0
503.5,1180.5,0.0,45.0,9.0
