CoordX,CoordY,Orient,HalfLen,HalfWid
463.5,157.0,0.0,35.0,15.0
387.0,307.5,-1.5707963267948966,45.0,5.0
319.0,477.0,0.0,31.0,5.0
195.0,664.0,0.0,32.0,5.0
387.0,763.5,-1.5707963267948966,52.0,5.0
239.0,746.5,-1.5707963267948966,31.0,5.0
350.5,822.0,-3.141592653589793,29.0,5.0
387.0,996.5,-1.5707963267948966,37.0,5.0
529.0,1037.5,-1.5707963267948966,38.0,5.0
463.0,1166.0,-3.141592653589793,42.0,5.0
465.5,1247.5,-3.141592653589793,40.0,18.0
