CoordX,CoordY,Orient,HalfLen,HalfWid
342.0,191.5,0.0,37.0,10.0
244.5,310.5,-1.5707963267948966,34.0,6.0
178.0,576.0,0.0,32.0,5.0
172.0,738.0,-3.141592653589793,44.0,7.0
