CoordX,CoordY,Orient,HalfLen,HalfWid
417.5,445.5,0.0,41.0,3.0
350.5,562.5,-1.5707963267948966,37.0,2.0
860.5,572.5,-1.5707963267948966,41.0,9.0
469.5,679.0,-1.5707963267948966,42.0,4.0
194.0,927.0,0.0,46.0,6.0
418.0,927.5,0.0,42.0,6.0
