CoordX,CoordY,Orient,HalfLen,HalfWid
749.5,327.0,0.0,43.0,18.0
437.5,524.5,-1.5707963267948966,63.0,5.0
437.5,896.5,-1.5707963267948966,28.0,5.0
851.0,949.5,-1.5707963267948966,41.0,6.0
437.5,969.5,-1.5707963267948966,27.0,5.0
976.5,999.5,-3.141592653589793,41.0,5.0
483.5,1003.5,-3.141592653589793,32.0,5.0
661.0,1003.5,0.0,32.0,5.0
761.5,1163.0,0.0,48.0,16.0
693.0,1269.0,-1.5707963267948966,44.0,7.0
