CoordX,CoordY,Orient,HalfLen,HalfWid
295.0,597.0,-1.5707963267948966,42.0,5.0
738.0,649.0,-1.5707963267948966,41.0,6.0
295.0,700.5,-1.5707963267948966,41.0,5.0
739.5,1090.0,-1.5707963267948966,42.0,5.0
648.0,1179.5,-3.141592653589793,42.0,9.0
