CoordX,CoordY,Orient,HalfLen,HalfWid
383.5,197.5,-3.141592653589793,33.0,11.0
231.0,669.0,-1.5707963267948966,34.0,5.0
393.0,685.5,-1.5707963267948966,33.0,5.0
179.5,795.0,0.0,33.0,5.0
336.0449438202247,795.0056179775281,3.141172537106308,40.001676935927364,5.016384101129313
337.5,916.5,-3.141592653589793,38.0,11.0
521.0,984.0,-1.5707963267948966,43.0,5.0
