CoordX,CoordY,Orient,HalfLen,HalfWid
186.5,146.5,-1.5707963267948966,28.0,4.0
491.5,167.5,-1.5707963267948966,28.0,5.0
393.0,455.5,-1.5707963267948966,39.0,6.0
519.5,641.0,-3.141592653589793,40.0,15.0
446.0,698.5,-1.5707963267948966,33.0,9.0
