CoordX,CoordY,Orient,HalfLen,HalfWid
569.0,295.5,-3.141592653589793,38.0,5.0
692.5,295.5,-3.141592653589793,31.0,5.0
493.5,357.0,-1.5707963267948966,40.0,4.0
1383.0,359.5,-1.5707963267948966,41.0,7.0
461.0,403.5,0.0,24.0,3.0
493.5,516.0,-1.5707963267948966,40.0,4.0
676.5,616.5,-3.141592653589793,29.0,5.0
553.0,731.5,0.0,44.0,10.0
