CoordX,CoordY,Orient,HalfLen,HalfWid
396.5,458.0,-3.141592653589793,42.0,6.0
1044.5,525.0,-1.5707963267948966,43.0,17.0
638.5,583.0,-3.141592653589793,39.0,5.0
315.0,712.0,-1.5707963267948966,43.0,5.0
376.0,896.0,0.0,43.0,7.0
230.0,939.0,0.0,49.0,11.0
