CoordX,CoordY,Orient,HalfLen,HalfWid
445.5,315.5,-3.141592653589793,39.0,11.0
378.0,463.5,-1.5707963267948966,39.0,6.0
378.0,575.5,-1.5707963267948966,39.0,6.0
499.0,930.5,-3.141592653589793,40.0,11.0
383.5,992.0,-1.5707963267948966,40.0,11.0
