CoordX,CoordY,Orient,HalfLen,HalfWid
607.5,344.5,-1.5707963267948966,23.0,5.0
240.0,349.0,-1.5707963267948966,24.0,11.0
443.5,546.0,-1.5707963267948966,23.0,4.0
637.0,676.0,-3.141592653589793,32.0,11.0
