CoordX,CoordY,Orient,HalfLen,HalfWid
766.0,273.5,-3.141592653589793,38.0,5.0
952.5,273.5,-3.141592653589793,36.0,5.0
247.5,312.0,-1.5707963267948966,39.0,10.0
672.5,332.0,-1.5707963267948966,38.0,5.0
1015.5,340.0,-1.5707963267948966,38.0,5.0
1015.5,446.5,-1.5707963267948966,38.0,5.0
247.5,468.5,-1.5707963267948966,37.0,10.0
926.5,745.5,0.0,37.0,10.0
