CoordX,CoordY,Orient,HalfLen,HalfWid
279.0,205.0,-3.141592653589793,39.0,11.0
187.5,369.5,-3.141592653589793,31.0,6.0
915.0,548.0,0.0,41.0,5.0
1014.5,548.0,-3.141592653589793,40.0,5.0
865.5,653.0,-1.5707963267948966,31.0,5.0
145.0,633.5,0.0,33.0,5.0
914.5,732.5,-3.141592653589793,39.0,5.0
167.5,884.5,-3.141592653589793,40.0,5.0
167.0,1020.0,-3.141592653589793,40.0,14.0
813.5,1026.5,-3.141592653589793,39.0,14.0
