CoordX,CoordY,Orient,HalfLen,HalfWid
502.5,544.0,0.0,41.0,13.0
794.5,691.0,0.0,28.0,6.0
777.0,809.0,0.0,37.0,6.0
679.0,874.0,-1.5707963267948966,38.0,10.0
297.5,933.5,0.0,22.0,2.0
616.0,933.5,-3.141592653589793,22.0,2.0
785.5,994.5,0.0,41.0,10.0
