CoordX,CoordY,Orient,HalfLen,HalfWid
220.0,410.5,-1.5707963267948966,40.0,13.0
814.5,398.5,-3.141592653589793,34.0,5.0
934.5,462.0,-1.5707963267948966,40.0,5.0
769.5,462.5,-1.5707963267948966,38.0,5.0
769.5,601.0,-1.5707963267948966,31.0,5.0
769.5,759.5,-1.5707963267948966,39.0,5.0
934.5,763.5,-1.5707963267948966,37.0,5.0
934.5,866.5,-1.5707963267948966,39.0,5.0
878.5,1195.0,-3.141592653589793,39.0,9.0
