CoordX,CoordY,Orient,HalfLen,HalfWid
441.5,228.0,-1.5707963267948966,47.0,20.0
425.5,368.5,-1.5707963267948966,45.0,4.0
728.0,639.5,0.0,30.0,5.0
495.5,690.0,-1.5707963267948966,42.0,4.0
249.5,709.5,-1.5707963267948966,41.0,5.0
181.0,825.5,-3.141592653589793,46.0,10.0
