CoordX,CoordY,Orient,HalfLen,HalfWid
635.0,433.0,0.0,48.0,22.0
759.5,580.0,-1.5699673744844445,44.004129643515924,4.963524384612616
893.0,641.0,-3.141592653589793,33.0,5.0
794.0,850.5,-1.5707963267948966,41.0,5.0
985.0,979.0,0.0,40.0,7.0
684.5,1143.5,-3.141592653589793,47.0,11.0
