CoordX,CoordY,Orient,HalfLen,HalfWid
510.5,447.5,-3.141592653589793,39.0,16.0
458.5,658.5,-1.5707963267948966,60.0,4.0
401.0,812.5,0.0,39.0,4.0
458.5,867.5,-1.5707963267948966,46.0,4.0
458.5,1038.5,-1.5707963267948966,40.0,4.0
230.5,1003.5,-3.141592653589793,30.0,4.0
270.5,1070.5,-1.5707963267948966,39.0,4.0
389.5,1118.5,0.0,40.0,4.0
391.0,1292.0,-3.141592653589793,41.0,16.0
