CoordX,CoordY,Orient,HalfLen,HalfWid
401.5,226.5,-1.5707963267948966,79.0,5.0
756.5,464.0,0.0,40.0,10.0
863.0,464.0,-3.141592653589793,39.0,10.0
914.5,576.5,-1.5707963267948966,33.0,5.0
859.5,741.5,-3.141592653589793,44.0,9.0
