CoordX,CoordY,Orient,HalfLen,HalfWid
447.0,309.5,-3.141592653589793,46.0,14.0
567.0,815.0,-1.5707963267948966,37.0,5.0
247.5,902.5,-3.141592653589793,36.0,5.0
389.5,949.5,-1.5707963267948966,38.0,5.0
615.2094175960347,1078.0433705080545,0.0033269920250622335,36.01643568985389,5.096454918569958
541.6630076838638,1112.5323819978046,2.2795855988092075,34.2760196297584,6.827846266149731
450.5,1149.5,-3.141592653589793,43.0,4.0
451.0,1275.5,-3.1407925390561626,45.00958696925639,11.963991008728875
604.5,1433.5,-3.141592653589793,44.0,6.0
