CoordX,CoordY,Orient,HalfLen,HalfWid
1179.0,354.5,-1.5707963267948966,42.0,9.0
564.0,490.5,-3.141592653589793,36.0,7.0
521.5,600.5,-1.5707963267948966,40.0,5.0
532.0,979.0,-1.5707963267948966,35.0,5.0
391.3806179775281,981.6165730337078,0.8668062198123622,36.57552091186552,5.046826946596643
644.5,1086.0,0.0,40.0,8.0
