CoordX,CoordY,Orient,HalfLen,HalfWid
304.0,312.0,-1.5707963267948966,86.0,6.0
72.0,505.0,-3.141592653589793,30.0,6.0
304.0,645.5,-1.5707963267948966,29.0,6.0
450.0,717.0,-1.5707963267948966,40.0,6.0
304.0,738.0,-1.5707963267948966,40.0,6.0
366.0,886.0,0.0,44.0,6.0
366.0,1002.5,0.0,44.0,14.0
