CoordX,CoordY,Orient,HalfLen,HalfWid
385.5,361.0,-3.141592653589793,39.0,5.0
487.5,361.0,-3.141592653589793,39.0,5.0
539.0,420.5,-1.5707963267948966,29.0,5.0
719.0,423.5,-1.5707963267948966,30.0,6.0
338.0,470.0,-1.5707963267948966,34.0,5.0
169.05359877488516,486.7840735068913,-1.5657706796140576,29.024761902518303,5.110500629865435
902.5,526.0,0.0,40.0,8.0
128.0,973.0,0.0,46.0,8.0
