CoordX,CoordY,Orient,HalfLen,HalfWid
952.5,643.5,-3.141592653589793,47.0,18.0
481.5,772.0,-1.5707963267948966,44.0,7.0
1051.5,1260.5,-1.5707963267948966,36.0,6.0
430.5,1246.0,0.0,38.0,4.0
841.5,1352.5,-1.5707963267948966,41.0,6.0
1289.5,1360.5,-3.141592653589793,31.0,6.0
1051.5,1410.5,-1.5707963267948966,41.0,6.0
409.0,1658.5,-3.141592653589793,43.0,18.0
987.0,1658.5,-3.141592653589793,49.0,18.0
