CoordX,CoordY,Orient,HalfLen,HalfWid
617.0,236.5,-3.141592653589793,41.0,7.0
749.5,361.5,-1.5707963267948966,43.0,5.0
749.5,725.5,-1.5707963267948966,42.0,5.0
340.5,845.0,-3.141592653589793,45.0,8.0
515.0,845.0,0.0,38.0,8.0
