CoordX,CoordY,Orient,HalfLen,HalfWid
728.5,291.0,0.0,41.0,21.0
429.5,506.5,-1.5707963267948966,41.0,4.0
1118.0,563.5,-3.141592653589793,42.0,4.0
429.5,612.5,-1.5707963267948966,42.0,4.0
1125.5,681.5,0.0,42.0,4.0
595.5,747.0,-1.5707963267948966,40.0,4.0
869.5,772.0,-1.5707963267948966,42.0,4.0
1129.0,1003.0,-3.141592653589793,47.0,11.0
