CoordX,CoordY,Orient,HalfLen,HalfWid
889.0,277.0,0.0,40.0,5.0
941.0,357.5,-1.5707963267948966,38.0,4.0
520.0,338.0,0.0,70.0,5.0
317.0,412.5,-1.5707963267948966,40.0,15.0
1201.0,406.5,0.0,35.0,6.0
1122.0,565.0,-1.5707963267948966,32.0,9.0
941.0,593.5,-1.5707963267948966,37.0,4.0
848.0,707.5,-3.141592653589793,46.0,7.0
