CoordX,CoordY,Orient,HalfLen,HalfWid
202.0,263.0,-1.5707963267948966,41.0,11.0
980.0,394.0,-1.5707963267948966,41.0,5.0
495.0,700.0,-3.141592653589793,35.0,12.0
1047.0,718.0,-3.141592653589793,39.0,5.0
1095.0,768.0,1.5707963267948966,39.0,5.0
655.0,896.0,-3.141592653589793,29.0,5.0
538.0,952.5,-1.5707963267948966,39.0,5.0
480.0,1004.0,-3.141592653589793,39.0,5.0
711.0,1006.5,0.0,30.0,5.0
916.0,1017.0,-3.141592653589793,41.0,16.0
