CoordX,CoordY,Orient,HalfLen,HalfWid
667.5,606.5,0.0,80.0,16.0
470.0,1149.0,-1.5707963267948966,41.0,7.0
761.5,1172.0,0.0,41.0,7.0
1014.0,1223.0,-1.5707963267948966,46.0,7.0
588.5,1351.0,0.0,46.0,11.0
1014.0,1415.0,-1.5707963267948966,44.0,7.0
866.0,1560.5,-1.5707963267948966,39.0,7.0
925.5,1623.0,0.0,44.0,7.0
1339.5,1761.0,-1.5707963267948966,47.0,16.0
809.0,1781.0,0.0,40.0,7.0
