CoordX,CoordY,Orient,HalfLen,HalfWid
327.9964398734177,453.02650316455697,1.5709613134914728,66.00148398198232,9.010724012736055
1090.0,519.0,-1.5707963267948966,64.0,9.0
1586.0,617.0,0.0,35.0,9.0
1134.0,732.0,-1.5707963267948966,43.0,9.0
1585.5,928.0,0.0,35.0,9.0
1235.5,995.0,-3.141592653589793,39.0,9.0
1134.0,1053.0,-1.5707963267948966,45.0,9.0
1034.0,1112.0,0.0,66.0,9.0
1357.0,1170.5,-1.5707963267948966,44.0,9.0
1134.0,1179.5,-1.5707963267948966,39.0,9.0
