CoordX,CoordY,Orient,HalfLen,HalfWid
1353.0,379.5,-1.5707963267948966,46.0,18.0
346.0,473.5,0.0,43.0,8.0
514.0,473.5,-3.141592653589793,42.0,8.0
256.5,558.0,-1.5707963267948966,36.0,5.0
881.0,607.0,-1.5707963267948966,40.0,7.0
312.5,663.0,0.0,45.0,10.0
643.5,660.0,0.0,38.0,7.0
