CoordX,CoordY,Orient,HalfLen,HalfWid
1039.5,350.0,-3.141592653589793,40.0,5.0
610.0,370.0,0.0,40.0,5.0
250.5,477.0,-1.5707963267948966,45.0,20.0
1138.5,695.0,0.0,46.0,10.0
