CoordX,CoordY,Orient,HalfLen,HalfWid
278.0,253.5,-1.5707963267948966,47.0,16.0
1304.5,545.5,0.0,46.0,7.0
424.0,556.0,0.0,37.0,14.0
1074.5,691.0,-1.5707963267948966,37.0,5.0
1363.5,721.0,-1.5707963267948966,46.0,6.0
1159.0,781.0,0.0,47.0,7.0
278.0,847.0,-1.5707963267948966,47.0,16.0
563.5,853.5,-1.5707963267948966,47.0,7.0
1158.0,988.0,0.0,46.0,16.0
