CoordX,CoordY,Orient,HalfLen,HalfWid
1229.0,321.0,-1.5707963267948966,40.0,12.0
599.0,296.0,0.0,35.0,5.0
694.0,366.0,-1.5707963267948966,41.0,5.0
493.0,367.5,-1.5707963267948966,41.0,5.0
493.0,686.0,-1.5707963267948966,40.0,5.0
186.5,741.5,-3.141592653589793,31.0,7.0
559.5,741.5,-3.141592653589793,40.0,7.0
