CoordX,CoordY,Orient,HalfLen,HalfWid
1005.7853795688848,388.0299906279288,-2.3632718637026597,40.34911685997411,7.502736856212144
306.4934626739772,400.0164487557992,-1.5702241944903073,39.00800346878764,14.978256518596465
1210.0,423.5,-3.141592653589793,30.0,6.0
894.2432683379759,524.7307335190344,0.7712250351768792,39.6942184356678,7.226206500547732
1004.5,576.0,-3.141592653589793,44.0,15.0
745.2927536231884,587.9753623188406,2.169935350784149,27.231130782165433,6.665898677820175
