CoordX,CoordY,Orient,HalfLen,HalfWid
1047.0,402.5,-1.5707963267948966,41.0,18.0
448.0,422.5,0.0,35.0,5.0
405.0,549.5,-1.5707963267948966,34.0,5.0
501.5,596.5,0.0,26.0,7.0
609.5,598.5,0.0,35.0,9.0
