CoordX,CoordY,Orient,HalfLen,HalfWid
269.0,362.0,-1.5707963267948966,40.0,9.0
813.5,348.0,-3.141592653589793,35.0,7.0
988.9671052631579,348.00657894736844,0.0005753296018685233,35.00344618484829,7.019560046869894
1040.0,406.5,-1.5707963267948966,39.0,7.0
744.0,424.5,-1.5707963267948966,39.0,7.0
286.0,475.5,-1.5707963267948966,26.0,6.0
1335.5,461.0,0.0,38.0,7.0
1040.0,588.0,-1.5707963267948966,40.0,7.0
968.5,749.5,0.0,43.0,10.0
