CoordX,CoordY,Orient,HalfLen,HalfWid
561.5,261.5,-3.141592653589793,29.0,5.0
677.5,261.5,-3.141592653589793,28.0,5.0
482.5,312.0,-1.5707963267948966,39.0,5.0
482.5,417.5,-1.5707963267948966,38.0,5.0
1226.0,414.0,-1.5707963267948966,35.0,14.0
613.5,664.5,-3.141592653589793,40.0,7.0
