CoordX,CoordY,Orient,HalfLen,HalfWid
695.5,312.0,-3.141592653589793,47.0,23.0
855.0,525.5,0.0,41.0,5.0
973.0,576.0,-1.5707963267948966,41.0,5.0
511.5,617.0,-1.5707963267948966,41.0,5.0
511.5,729.0,-1.5707963267948966,41.0,5.0
362.0,922.5,0.0,41.0,5.0
303.0,1026.0,-1.5707963267948966,41.0,5.0
352.5,1145.0,-3.141592653589793,41.0,23.0
674.5,1145.0,0.0,78.0,23.0
