CoordX,CoordY,Orient,HalfLen,HalfWid
276.5,226.5,0.0,32.0,14.0
995.5,554.0,0.0,32.0,5.0
1132.0,660.0,-1.5707963267948966,33.0,5.0
1023.5,740.0,-3.141592653589793,34.0,5.0
532.5,785.0,-3.141592653589793,38.0,5.0
231.5,809.0,0.0,33.0,5.0
1170.0,842.0,-3.141592653589793,28.0,5.0
374.0,894.5,-1.5707963267948966,42.0,5.0
241.5,954.0,0.0,35.0,5.0
893.0,1024.5,0.0,32.0,14.0
244.0,1031.0,0.0,36.0,14.0
