CoordX,CoordY,Orient,HalfLen,HalfWid
175.5,63.5,0.0,78.0,12.0
260.0,779.0,-1.5707963267948966,41.0,8.0
333.5,852.0,-3.141592653589793,47.0,10.0
