CoordX,CoordY,Orient,HalfLen,HalfWid
614.5,281.0,-1.5707963267948966,34.0,6.0
614.5,410.5,-1.5707963267948966,39.0,6.0
676.5,775.0,0.0,40.0,10.0
745.5,914.0,-1.5707963267948966,45.0,12.0
428.0,916.0,-1.5707963267948966,40.0,6.0
