CoordX,CoordY,Orient,HalfLen,HalfWid
426.5,225.5,-3.141592653589793,41.0,7.0
249.0,765.5,0.0,31.0,6.0
416.5,765.5,0.0,36.0,6.0
568.0,765.5,0.0,36.0,6.0
622.5,842.5,-1.5707963267948966,31.0,6.0
351.5,856.0,-1.5707963267948966,32.0,6.0
571.0,928.5,0.0,38.0,6.0
351.5,1076.0,-1.5707963267948966,37.0,6.0
408.5,1262.5,-3.141592653589793,41.0,6.0
412.0,1412.5,0.0,42.0,6.0
