CoordX,CoordY,Orient,HalfLen,HalfWid
636.5289648622982,171.0075973409307,3.140808302689387,30.006265578465317,8.0227437129543
558.5,379.5,0.0,40.0,3.0
559.0,517.5,0.0,40.0,7.0
