CoordX,CoordY,Orient,HalfLen,HalfWid
481.5,163.5,0.0,40.0,6.0
621.5,300.0,0.0,42.0,5.0
518.5,748.0,0.0,36.0,17.0
698.5,1066.0,-3.141592653589793,35.0,8.0
349.0,1108.5,-1.5707963267948966,30.0,5.0
444.0,1363.5,-1.5707963267948966,35.0,7.0
581.0,1364.5,-1.5707963267948966,35.0,8.0
513.0,1442.0,0.0,40.0,7.0
513.0,1596.0,-3.141592653589793,41.0,17.0
