CoordX,CoordY,Orient,HalfLen,HalfWid
301.0,396.5,-3.141592653589793,44.0,9.0
529.5,922.5,0.0,33.0,3.0
247.5,976.5,-1.5707963267948966,43.0,3.0
164.0,1108.5,-3.141592653589793,50.0,10.0
