CoordX,CoordY,Orient,HalfLen,HalfWid
993.4759589411129,805.9945975148569,3.14113937720437,43.99591599256237,10.980507986067105
838.5,830.0,3.123762993672204,42.90402182410937,6.250081349540365
443.54253112033194,838.0114107883818,-0.019694982181481763,39.9134675684985,6.230587771672474
258.23943661971833,937.9133261105092,-2.6197790069360942,43.56184451500516,11.095961103329902
762.0,999.5,-1.5707963267948966,53.0,6.0
