CoordX,CoordY,Orient,HalfLen,HalfWid
342.5,389.5,0.0,32.0,9.0
617.0,743.0,-3.141592653589793,27.0,5.0
676.0,782.5,-1.5707963267948966,26.0,5.0
415.0,834.0,-1.5707963267948966,27.0,5.0
625.0,868.0,-3.141592653589793,26.0,5.0
415.0,961.0,-1.5707963267948966,27.0,5.0
157.5,947.0,0.0,26.0,5.0
484.0,1010.0,-3.141592653589793,33.0,5.0
488.5,1150.5,0.0,33.0,9.0
389.0,1270.0,-1.5707963267948966,33.0,4.0
