CoordX,CoordY,Orient,HalfLen,HalfWid
641.0,470.5,-3.141592653589793,43.0,17.0
862.5,883.5,-1.5707963267948966,37.0,5.0
390.5,908.5,-3.141592653589793,37.0,5.0
680.5,957.5,-1.5707963267948966,36.0,5.0
862.5,1088.5,-1.5707963267948966,36.0,5.0
917.0,1178.0,-3.141592653589793,35.0,8.0
801.0,1183.5,-3.141592653589793,42.0,5.0
799.5,1350.5,0.0,43.0,17.0
779.5,1682.0,-1.5707963267948966,39.0,7.0
