CoordX,CoordY,Orient,HalfLen,HalfWid
388.0,633.5,-1.5707963267948966,35.0,15.0
617.0,719.0,-3.141592653589793,44.0,15.0
