CoordX,CoordY,Orient,HalfLen,HalfWid
452.0,232.5,-3.141592653589793,28.0,4.0
365.5,274.5,-1.5707963267948966,34.0,4.0
939.5,279.5,-1.5707963267948966,35.0,9.0
365.5,367.5,-1.5707963267948966,34.0,4.0
629.0,459.5,-1.5707963267948966,30.0,4.0
563.0,497.0,-3.141592653589793,25.0,3.0
412.5,594.0,0.0,33.0,6.0
