CoordX,CoordY,Orient,HalfLen,HalfWid
1389.5,246.0,0.0,41.0,7.0
1297.0,516.0,-1.5707963267948966,37.0,7.0
1080.164113785558,751.8566739606127,-0.6514944168157446,31.858133956620982,7.276504926393665
1297.0,797.0,-1.5707963267948966,37.0,7.0
1228.0,1005.5,-1.5707963267948966,36.0,7.0
1405.88285960379,1005.2110249784669,1.9306187718018466,34.18498244363371,8.579944482020963
1337.0,1058.0,-3.141592653589793,40.0,6.0
1339.5,1197.0,-3.141592653589793,40.0,7.0
