CoordX,CoordY,Orient,HalfLen,HalfWid
282.5,304.0,0.0,38.0,16.0
503.0,577.0,-1.5707963267948966,37.0,4.0
503.0,707.5,-1.5707963267948966,37.0,4.0
612.0,816.5,-3.141592653589793,33.0,7.0
366.5,996.0,0.0,41.0,9.0
