CoordX,CoordY,Orient,HalfLen,HalfWid
487.5,537.5,0.0,38.0,9.0
437.0,1206.5,-1.5707963267948966,33.0,5.0
273.5,1249.0,-2.3907482048495465,29.193927227234745,5.948353336473707
437.0,1351.5,-1.5707963267948966,29.0,5.0
437.0,1592.5,-1.5707963267948966,40.0,5.0
490.0,1643.5,0.0,41.0,5.0
492.0,1762.5,0.0,39.0,12.0
415.0,2035.0,-1.5707963267948966,37.0,7.0
