CoordX,CoordY,Orient,HalfLen,HalfWid
323.0,332.5,-1.5707963267948966,32.0,7.0
1536.0,419.0,-3.141592653589793,33.0,7.0
1531.0,513.0,-3.141592653589793,33.0,7.0
704.0,541.0,-1.5707963267948966,32.0,7.0
492.0,565.5,-1.5707963267948966,33.0,7.0
245.0,552.0,-3.141592653589793,33.0,7.0
1464.0,601.0,-1.5707963267948966,32.0,7.0
755.0,713.0,0.0,37.0,7.0
