CoordX,CoordY,Orient,HalfLen,HalfWid
580.0,48.0,0.0,47.0,4.0
415.0,258.5,-1.5707963267948966,42.0,4.0
373.5,1105.0,0.0,36.0,9.0
1002.5,1471.0,0.0,37.0,5.0
1099.5,1471.0,0.0,37.0,5.0
203.0,1516.0,-1.5707963267948966,35.0,5.0
1148.0,1554.0,-1.5707963267948966,29.0,4.0
1093.0,1595.0,-3.141592653589793,33.0,5.0
1002.5,1693.0,0.0,36.0,4.0
535.0,1798.5,-1.5707963267948966,30.0,5.0
1136.0,1887.5,0.0,35.0,6.0
483.0,2066.5,0.0,42.0,12.0
