CoordX,CoordY,Orient,HalfLen,HalfWid
1375.0,287.5,-1.5707963267948966,69.0,8.0
946.0,476.0,-3.141592653589793,76.0,11.0
1375.0,605.0,-1.5707963267948966,53.0,8.0
1268.5,1060.0,-1.5707963267948966,70.0,9.0
1268.5,1231.0,-1.5707963267948966,65.0,9.0
1181.5,1514.0,0.0,69.0,11.0
