CoordX,CoordY,Orient,HalfLen,HalfWid
588.5,206.5,0.0,33.0,3.0
780.1788079470199,206.52317880794703,3.139191788174332,28.00712189119926,3.064814657714199
443.5,247.0,-1.5707963267948966,32.0,3.0
1326.0,264.0,-1.5707963267948966,43.0,8.0
550.0,347.0,-1.5707963267948966,39.0,4.0
788.5,448.5,-3.141592653589793,44.0,9.0
