CoordX,CoordY,Orient,HalfLen,HalfWid
490.5,532.5,0.0,39.0,15.0
406.5,953.0,-3.141592653589793,83.0,4.0
494.5,1002.0,-1.5707963267948966,35.0,3.0
318.5,998.0,-1.5707963267948966,30.0,3.0
318.5,1136.0,-1.5707963267948966,35.0,3.0
494.5,1167.5,-1.5707963267948966,39.0,3.0
274.5,1320.5,-3.141592653589793,30.0,4.0
437.0,1365.5,-3.141592653589793,43.0,3.0
416.5,1502.5,-3.141592653589793,43.0,13.0
281.0,1680.5,-1.5707963267948966,39.0,5.0
