CoordX,CoordY,Orient,HalfLen,HalfWid
191.5,81.5,0.0,18.0,3.0
231.5,540.0,-3.141592653589793,41.0,5.0
347.5,538.5,-3.141592653589793,24.0,3.0
314.0,631.0,-1.5707963267948966,24.0,4.0
171.0,677.0,-1.5707963267948966,32.0,5.0
314.0,695.0,-1.5707963267948966,24.0,4.0
232.0,796.0,0.0,42.0,7.0
