CoordX,CoordY,Orient,HalfLen,HalfWid
670.0,261.0,-3.141592653589793,41.0,17.0
880.5,261.0,0.0,40.0,17.0
805.0,325.5,-1.5707963267948966,41.0,5.0
1102.5,504.0,0.0,38.0,15.0
504.0,719.5,-1.5707963267948966,42.0,5.0
709.5,770.0,0.0,33.0,5.0
866.0,773.0,-3.141592653589793,42.0,5.0
504.0,825.0,-1.5707963267948966,43.0,5.0
322.5,854.5,-1.5707963267948966,42.0,5.0
860.0,961.0,0.0,43.0,9.0
378.0,1146.0,0.0,45.0,17.0
