CoordX,CoordY,Orient,HalfLen,HalfWid
658.5,290.0,-3.141592653589793,44.0,20.0
548.0,547.5,-1.5707963267948966,40.0,6.0
443.5,816.5,-3.141592653589793,34.0,8.0
499.0,992.0,-1.5707963267948966,40.0,6.0
596.0,1134.5,-3.141592653589793,46.0,19.0
