CoordX,CoordY,Orient,HalfLen,HalfWid
1005.5,492.0,0.0,35.0,5.0
313.0,548.0,-1.5707963267948966,36.0,7.0
1062.0,574.0,-1.5707963267948966,33.0,5.0
887.5,651.0,-3.141592653589793,40.0,7.0
