CoordX,CoordY,Orient,HalfLen,HalfWid
659.0,269.0,0.0,45.0,9.0
581.5,335.5,-1.5707963267948966,36.0,9.0
320.5,565.5,0.0,40.0,4.0
458.0,565.5,0.0,36.0,4.0
272.5,613.5,-1.5707963267948966,34.0,4.0
581.5,666.0,-1.5707963267948966,43.0,9.0
513.5,727.5,-3.141592653589793,45.0,8.0
