CoordX,CoordY,Orient,HalfLen,HalfWid
254.5,395.5,0.0,37.0,4.0
410.5,395.5,-3.141592653589793,35.0,4.0
517.0,466.5,-1.5707963267948966,29.0,4.0
204.5,475.5,-1.5707963267948966,31.0,3.0
364.5,604.5,-1.5707963267948966,52.0,5.0
517.0,603.0,-1.5707963267948966,31.0,4.0
555.3712948517941,759.0280811232449,-0.002822203375611838,28.01399949057359,5.07900167755157
416.0,758.5,-3.141592653589793,41.0,3.0
418.0,917.0,-3.141592653589793,38.0,14.0
529.0,1282.0,-1.5707963267948966,37.0,7.0
