CoordX,CoordY,Orient,HalfLen,HalfWid
1063.0,1260.0,0.0,42.0,11.0
629.5,1571.0,-1.5707963267948966,39.0,11.0
1884.0,1604.0,-3.141592653589793,39.0,5.0
2115.5,1697.0,-1.5707963267948966,86.0,5.0
1226.0,1791.0,0.0,39.0,6.0
1769.5,1791.0,-3.141592653589793,57.0,6.0
2036.5,1791.0,-3.141592653589793,30.0,6.0
1465.0,1927.0,-1.5707963267948966,33.0,6.0
1761.5,1990.5,0.0,43.0,11.0
