CoordX,CoordY,Orient,HalfLen,HalfWid
304.0,300.5,-3.141592653589793,39.0,11.0
289.5,1086.5,-1.5707963267948966,38.0,5.0
208.0,1190.5,0.0,42.0,10.0
