CoordX,CoordY,Orient,HalfLen,HalfWid
434.5,440.0,-1.5707963267948966,41.0,5.0
1030.5,507.5,0.0,40.0,14.0
328.5,515.5,-3.141592653589793,28.0,5.0
882.5,652.5,-1.5707963267948966,31.0,5.0
1030.5,697.5,0.0,38.0,5.0
434.5,793.0,-1.5707963267948966,40.0,5.0
517.0,922.5,0.0,45.0,5.0
677.5,922.5,-3.141592653589793,28.0,5.0
518.5,1066.0,0.0,45.0,14.0
