CoordX,CoordY,Orient,HalfLen,HalfWid
1198.0,1163.0,-3.141592653589793,45.0,15.0
1113.0,1333.5,-1.5707963267948966,85.0,5.0
1113.0,1746.0,-1.5707963267948966,40.0,5.0
1358.5,1814.0,0.0,30.0,5.0
1113.0,1915.5,-1.5707963267948966,39.0,5.0
1244.0,1925.5,-1.5707963267948966,39.0,5.0
1168.0,2106.0,0.0,45.0,5.0
1169.0,2227.0,-3.141592653589793,45.0,15.0
1112.0,2467.5,-1.5707963267948966,40.0,5.0
