CoordX,CoordY,Orient,HalfLen,HalfWid
631.0,342.5,-1.5707963267948966,39.0,15.0
277.0,441.5,0.0,44.0,3.0
333.0,706.5,-1.5707963267948966,42.0,5.0
579.9347826086956,810.7391304347826,1.5763903117336895,32.03306305320804,7.128551458514934
333.0,840.5,-1.5707963267948966,39.0,5.0
267.5,896.0,0.0,45.0,10.0
