CoordX,CoordY,Orient,HalfLen,HalfWid
498.0,309.5,-1.5707963267948966,34.0,12.0
239.5,382.0,0.0,47.0,8.0
790.5,484.0,0.0,43.0,12.0
1094.5,484.0,-3.141592653589793,44.0,12.0
1157.0,594.0,-1.5707963267948966,35.0,12.0
802.5,691.0,0.0,46.0,12.0
1091.5,691.0,-3.141592653589793,44.0,12.0
650.5,802.0,0.0,46.0,12.0
652.0,1029.0,-3.141592653589793,47.0,12.0
