CoordX,CoordY,Orient,HalfLen,HalfWid
658.5,358.5,0.0,39.0,15.0
593.0,457.0,-1.5707963267948966,45.0,6.0
367.0,871.0,-1.5707963267948966,30.0,6.0
660.5,918.0,-1.5707963267948966,30.0,7.0
253.0,973.5,-3.141592653589793,40.0,10.0
