CoordX,CoordY,Orient,HalfLen,HalfWid
764.5,73.5,-1.5707963267948966,21.0,4.0
707.5,433.0,0.0,26.0,6.0
765.0,569.0,0.0,27.0,6.0
760.0,616.0,-3.141592653589793,27.0,12.0
