CoordX,CoordY,Orient,HalfLen,HalfWid
425.5,193.0,0.0,37.0,18.0
451.5,636.0,-1.5707963267948966,40.0,5.0
237.5,708.0,-1.5707963267948966,31.0,3.0
237.5,786.5,-1.5707963267948966,30.0,3.0
292.5,879.0,0.0,41.0,9.0
400.5,879.0,0.0,40.0,9.0
