CoordX,CoordY,Orient,HalfLen,HalfWid
370.5,411.0,0.0,40.0,6.0
534.5,411.0,-3.141592653589793,42.0,6.0
210.0,498.0,-1.5707963267948966,43.0,6.0
612.0,987.0,-1.5707963267948966,34.0,6.0
612.0,1108.5,-1.5707963267948966,30.0,6.0
536.5,1186.5,0.0,43.0,7.0
