CoordX,CoordY,Orient,HalfLen,HalfWid
853.5,166.0,-1.5707963267948966,57.0,5.0
1095.0,345.5,0.0,36.0,5.0
316.5,415.5,-1.5707963267948966,44.0,15.0
1085.5,507.5,-1.5707963267948966,31.0,5.0
853.5,514.0,-1.5707963267948966,36.0,5.0
1030.0,603.5,-3.141592653589793,46.0,9.0
