CoordX,CoordY,Orient,HalfLen,HalfWid
293.5,84.5,-3.141592653589793,214.0,9.0
213.0,301.0,0.0,41.0,20.0
311.5,785.0,-1.5707963267948966,41.0,5.0
388.0,947.5,-3.141592653589793,46.0,10.0
