CoordX,CoordY,Orient,HalfLen,HalfWid
1173.5,362.0,-1.5707963267948966,41.0,7.0
450.5,367.5,-1.5707963267948966,43.0,6.0
986.5,420.5,-3.141592653589793,42.0,7.0
1264.0,420.5,-3.141592653589793,41.0,7.0
877.0,525.0,-1.5707963267948966,42.0,8.0
450.5,543.5,-1.5707963267948966,42.0,6.0
615.0,681.0,-1.5707963267948966,36.0,8.0
555.0,784.5,0.0,46.0,6.0
