CoordX,CoordY,Orient,HalfLen,HalfWid
194.0,203.5,0.0,29.0,4.0
556.5,344.5,-1.5707963267948966,36.0,4.0
476.5,395.5,-3.141592653589793,74.0,4.0
911.0,476.0,-1.5707963267948966,37.0,10.0
136.5,500.5,-3.141592653589793,28.0,4.0
349.5,500.5,0.0,37.0,4.0
129.5,627.5,-3.141592653589793,24.0,4.0
274.5,782.5,0.0,41.0,10.0
