CoordX,CoordY,Orient,HalfLen,HalfWid
1046.0,329.5,-1.5707963267948966,39.0,9.0
536.0,381.5,-1.5707963267948966,39.0,4.0
536.0,483.5,-1.5707963267948966,36.0,4.0
879.0,484.0,-1.5707963267948966,37.0,3.0
723.0,674.0,-1.5707963267948966,31.0,4.0
656.5,808.0,-3.141592653589793,44.0,8.0
