CoordX,CoordY,Orient,HalfLen,HalfWid
159.5,313.0,-1.5707963267948966,25.0,5.0
218.0,354.5,0.0,33.0,5.0
566.5,421.5,-1.5707963267948966,33.0,5.0
277.5,539.5,0.0,17.0,5.0
395.5,539.5,-3.141592653589793,33.0,5.0
166.5,744.0,0.0,37.0,16.0
