CoordX,CoordY,Orient,HalfLen,HalfWid
285.0,266.0,0.0,35.0,16.0
61.0,898.5,0.0,31.0,3.0
195.0,984.0,-1.5707963267948966,35.0,5.0
338.0,994.0,-0.8044925962229922,30.52155770260007,5.782258676923282
195.0,1151.5,-1.5707963267948966,36.0,5.0
138.5,1275.5,0.0,46.0,3.0
139.0,1412.5,-3.141592653589793,46.0,17.0
