CoordX,CoordY,Orient,HalfLen,HalfWid
477.0,327.5,-1.5707963267948966,33.0,10.0
589.0,543.0,-1.5707963267948966,56.0,5.0
589.0,776.5,-1.5707963267948966,33.0,5.0
338.0,797.0,-1.5707963267948966,34.0,5.0
532.5,906.0,-3.141592653589793,33.0,10.0
