CoordX,CoordY,Orient,HalfLen,HalfWid
961.5,347.5,0.0,41.0,26.0
209.5,703.5,0.0,40.0,6.0
766.5,789.0,-1.5707963267948966,40.0,5.0
384.0,845.0,-3.141592653589793,41.0,6.0
555.0,896.5,-1.5707963267948966,40.0,7.0
135.5,1045.5,-3.141592653589793,44.0,9.0
