CoordX,CoordY,Orient,HalfLen,HalfWid
313.0,257.5,0.0,42.0,11.0
376.5,354.5,-1.5707963267948966,38.0,4.0
481.0,659.5,0.0,37.0,4.0
676.5,659.5,0.0,40.0,4.0
732.5,704.0,-1.5707963267948966,30.0,3.0
438.5,824.5,0.0,41.0,8.0
