CoordX,CoordY,Orient,HalfLen,HalfWid
80.5,120.5,-3.141592653589793,26.0,5.0
311.5,120.5,0.0,25.0,5.0
351.5,291.5,-1.5707963267948966,64.0,5.0
437.0,501.5,0.0,68.0,5.0
212.0,556.5,-1.5707963267948966,30.0,5.0
526.5,577.5,-1.5707963267948966,25.0,5.0
438.5,746.0,0.0,49.0,8.0
