CoordX,CoordY,Orient,HalfLen,HalfWid
526.5,145.0,-1.5707963267948966,26.0,4.0
456.5,239.5,-3.141592653589793,26.0,4.0
669.5,325.5,-1.5707963267948966,30.0,4.0
1056.5,343.0,-1.5707963267948966,26.0,10.0
494.5,672.0,-1.5707963267948966,26.0,4.0
494.5,784.5,-1.5707963267948966,25.0,4.0
534.5,828.5,0.0,26.0,10.0
