CoordX,CoordY,Orient,HalfLen,HalfWid
429.5,399.0,-1.5707963267948966,44.0,21.0
414.49477911646585,646.9646586345382,1.571154016756703,44.00214332499872,6.015380284203385
469.5,813.5,-1.5707963267948966,36.0,6.0
411.0,935.5,0.0,43.0,10.0
