CoordX,CoordY,Orient,HalfLen,HalfWid
521.0,337.0,-1.5707963267948966,26.0,6.0
364.0,398.0,-1.5707963267948966,33.0,6.0
312.5,496.0,0.0,34.0,6.0
574.0,496.0,0.0,35.0,6.0
741.5,496.0,0.0,34.0,6.0
465.0,552.0,-1.5707963267948966,33.0,6.0
1168.5,587.5,-1.5707963267948966,34.0,10.0
465.0,1003.5,-1.5707963267948966,34.0,6.0
538.0,1062.5,0.0,35.0,10.0
