CoordX,CoordY,Orient,HalfLen,HalfWid
648.5,476.5,-1.5707963267948966,46.0,9.0
219.0,621.5,-3.141592653589793,37.0,9.0
570.0,621.5,0.0,48.0,9.0
506.0,706.5,-1.5707963267948966,37.0,7.0
566.0,837.0,0.0,53.0,16.0
