CoordX,CoordY,Orient,HalfLen,HalfWid
184.5,425.5,-3.141592653589793,43.0,6.0
828.5,555.0,-1.5707963267948966,46.0,22.0
182.0,673.0,-3.141592653589793,49.0,10.0
