CoordX,CoordY,Orient,HalfLen,HalfWid
831.5,229.0,-1.5707963267948966,45.0,9.0
676.0,490.0,-1.5707963267948966,42.0,5.0
306.0,536.0,-1.5707963267948966,42.0,5.0
378.0,614.5,-3.141592653589793,46.0,5.0
