CoordX,CoordY,Orient,HalfLen,HalfWid
821.5,311.0,-3.141592653589793,45.0,11.0
427.0,671.5,-1.5707963267948966,45.0,5.0
212.0,728.5,-3.141592653589793,30.0,4.0
631.0,729.0,0.0,41.0,5.0
469.5,783.0,-1.5707963267948966,44.0,5.0
1063.0,937.5,0.0,47.0,10.0
