CoordX,CoordY,Orient,HalfLen,HalfWid
414.5,217.0,-3.141592653589793,41.0,14.0
516.5,422.0,-1.5707963267948966,51.0,6.0
347.5,660.0,-1.5707963267948966,26.0,5.0
516.5,673.0,-1.5707963267948966,37.0,6.0
691.5,680.5,-1.5707963267948966,28.0,6.0
159.0,750.0,0.0,31.0,5.0
347.5,800.0,-1.5707963267948966,39.0,5.0
516.5,837.5,-1.5707963267948966,39.0,6.0
463.0,1004.5,-3.141592653589793,41.0,6.0
462.0,1117.5,0.0,41.0,14.0
725.5,1215.5,-1.5707963267948966,34.0,5.0
