CoordX,CoordY,Orient,HalfLen,HalfWid
704.0,290.0,-3.141592653589793,32.0,4.0
489.0,290.5,-3.141592653589793,36.0,3.0
375.0,343.5,-1.5707963267948966,43.0,4.0
1276.0,423.0,-1.5707963267948966,41.0,11.0
424.0,397.0,-3.141592653589793,43.0,4.0
775.0,454.5,-1.5707963267948966,46.0,4.0
585.5,666.0,-3.141592653589793,44.0,9.0
