CoordX,CoordY,Orient,HalfLen,HalfWid
883.0,301.0,0.0,36.0,4.0
756.5,350.0,-1.5707963267948966,41.0,3.0
987.5,370.5,-1.5707963267948966,40.0,4.0
987.5,467.0,-1.5707963267948966,38.0,4.0
257.0,503.0,-1.5707963267948966,40.0,12.0
785.2769886363636,545.4616477272727,-3.1384989679846567,35.01220723222868,4.105166001022558
924.0,763.0,0.0,46.0,9.0
