CoordX,CoordY,Orient,HalfLen,HalfWid
445.5,339.5,0.0,38.0,4.0
947.5,383.0,-1.5707963267948966,35.0,16.0
552.5,387.0,-1.5707963267948966,38.0,4.0
275.4682454251884,471.491926803014,-3.14067622094096,29.00640284983714,7.025657171104966
393.5,527.0,-1.5707963267948966,34.0,4.0
481.0,573.0,0.0,37.0,6.0
480.5,647.0,0.0,39.0,13.0
556.0,821.5,-1.5707963267948966,39.0,5.0
