CoordX,CoordY,Orient,HalfLen,HalfWid
371.5,162.0,-3.141592653589793,40.0,16.0
568.5,656.0,0.0,39.0,6.0
329.0,741.0,-1.5707963267948966,29.0,7.0
168.5,781.0,0.0,28.0,7.0
580.0,782.5,0.0,36.0,5.0
349.0,838.0,-1.5707963267948966,40.0,7.0
580.0,978.5,0.0,28.0,8.0
406.0,1076.0,0.0,43.0,6.0
403.0,1152.0,0.0,43.0,17.0
