CoordX,CoordY,Orient,HalfLen,HalfWid
518.5,245.0,-3.141592653589793,36.0,23.0
564.5,371.5,-1.5707963267948966,92.0,4.0
862.5,424.0,-1.5707963267948966,36.0,4.0
898.5,648.5,0.0,29.0,4.0
1034.5,648.5,0.0,29.0,4.0
689.5,668.5,0.0,32.0,4.0
800.5,714.0,-1.5707963267948966,32.0,4.0
564.5,727.5,-1.5707963267948966,40.0,4.0
633.0,814.5,-3.141592653589793,42.0,8.0
