CoordX,CoordY,Orient,HalfLen,HalfWid
231.5,424.0,-1.5707963267948966,32.0,7.0
781.5,480.0,-3.141592653589793,32.0,4.0
859.0,545.5,-1.5707963267948966,31.0,5.0
599.0,592.0,-1.5707963267948966,31.0,6.0
859.0,767.0,-1.5707963267948966,31.0,5.0
779.0,915.5,0.0,32.0,7.0
