CoordX,CoordY,Orient,HalfLen,HalfWid
492.5,417.5,-1.5707963267948966,41.0,7.0
561.0,563.0,-3.141592653589793,40.0,8.0
624.0,628.0,-1.5707963267948966,36.0,5.0
382.0,631.5,-1.5707963267948966,36.0,5.0
574.0,739.5,-3.141592653589793,40.0,8.0
