CoordX,CoordY,Orient,HalfLen,HalfWid
241.0,475.0,0.0,34.0,6.0
393.0,554.0,-1.5707963267948966,42.0,6.0
227.5,636.0,-3.141592653589793,47.0,13.0
494.5,631.0,-3.141592653589793,74.0,8.0
