CoordX,CoordY,Orient,HalfLen,HalfWid
481.0,215.5,-3.141592653589793,40.0,14.0
555.0,608.5,-1.5707963267948966,40.0,5.0
555.0,771.5,-1.5707963267948966,31.0,5.0
727.0,871.5,-3.141592653589793,40.0,4.0
555.0,924.5,-1.5707963267948966,39.0,5.0
495.5,977.5,0.0,45.0,4.0
495.0,1055.5,-3.141592653589793,46.0,10.0
162.0,1219.0,-3.141592653589793,41.0,7.0
