CoordX,CoordY,Orient,HalfLen,HalfWid
457.0,292.0,0.0,59.0,17.0
550.0,394.0,-1.5707963267948966,37.0,4.0
550.0,627.0,-1.5707963267948966,41.0,4.0
410.0,761.5,-1.5707963267948966,63.0,4.0
683.5,719.0,-3.141592653589793,40.0,5.0
490.0,936.5,0.0,45.0,5.0
