CoordX,CoordY,Orient,HalfLen,HalfWid
884.0,360.5,-3.141592653589793,34.0,12.0
428.0,399.0,-3.141592653589793,48.0,2.0
933.0,482.5,-1.5707963267948966,29.0,6.0
284.5,565.5,0.0,44.0,3.0
699.0,670.0,0.0,34.0,5.0
868.0,670.0,-3.141592653589793,33.0,5.0
1063.5,670.0,-3.141592653589793,29.0,5.0
1113.0,722.0,-1.5707963267948966,36.0,5.0
1113.0,939.0,-1.5707963267948966,38.0,5.0
1028.0,992.0,0.0,44.0,5.0
1029.5,1115.0,0.0,42.0,15.0
334.5,1157.5,0.0,121.0,2.0
