CoordX,CoordY,Orient,HalfLen,HalfWid
471.0,280.5,0.0,40.0,24.0
440.0,924.0,-1.5707963267948966,40.0,6.0
440.0,1091.5,-1.5707963267948966,41.0,6.0
262.0,1083.0,-1.5707963267948966,32.0,6.0
542.0,1224.0,0.0,43.0,13.0
