CoordX,CoordY,Orient,HalfLen,HalfWid
1022.0,333.0,-1.5707963267948966,44.0,13.0
359.0,415.0,0.0,42.0,10.0
526.5,415.0,-3.141592653589793,50.0,10.0
301.5,476.0,-1.5707963267948966,42.0,6.0
461.5,738.5,-1.5707963267948966,37.0,4.0
519.0,790.5,-3.141592653589793,39.0,7.0
