CoordX,CoordY,Orient,HalfLen,HalfWid
568.5,254.0,0.0,39.0,17.0
264.5,565.5,-1.5707963267948966,39.0,4.0
467.5,565.5,-1.5707963267948966,39.0,6.0
208.5,620.5,0.0,40.0,4.0
767.5,662.5,-3.141592653589793,81.0,4.0
441.0,809.0,-1.5707963267948966,36.0,5.0
441.0,909.5,-1.5707963267948966,40.0,5.0
666.0,951.0,-1.5707963267948966,40.0,5.0
518.0,1006.0,0.0,46.0,5.0
518.0,1169.5,-3.141592653589793,46.0,15.0
781.0,1272.5,-1.5707963267948966,40.0,6.0
