CoordX,CoordY,Orient,HalfLen,HalfWid
535.0,323.5,0.0,50.0,9.0
392.5,919.5,-1.5707963267948966,34.0,5.0
493.5,1277.5,-3.141592653589793,40.0,5.0
494.0,1423.0,0.0,41.0,9.0
308.0,1608.5,-1.5707963267948966,41.0,7.0
