CoordX,CoordY,Orient,HalfLen,HalfWid
1019.5,342.5,-3.141592653589793,44.0,16.0
930.1842374616172,561.4298874104401,-2.3650364666657757,33.3014931379589,7.49652424150302
412.5,741.5,-3.141592653589793,42.0,5.0
517.5,741.5,-3.141592653589793,42.0,5.0
1009.5,741.5,-3.141592653589793,37.0,5.0
625.5,968.0,-3.141592653589793,30.0,6.0
728.0,968.0,0.0,46.0,6.0
728.0,1130.0,-3.141592653589793,45.0,15.0
935.0,2153.5,-3.141592653589793,45.0,6.0
743.5,2386.0,-3.141592653589793,69.0,5.0
