CoordX,CoordY,Orient,HalfLen,HalfWid
214.5,267.5,0.0,41.0,15.0
396.5,761.5,-1.5707963267948966,36.0,4.0
555.0,835.0,-2.3241925586445915,30.276898774625487,4.703711174095842
396.5,863.0,-1.5707963267948966,41.0,4.0
241.5,888.5,-1.5707963267948966,35.0,4.0
195.0,991.5,-3.141592653589793,30.0,4.0
342.0,1026.5,-3.141592653589793,46.0,4.0
335.5,1180.0,-3.141592653589793,46.0,16.0
