CoordX,CoordY,Orient,HalfLen,HalfWid
893.0,256.5,-1.5707963267948966,39.0,8.0
475.0,260.0,-1.5707963267948966,35.0,8.0
1159.5,334.0,-3.141592653589793,38.0,8.0
1102.0,389.0,-1.5707963267948966,29.0,7.0
475.0,528.0,-1.5707963267948966,34.0,8.0
1102.0,654.5,-1.5707963267948966,34.0,7.0
1006.5,758.5,-3.141592653589793,39.0,7.0
