CoordX,CoordY,Orient,HalfLen,HalfWid
428.5,870.0,-1.5707963267948966,40.0,5.0
294.5,1188.5,-3.141592653589793,35.0,5.0
475.0,1480.0,0.0,45.0,17.0
1430.0,1486.0,0.0,40.0,16.0
