CoordX,CoordY,Orient,HalfLen,HalfWid
461.5,411.0,-3.141592653589793,40.0,7.0
579.5,411.0,0.0,32.0,7.0
583.0,728.5,0.0,35.0,5.0
535.5,858.5,-1.5707963267948966,40.0,5.0
423.5,1090.5,-3.141592653589793,46.0,13.0
