CoordX,CoordY,Orient,HalfLen,HalfWid
3720.0,197.5,-1.5707963267948966,53.0,19.0
384.5,201.0,-1.5707963267948966,48.0,19.0
384.5,516.0,-1.5707963267948966,253.0,19.0
3720.0,511.0,-1.5707963267948966,245.0,19.0
551.5,808.5,-3.141592653589793,40.0,7.0
3576.0,814.5,-3.141592653589793,49.0,7.0
