CoordX,CoordY,Orient,HalfLen,HalfWid
295.5,282.0,0.0,33.0,14.0
380.5,362.5,-1.5707963267948966,66.0,7.0
776.0,515.0,0.0,32.0,7.0
526.5,801.5,-1.5707963267948966,32.0,7.0
229.5,803.0,-1.5707963267948966,33.0,6.0
707.5,954.5,-3.141592653589793,41.0,12.0
