CoordX,CoordY,Orient,HalfLen,HalfWid
807.5,37.0,0.0,43.0,7.0
709.0,518.5,-1.5707963267948966,33.0,7.0
873.0,547.5,-1.5707963267948966,44.0,7.0
444.0,561.0,-3.141592653589793,36.0,7.0
709.0,705.0,-1.5707963267948966,43.0,7.0
985.0,815.0,-3.141592653589793,34.0,7.0
873.0,865.0,-1.5707963267948966,40.0,7.0
776.5,914.0,-3.141592653589793,52.0,7.0
776.5,1007.0,-3.141592653589793,52.0,7.0
