CoordX,CoordY,Orient,HalfLen,HalfWid
1020.5,206.5,-1.5707963267948966,50.0,5.0
313.0,373.0,-1.5707963267948966,40.0,7.0
839.0,473.5,-3.141592653589793,39.0,5.0
972.0,473.5,-3.141592653589793,39.0,5.0
1075.5,473.5,-3.141592653589793,39.0,5.0
1006.5,602.5,0.0,38.0,5.0
1257.5,708.5,-3.141592653589793,44.0,9.0
914.9985507246377,733.5,2.354946093664926,29.705523662751283,5.693925317082447
