CoordX,CoordY,Orient,HalfLen,HalfWid
550.0,377.5,0.0,49.0,17.0
450.0,444.0,-1.5707963267948966,42.0,8.0
234.0,848.5,-1.5707963267948966,41.0,6.0
395.5,1030.0,0.0,40.0,8.0
342.5,1081.5,-1.5707963267948966,40.0,6.0
503.5,1370.5,-3.141592653589793,51.0,17.0
