CoordX,CoordY,Orient,HalfLen,HalfWid
193.5,402.5,0.0,38.0,17.0
551.0,402.5,-3.141592653589793,40.0,17.0
275.5,639.5,-1.5707963267948966,39.0,5.0
217.5,783.5,-3.141592653589793,37.0,5.0
632.5,1003.5,-1.5707963267948966,40.0,5.0
424.5,1072.0,-1.5707963267948966,40.0,5.0
836.0,1053.5,0.0,35.0,5.0
632.5,1102.0,-1.5707963267948966,40.0,5.0
557.0,1400.5,0.0,45.0,17.0
478.0,1632.5,-1.5707963267948966,40.0,8.0
