CoordX,CoordY,Orient,HalfLen,HalfWid
904.2113127001068,380.5624332977588,0.24575243195423183,40.74128114623687,6.094916780669312
1181.5,397.5,-3.141592653589793,39.0,5.0
285.0,454.0,-1.5707963267948966,42.0,17.0
1268.5,460.5,-1.5707963267948966,42.0,5.0
1050.5,512.5,-3.141592653589793,30.0,5.0
1208.0,512.5,-3.141592653589793,40.0,5.0
1428.5,556.5,-1.5707963267948966,32.0,4.0
847.0,972.5,-3.141592653589793,46.0,10.0
