CoordX,CoordY,Orient,HalfLen,HalfWid
947.0,180.5,-1.5707963267948966,30.0,6.0
1008.5,287.5,-3.141592653589793,29.0,6.0
1108.5,338.5,-1.5707963267948966,39.0,6.0
318.5,349.5,-1.5707963267948966,39.0,17.0
1108.5,439.5,-1.5707963267948966,39.0,6.0
948.0,533.5,-1.5707963267948966,30.0,6.0
1002.5,647.0,-3.141592653589793,41.0,8.0
