CoordX,CoordY,Orient,HalfLen,HalfWid
574.0,261.5,-3.141592653589793,34.0,5.0
1216.0,336.5,-1.5707963267948966,38.0,6.0
462.5,629.5,-1.5707963267948966,42.0,5.0
520.5,740.5,-3.141592653589793,41.0,7.0
