CoordX,CoordY,Orient,HalfLen,HalfWid
124.0,401.0,-1.5707963267948966,23.0,4.0
288.5,440.0,-3.141592653589793,34.0,5.0
389.5,440.0,0.0,33.0,5.0
59.5,491.5,-1.5707963267948966,38.0,6.0
443.0,528.5,-1.5707963267948966,29.0,5.0
125.0,546.0,-3.141592653589793,30.0,4.0
379.0,613.0,0.0,44.0,9.0
