CoordX,CoordY,Orient,HalfLen,HalfWid
346.0,233.5,-3.141592653589793,41.0,13.0
422.5,377.5,-1.5707963267948966,35.0,8.0
539.0,655.5,-3.141592653589793,34.0,5.0
582.5,745.0,-1.5707963267948966,29.0,6.0
529.0,817.0,0.0,45.0,9.0
