CoordX,CoordY,Orient,HalfLen,HalfWid
682.0,217.0,0.0,44.0,10.0
563.0,624.0,-3.141592653589793,40.0,6.0
617.0,810.0,-1.5707963267948966,41.0,6.0
131.5,889.0,-3.141592653589793,42.0,9.0
276.0,886.0,0.0,28.0,6.0
470.0,886.0,-3.141592653589793,30.0,6.0
