CoordX,CoordY,Orient,HalfLen,HalfWid
358.5,254.0,-3.141592653589793,40.0,16.0
250.0,765.0,-1.5707963267948966,40.0,6.0
393.0,795.5,-1.5707963267948966,39.0,6.0
161.0,918.0,-3.141592653589793,40.0,6.0
333.5,1078.5,-3.141592653589793,44.0,16.0
178.0,1692.5,-3.141592653589793,39.0,5.0
