CoordX,CoordY,Orient,HalfLen,HalfWid
944.0,378.5,0.0,42.0,14.0
1170.5,654.0,-3.141592653589793,40.0,5.0
1233.0,767.5,-1.5707963267948966,35.0,5.0
1393.5,841.5,0.0,30.0,6.0
1184.0,989.5,-3.141592653589793,46.0,7.0
