CoordX,CoordY,Orient,HalfLen,HalfWid
1234.0,366.0,-1.5707963267948966,42.0,16.0
745.0,366.5,-1.5707963267948966,41.0,5.0
593.0,450.5,-1.5707963267948966,41.0,5.0
593.0,609.5,-1.5707963267948966,42.0,5.0
694.0,949.0,0.0,41.0,10.0
