CoordX,CoordY,Orient,HalfLen,HalfWid
382.0,253.0,-3.141592653589793,51.0,22.0
595.0,675.5,-3.141592653589793,45.0,6.0
674.0,767.0,-1.5707963267948966,37.0,6.0
674.0,916.5,-1.5707963267948966,36.0,6.0
473.5,1064.5,-1.5707963267948966,48.0,6.0
716.9253365973073,1132.985312117503,-0.0014245215890090336,31.007091151984184,6.0413050243251725
542.5,1202.0,0.0,51.0,6.0
547.5,1349.5,0.0,54.0,20.0
