CoordX,CoordY,Orient,HalfLen,HalfWid
478.0,243.5,0.0,37.0,16.0
479.0,628.0,0.0,34.0,5.0
584.0,628.0,0.0,34.0,5.0
983.0,628.0,0.0,92.0,5.0
654.0,744.0,-1.5707963267948966,33.0,5.0
353.0,799.5,-1.5707963267948966,32.0,5.0
457.5,864.0,0.0,37.0,9.0
