CoordX,CoordY,Orient,HalfLen,HalfWid
266.5,344.5,-1.5707963267948966,40.0,7.0
839.0,369.0,-1.5707963267948966,40.0,4.0
775.5,420.5,0.0,38.0,7.0
1039.5,420.5,0.0,33.0,7.0
839.0,471.5,-1.5707963267948966,39.0,4.0
839.0,634.5,-1.5707963267948966,30.0,4.0
788.0,771.5,-3.141592653589793,44.0,7.0
