CoordX,CoordY,Orient,HalfLen,HalfWid
1366.5,148.5,-1.5707963267948966,36.0,22.0
1191.0,153.0,-1.5707963267948966,38.0,19.0
1366.5,214.0,-1.5707963267948966,27.0,22.0
1191.0,220.5,-1.5707963267948966,26.0,19.0
587.0,381.0,-1.5707963267948966,47.0,8.0
164.5,439.5,-3.141592653589793,42.0,5.0
1319.5,534.5,-3.141592653589793,41.0,5.0
997.5,716.5,-1.5707963267948966,48.0,5.0
1194.0,726.0,-1.5707963267948966,42.0,15.0
886.5,905.5,-3.141592653589793,47.0,13.0
