CoordX,CoordY,Orient,HalfLen,HalfWid
552.0,192.5,-1.5707963267948966,29.0,6.0
551.5,275.0,-1.5707963267948966,32.0,6.0
383.0,321.5,-1.5707963267948966,35.0,7.0
999.5,363.0,-1.5707963267948966,35.0,7.0
383.0,495.5,-1.5707963267948966,35.0,7.0
435.5,571.0,0.0,41.0,7.0
1421.5,643.0,-1.5707963267948966,22.0,7.0
436.5,674.5,-3.141592653589793,41.0,7.0
