CoordX,CoordY,Orient,HalfLen,HalfWid
928.0,148.5,-1.5707963267948966,32.0,6.0
814.5,285.5,-3.141592653589793,38.0,11.0
630.5069532237674,856.4589127686473,1.5701501221404974,32.00322434176008,5.020677503550515
857.5,932.5,-1.5707963267948966,33.0,6.0
685.0,932.5,0.0,37.0,11.0
801.0,1097.5,-3.141592653589793,37.0,5.0
946.0,1097.5,-3.141592653589793,34.0,5.0
