CoordX,CoordY,Orient,HalfLen,HalfWid
584.5,86.5,-3.141592653589793,40.0,11.0
1127.0079365079366,170.04603174603176,1.5719500602108485,28.00575003039091,5.968845211378165
1178.5,473.5,-3.141592653589793,32.0,5.0
577.5,537.5,-3.141592653589793,34.0,5.0
189.5,539.5,-3.141592653589793,37.0,5.0
1222.5,599.5,-1.5707963267948966,30.0,5.0
1176.0,690.5,0.0,33.0,5.0
631.0,793.0,0.0,39.0,6.0
631.5,914.5,-3.141592653589793,40.0,11.0
