CoordX,CoordY,Orient,HalfLen,HalfWid
490.5,258.5,-1.5707963267948966,29.0,7.0
1416.0,330.0,-1.5707963267948966,45.0,23.0
649.5,477.0,-3.141592653589793,38.0,6.0
490.5,554.5,-1.5707963267948966,45.0,7.0
682.0,691.5,-3.141592653589793,50.0,11.0
