CoordX,CoordY,Orient,HalfLen,HalfWid
367.0,500.0,-3.141592653589793,44.0,15.0
1070.5,500.0,0.0,42.0,15.0
1039.0,897.0,0.0,35.0,5.0
1170.0,897.0,0.0,40.0,5.0
1279.5,897.0,-3.141592653589793,39.0,5.0
1118.0,1133.5,-1.5707963267948966,38.0,5.0
1239.0,1188.0,0.0,40.0,5.0
532.0,1354.5,0.0,44.0,4.0
638.5,1354.5,-3.141592653589793,39.0,4.0
1064.5,1363.0,-3.141592653589793,38.0,5.0
530.5,1531.0,-3.141592653589793,44.0,15.0
518.5,2141.5,0.0,44.0,7.0
