CoordX,CoordY,Orient,HalfLen,HalfWid
235.5,87.0,-1.5707963267948966,50.0,6.0
534.0,293.5,-3.141592653589793,45.0,10.0
310.5,844.0,-1.5707963267948966,28.0,4.0
310.5,924.5,-1.5707963267948966,33.0,4.0
537.5,934.5,-1.5707963267948966,41.0,4.0
310.5,1163.0,-1.5707963267948966,37.0,4.0
270.0,1207.5,-3.141592653589793,32.0,4.0
382.0,1238.5,-3.141592653589793,63.0,4.0
396.5,1395.5,0.0,47.0,10.0
