CoordX,CoordY,Orient,HalfLen,HalfWid
624.5,318.0,-1.5707963267948966,44.0,5.0
293.5,343.0,-1.5707963267948966,41.0,10.0
685.5,401.0,0.0,42.0,5.0
239.5,618.0,-3.141592653589793,39.0,5.0
1028.0,694.5,-1.5707963267948966,41.0,16.0
235.5,807.0,0.0,46.0,10.0
