CoordX,CoordY,Orient,HalfLen,HalfWid
654.5,228.0,-1.5707963267948966,51.0,5.0
914.5,236.5,-1.5707963267948966,35.0,14.0
654.5,535.0,-1.5707963267948966,35.0,5.0
654.5,689.0,-1.5707963267948966,34.0,5.0
437.5,750.5,-1.5707963267948966,39.0,5.0
482.5,801.5,-3.141592653589793,39.0,5.0
597.5,805.5,0.0,45.0,9.0
