CoordX,CoordY,Orient,HalfLen,HalfWid
555.0,354.0,-3.141592653589793,41.0,17.0
946.5,563.5,-3.141592653589793,40.0,5.0
948.0,836.0,-3.141592653589793,41.0,6.0
769.0,1000.0,-1.5707963267948966,40.0,6.0
417.5,1003.0,-1.5707963267948966,40.0,5.0
769.0,1101.0,-1.5707963267948966,40.0,6.0
417.5,1104.5,-1.5707963267948966,39.0,5.0
501.0,1154.0,0.0,46.0,6.0
666.0,1154.0,-3.141592653589793,40.0,6.0
502.0,1367.0,0.0,45.0,18.0
574.0,1517.5,-1.5707963267948966,39.0,8.0
