CoordX,CoordY,Orient,HalfLen,HalfWid
505.0,278.5,-3.141592653589793,39.0,11.0
249.5,770.0,-1.5707963267948966,35.0,3.0
404.5,859.5,-1.5707963267948966,38.0,4.0
123.0,1122.5,-3.141592653589793,40.0,8.0
