CoordX,CoordY,Orient,HalfLen,HalfWid
343.5,199.0,-1.5707963267948966,54.0,11.0
139.5,638.0,-3.141592653589793,42.0,9.0
180.0,899.5,-3.141592653589793,47.0,12.0
472.0,899.5,0.0,45.0,12.0
