CoordX,CoordY,Orient,HalfLen,HalfWid
406.5,75.5,-1.5707963267948966,25.0,6.0
301.0,109.5,0.0,30.0,7.0
610.0,283.0,-1.5707963267948966,46.0,7.0
361.6823155665372,585.675961877868,-2.773955186789096,81.84256111867815,39.89297155800136
265.5,613.0,-1.5707963267948966,32.0,7.0
503.0,651.5,0.0,22.0,5.0
404.5,676.0,-1.5707963267948966,16.0,5.0
351.0,928.5,0.0,46.0,6.0
