CoordX,CoordY,Orient,HalfLen,HalfWid
286.0,269.0,0.0,40.0,16.0
332.5,875.5,-1.5707963267948966,40.0,5.0
381.0,948.5,-3.141592653589793,31.0,5.0
99.0,976.5,0.0,35.0,5.0
273.0,976.5,0.0,45.0,5.0
272.5,1120.5,-3.141592653589793,45.0,17.0
