CoordX,CoordY,Orient,HalfLen,HalfWid
477.5,356.5,-1.5707963267948966,41.0,4.0
1147.5,359.5,-1.5707963267948966,35.0,9.0
640.5,535.0,-1.5707963267948966,32.0,3.0
478.0,679.5,-1.5707963267948966,41.0,4.0
640.5,703.0,-1.5707963267948966,29.0,3.0
640.5,826.0,-1.5707963267948966,32.0,3.0
478.0,873.0,-1.5707963267948966,41.0,4.0
558.0,1002.5,-3.141592653589793,44.0,7.0
