CoordX,CoordY,Orient,HalfLen,HalfWid
952.0,482.5,-3.141592653589793,44.0,7.0
359.5,483.5,0.0,44.0,7.0
932.5,784.5,-3.141592653589793,40.0,7.0
852.5,875.5,-1.5707963267948966,36.0,7.0
900.0,982.5,-3.141592653589793,39.0,7.0
994.5,982.5,0.0,30.0,7.0
1060.5,1200.5,-3.141592653589793,31.0,6.0
381.0,1224.5,0.0,43.0,7.0
486.0,1224.5,0.0,30.0,7.0
384.0,1369.5,-3.141592653589793,44.0,7.0
439.0,1721.0,1.5696944201749468,38.00879218141225,7.95812270012318
