CoordX,CoordY,Orient,HalfLen,HalfWid
543.5,541.5,-3.141592653589793,42.0,15.0
1288.5,539.5,-3.141592653589793,41.0,13.0
1159.0,919.0,-3.141592653589793,41.0,7.0
1329.0,919.0,0.0,37.0,7.0
1380.0,1084.5,-1.5707963267948966,38.0,7.0
1251.0,1132.0,-3.141592653589793,41.0,7.0
1423.0,1295.0,-3.141592653589793,30.0,7.0
298.0,1310.0,0.0,37.0,7.0
411.0,1358.0,0.0,42.0,7.0
411.5,1482.5,0.0,44.0,13.0
