CoordX,CoordY,Orient,HalfLen,HalfWid
325.5,280.0,-3.141592653589793,42.0,10.0
429.5,519.0,-1.5707963267948966,41.0,5.0
165.0,738.0,-3.141592653589793,46.0,4.0
552.5,790.0,0.0,42.0,5.0
428.0,881.5,-1.5707963267948966,41.0,4.0
360.0,999.0,-3.141592653589793,47.0,10.0
