CoordX,CoordY,Orient,HalfLen,HalfWid
1364.5,568.5,0.0,73.0,9.0
1185.5,648.0,-1.5707963267948966,40.0,7.0
696.5,725.5,-3.141592653589793,40.0,9.0
511.0,781.0,-1.5707963267948966,37.0,6.0
1754.0,799.5,-3.141592653589793,46.0,9.0
1185.5,916.0,-1.5707963267948966,39.0,7.0
584.0,950.5,-1.5707963267948966,37.0,6.0
1838.5,1005.0,-3.141592653589793,57.0,8.0
2196.0,1005.0,-3.141592653589793,56.0,8.0
650.0,1143.5,0.0,38.0,9.0
