CoordX,CoordY,Orient,HalfLen,HalfWid
907.5,275.5,-3.141592653589793,28.0,5.0
220.0,313.5,-1.5707963267948966,36.0,11.0
1013.5,320.5,-1.5707963267948966,33.0,5.0
961.5,405.5,0.0,36.0,7.0
392.0,437.5,-3.141592653589793,117.0,6.0
711.0,489.5,-1.5707963267948966,31.0,6.0
711.0,673.0,-1.5707963267948966,29.0,6.0
780.5,745.0,0.0,41.0,9.0
