CoordX,CoordY,Orient,HalfLen,HalfWid
623.0,351.5,0.0,43.0,14.0
663.5,900.5,-1.5707963267948966,31.0,5.0
516.5,941.5,-1.5707963267948966,42.0,5.0
1534.5,987.0,-1.5707963267948966,42.0,5.0
663.5,1005.5,-1.5707963267948966,37.0,5.0
1321.5,1037.5,0.0,38.0,5.0
605.5,1109.5,-3.141592653589793,46.0,5.0
789.450337512054,1111.4869816779171,-0.01324623397558886,32.08991356387945,7.6946436873981305
607.5,1279.5,0.0,48.0,14.0
778.0,1402.0,-1.5707963267948966,42.0,6.0
