CoordX,CoordY,Orient,HalfLen,HalfWid
454.0,80.0,-3.141592653589793,29.0,6.0
356.0,553.5,-1.5707963267948966,28.0,5.0
191.0,554.5,-1.5707963267948966,27.0,5.0
507.0,593.5,-1.5707963267948966,28.0,5.0
672.5,656.0,0.0,27.0,5.0
356.0,701.0,-1.5707963267948966,28.0,5.0
507.0,703.0,-1.5707963267948966,29.0,5.0
415.0,864.0,-3.141592653589793,28.0,5.0
412.0,942.5,-3.141592653589793,29.0,5.0
