CoordX,CoordY,Orient,HalfLen,HalfWid
1265.0,386.5,-3.141592653589793,33.0,7.0
1352.5,386.5,0.0,28.0,7.0
1069.5,533.5,-3.141592653589793,49.0,7.0
1374.5,533.5,0.0,44.0,7.0
685.0,575.5,-1.5707963267948966,29.0,6.0
