CoordX,CoordY,Orient,HalfLen,HalfWid
211.5,287.0,0.0,31.0,6.0
382.5,367.0,-3.141592653589793,36.0,5.0
270.0,417.0,-1.5707963267948966,34.0,6.0
270.0,550.5,-1.5707963267948966,31.0,6.0
333.5,663.5,-3.141592653589793,40.0,5.0
270.0,727.5,-1.5707963267948966,31.0,6.0
339.0,801.5,-3.141592653589793,44.0,12.0
