CoordX,CoordY,Orient,HalfLen,HalfWid
439.5,251.0,-3.141592653589793,36.0,12.0
488.5,358.0,-1.5707963267948966,73.0,5.0
443.0,659.5,0.0,36.0,5.0
547.5,719.5,-1.5707963267948966,36.0,5.0
400.5,766.5,-1.5707963267948966,38.0,5.0
595.0,921.5,0.0,33.0,5.0
547.5,964.5,-1.5707963267948966,34.0,5.0
497.0,1009.5,-3.141592653589793,40.0,5.0
494.5,1151.0,-3.141592653589793,42.0,9.0
