CoordX,CoordY,Orient,HalfLen,HalfWid
343.5,262.0,0.0,41.0,16.0
277.0,932.5,-1.5707963267948966,41.0,5.0
340.0,1025.0,-3.141592653589793,46.0,11.0
