CoordX,CoordY,Orient,HalfLen,HalfWid
891.0,169.5,-1.5707963267948966,40.0,7.0
513.0,173.0,-1.5707963267948966,41.0,7.0
780.0,589.0,-3.141592653589793,40.0,4.0
933.5,589.0,0.0,41.0,4.0
513.0,639.5,-1.5707963267948966,41.0,7.0
1025.0,689.5,-1.5707963267948966,35.0,4.0
609.5,759.5,0.0,31.0,4.0
938.5,762.5,-3.141592653589793,45.0,7.0
