CoordX,CoordY,Orient,HalfLen,HalfWid
851.0,362.0,-1.5707963267948966,25.0,9.0
316.5,428.0,0.0,22.0,4.0
410.5,428.0,-3.141592653589793,47.0,4.0
463.0,474.0,-1.5707963267948966,22.0,4.0
270.0,475.5,-1.5707963267948966,22.0,4.0
270.0,631.5,-1.5707963267948966,22.0,4.0
332.5,847.0,0.0,25.0,9.0
