CoordX,CoordY,Orient,HalfLen,HalfWid
219.0,400.0,-1.5707963267948966,39.0,11.0
277.5,468.5,0.0,40.0,6.0
737.0,468.5,0.0,38.0,6.0
827.0,468.5,0.0,33.0,6.0
869.5,658.5,-1.5707963267948966,33.0,4.0
869.5,780.5,-1.5707963267948966,32.0,4.0
869.4615384615385,861.7115384615385,1.5744719518162889,31.01449305881657,4.110241481941262
819.5,950.5,-3.141592653589793,41.0,7.0
