CoordX,CoordY,Orient,HalfLen,HalfWid
838.5,255.0,-3.141592653589793,35.0,3.0
840.0,339.0,0.0,32.0,7.0
947.5,397.0,-1.5707963267948966,37.0,7.0
330.0,462.0,-3.141592653589793,41.0,8.0
947.5,558.5,-1.5707963267948966,34.0,7.0
870.5,641.5,0.0,44.0,7.0
871.5,758.0,-3.141592653589793,44.0,8.0
