CoordX,CoordY,Orient,HalfLen,HalfWid
563.0,326.0,-3.141592653589793,39.0,15.0
443.0,605.0,0.0,39.0,6.0
276.5,756.5,-3.141592653589793,39.0,5.0
371.5,809.5,-1.5707963267948966,39.0,5.0
432.0,862.5,-3.141592653589793,43.0,5.0
432.0,985.0,0.0,43.0,14.0
