CoordX,CoordY,Orient,HalfLen,HalfWid
1182.5,301.0,0.0,42.0,13.0
437.0,673.5,-1.5707963267948966,40.0,5.0
1165.5,642.0,0.0,42.0,5.0
804.5,764.0,-3.141592653589793,41.0,5.0
1008.0,764.0,0.0,36.0,5.0
591.5,816.5,-1.5707963267948966,40.0,7.0
1189.0,947.5,0.0,47.0,10.0
