CoordX,CoordY,Orient,HalfLen,HalfWid
811.5,115.5,0.0,41.0,11.0
184.5,756.0,0.0,25.0,5.0
402.0,756.0,-3.141592653589793,33.0,5.0
661.5,756.0,0.0,30.0,5.0
350.5,808.5,-1.5707963267948966,36.0,5.0
467.5,856.5,-3.141592653589793,36.0,5.0
789.5,960.5,-1.5707963267948966,33.0,5.0
851.0,1079.0,0.0,46.0,5.0
855.5,1204.5,0.0,41.0,11.0
