CoordX,CoordY,Orient,HalfLen,HalfWid
353.0,247.5,0.0,41.0,18.0
274.5,765.5,-1.5707963267948966,37.0,5.0
287.0,927.5,-1.5707963267948966,36.0,5.0
351.5,1029.5,0.0,47.0,4.0
352.5,1111.5,-3.141592653589793,48.0,17.0
