CoordX,CoordY,Orient,HalfLen,HalfWid
316.5,220.0,0.0,28.0,7.0
355.0,405.0,-1.5707963267948966,44.0,7.0
412.0,536.5,0.0,37.0,6.0
354.0,714.5,-1.5707963267948966,26.0,7.0
554.5,696.0,0.0,27.0,7.0
513.0,741.0,-1.5707963267948966,28.0,7.0
409.0,783.0,0.0,32.0,7.0
413.5,933.0,-3.141592653589793,31.0,7.0
488.0,1274.0,-1.5707963267948966,27.0,7.0
