CoordX,CoordY,Orient,HalfLen,HalfWid
435.5,212.5,-3.141592653589793,38.0,11.0
323.0,552.0,-3.141592653589793,40.0,4.0
215.5,743.5,-1.5707963267948966,32.0,4.0
375.5,769.0,-1.5707963267948966,29.0,4.0
156.0,798.5,-3.141592653589793,44.0,7.0
