CoordX,CoordY,Orient,HalfLen,HalfWid
780.5,327.0,-3.141592653589793,34.0,5.0
214.5,374.5,-1.5707963267948966,36.0,10.0
720.0,379.5,-1.5707963267948966,35.0,5.0
889.0,404.5,-1.5707963267948966,35.0,5.0
889.0,728.0,-1.5707963267948966,36.0,5.0
825.0,850.0,0.0,36.0,11.0
1090.5,844.0,0.0,27.0,5.0
