CoordX,CoordY,Orient,HalfLen,HalfWid
313.5,216.0,-3.141592653589793,41.0,17.0
388.5,666.5,-1.5707963267948966,32.0,5.0
581.0,743.5,0.0,33.0,5.0
388.5,795.5,-1.5707963267948966,41.0,5.0
241.5,806.0,-1.5707963267948966,37.0,5.0
80.5,945.5,0.0,33.0,6.0
325.0,1064.0,0.0,44.0,5.0
325.0,1147.0,0.0,44.0,14.0
198.5,1262.5,-1.5707963267948966,41.0,7.0
