CoordX,CoordY,Orient,HalfLen,HalfWid
1353.5,106.5,-1.5707963267948966,36.0,5.0
1033.5,113.5,-1.5707963267948966,41.0,5.0
603.0,304.5,-3.141592653589793,39.0,5.0
791.5,304.5,0.0,38.0,5.0
468.5,364.0,-1.5707963267948966,40.0,5.0
1407.5,364.5,-3.141592653589793,39.0,5.0
1790.5,411.5,-1.5707963267948966,39.0,17.0
468.5,475.5,-1.5707963267948966,40.0,5.0
712.0,511.0,0.0,34.0,5.0
542.0,664.5,0.0,42.0,17.0
632.0,729.0,-1.5707963267948966,39.0,10.0
