CoordX,CoordY,Orient,HalfLen,HalfWid
765.0,425.5,0.0,42.0,14.0
369.0,801.0,-1.5707963267948966,40.0,7.0
369.0,1032.0,-1.5707963267948966,40.0,7.0
822.0,1109.5,-1.5707963267948966,40.0,7.0
574.5,1120.0,-1.5707963267948966,40.0,4.0
677.5,1175.5,-3.141592653589793,37.0,7.0
450.5,1194.0,0.0,44.0,5.0
449.0,1339.5,-3.141592653589793,44.0,16.0
881.0,1339.5,-3.141592653589793,41.0,16.0
