CoordX,CoordY,Orient,HalfLen,HalfWid
997.5,241.0,-1.5707963267948966,43.0,19.0
370.5,438.5,-1.5707963267948966,41.0,8.0
501.5,628.0,-1.5707963267948966,41.0,7.0
806.5,683.5,-1.5707963267948966,41.0,9.0
148.0,747.0,-3.141592653589793,46.0,12.0
