CoordX,CoordY,Orient,HalfLen,HalfWid
424.0,510.5,-3.141592653589793,41.0,7.0
847.0,510.5,-3.141592653589793,68.0,7.0
921.5,621.0,-1.5707963267948966,30.0,3.0
719.5,722.5,-1.5707963267948966,70.0,3.0
1132.0,659.5,-3.141592653589793,40.0,3.0
1184.5,761.0,-1.5707963267948966,30.0,4.0
1117.5,867.0,-3.141592653589793,30.0,4.0
864.5,932.0,0.0,45.0,10.0
