CoordX,CoordY,Orient,HalfLen,HalfWid
355.5,270.0,-3.141592653589793,39.0,16.0
440.5,575.0,-1.5707963267948966,39.0,4.0
644.5,623.0,-3.141592653589793,29.0,5.0
565.5,791.5,-3.141592653589793,28.0,4.0
468.5,887.5,-1.5707963267948966,39.0,4.0
384.5,1007.0,-3.141592653589793,44.0,9.0
