CoordX,CoordY,Orient,HalfLen,HalfWid
208.5,203.5,0.0,38.0,14.0
368.0,829.5,-3.141592653589793,24.0,6.0
272.0,869.0,-1.5707963267948966,26.0,6.0
272.0,1010.5,-1.5707963267948966,43.0,6.0
213.0,1059.0,0.0,35.0,5.0
214.5,1154.0,0.0,35.0,15.0
353.5,1322.0,-1.5707963267948966,34.0,9.0
