CoordX,CoordY,Orient,HalfLen,HalfWid
1554.5,257.5,0.0,43.0,11.0
615.5,259.5,-3.141592653589793,45.0,10.0
1148.0,466.5,-3.141592653589793,42.0,5.0
1339.5,546.5,0.0,44.0,4.0
1202.5,607.0,-1.5707963267948966,45.0,5.0
1492.5,608.0,-1.5707963267948966,45.0,5.0
264.0,617.0,-1.5707963267948966,41.0,5.0
264.0,717.0,-1.5707963267948966,41.0,5.0
1492.5,788.5,-1.5707963267948966,45.0,5.0
337.5,939.0,-3.141592653589793,45.0,12.0
152.5,1368.5,-3.141592653589793,45.0,7.0
