CoordX,CoordY,Orient,HalfLen,HalfWid
830.5,139.5,-1.5706600768827914,108.00081649701202,5.985284953846045
450.0,257.5,-3.141592653589793,28.0,7.0
408.5,306.0,-1.5707963267948966,36.0,7.0
1382.5,360.5,-1.5707963267948966,39.0,7.0
408.5,411.0,-1.5707963267948966,36.0,7.0
450.0,459.5,0.0,30.0,7.0
698.5,629.5,-1.5707963267948966,32.0,7.0
654.9968944099379,706.9627329192547,-3.1192426608180814,32.12609677045274,7.886261333971778
752.0,870.5,0.0,42.0,7.0
