CoordX,CoordY,Orient,HalfLen,HalfWid
442.0,328.5,-3.141592653589793,45.0,18.0
385.5,401.5,-1.5707963267948966,46.0,6.0
385.5,678.0,-1.5707963267948966,45.0,6.0
385.5,965.0,-1.5707963267948966,40.0,6.0
233.0,1018.5,0.0,39.0,8.0
385.5,1219.0,-1.5707963267948966,41.0,6.0
237.5,1323.5,-3.141592653589793,34.0,6.0
385.5,1403.5,-1.5707963267948966,40.0,6.0
442.0,1653.0,-3.141592653589793,44.0,19.0
284.5,1873.5,-1.5707963267948966,45.0,13.0
