CoordX,CoordY,Orient,HalfLen,HalfWid
458.0,425.5,-3.141592653589793,36.0,7.0
704.5,425.5,0.0,43.0,7.0
900.5,495.5,-1.5707963267948966,41.0,7.0
414.0,507.5,-1.5707963267948966,31.0,6.0
532.0,550.5,-3.141592653589793,43.0,5.0
367.0,732.5,0.0,32.0,7.0
412.5,868.0,-1.5707963267948966,36.0,6.0
721.5,992.5,0.0,47.0,4.0
720.5,1080.5,0.0,46.0,11.0
1104.5,1522.0,-1.5707963267948966,37.0,10.0
