CoordX,CoordY,Orient,HalfLen,HalfWid
1205.5,478.5,-3.141592653589793,37.0,5.0
1554.5,478.5,-3.141592653589793,41.0,5.0
464.0,705.5,-1.5707963267948966,38.0,5.0
271.0,766.0,-3.141592653589793,39.0,5.0
464.0,895.5,-1.5707963267948966,40.0,5.0
556.0,961.5,0.0,43.0,15.0
449.0,1047.5,-1.5707963267948966,43.0,15.0
