CoordX,CoordY,Orient,HalfLen,HalfWid
1028.0,180.0,-1.5707963267948966,35.0,6.0
1074.0,478.0,-3.141592653589793,31.0,6.0
533.0,499.0,0.0,48.0,10.0
1027.0,653.5,-1.5707963267948966,33.0,6.0
