CoordX,CoordY,Orient,HalfLen,HalfWid
380.5,48.5,-3.141592653589793,42.0,28.0
318.0,516.5,-1.5707963267948966,43.0,9.0
380.5,647.0,0.0,47.0,11.0
