CoordX,CoordY,Orient,HalfLen,HalfWid
622.0,388.5,0.0,43.0,14.0
687.5,680.0,-1.5707963267948966,41.0,7.0
817.0,739.5,0.0,33.0,6.0
687.5,896.5,-1.5707963267948966,40.0,7.0
902.0,1042.5,0.0,39.0,6.0
687.5,1103.5,-1.5707963267948966,41.0,7.0
535.0,1271.0,-1.5707963267948966,43.0,5.0
687.5,1270.5,-1.5707963267948966,42.0,7.0
627.5,1327.5,-3.141592653589793,43.0,4.0
625.5,1464.5,-3.141592653589793,46.0,14.0
849.5,1559.5,-1.5707963267948966,43.0,9.0
