CoordX,CoordY,Orient,HalfLen,HalfWid
380.5,286.0,-3.141592653589793,48.0,21.0
332.0,874.5,-1.5707963267948966,41.0,6.0
397.0,1001.0,-3.141592653589793,46.0,12.0
