CoordX,CoordY,Orient,HalfLen,HalfWid
381.5,332.5,-3.141592653589793,36.0,16.0
499.5,911.0,-1.5707963267948966,38.0,5.0
299.5,936.0,-1.5707963267948966,37.0,5.0
499.5,1104.5,-1.5707963267948966,37.0,5.0
574.5,1364.5,-3.141592653589793,42.0,15.0
