CoordX,CoordY,Orient,HalfLen,HalfWid
200.0,343.5,-1.5707963267948966,36.0,11.0
811.5,315.5,-3.141592653589793,31.0,5.0
940.5,378.5,-1.5707963267948966,36.0,6.0
940.5,696.5,-1.5707963267948966,36.0,6.0
869.5,828.5,-3.141592653589793,47.0,11.0
