CoordX,CoordY,Orient,HalfLen,HalfWid
448.0,170.5,0.0,45.0,8.0
509.0,237.0,-1.5707963267948966,58.0,8.0
509.0,590.5,-1.5707963267948966,36.0,8.0
213.5,575.0,0.0,43.0,5.0
509.0,686.5,-1.5707963267948966,41.0,8.0
509.0,812.0,-1.5707963267948966,42.0,8.0
388.5,817.0,-1.5707963267948966,38.0,6.0
445.5,898.5,0.0,45.0,6.0
441.0,988.0,0.0,44.0,13.0
