CoordX,CoordY,Orient,HalfLen,HalfWid
378.0,300.0,-1.5707963267948966,39.0,6.0
229.5,657.5,-3.141592653589793,40.0,7.0
249.5,833.0,0.0,46.0,18.0
387.5,1580.5,-1.5707963267948966,43.0,6.0
