CoordX,CoordY,Orient,HalfLen,HalfWid
790.5,824.0,0.0,43.0,22.0
863.5,1205.0,-1.5707963267948966,41.0,7.0
865.5,1472.5,-1.5707963267948966,41.0,7.0
1025.789989118607,1483.9379760609359,-0.7572497966304835,41.60326707967166,6.082159224340952
766.5,1621.0,-3.141592653589793,45.0,18.0
