CoordX,CoordY,Orient,HalfLen,HalfWid
153.5,121.0,-1.5707963267948966,32.0,11.0
599.5,281.5,-3.141592653589793,25.0,6.0
528.0,324.0,-1.5707963267948966,31.0,7.0
528.0,445.5,-1.5707963267948966,25.0,7.0
612.5,533.5,0.0,31.0,11.0
