CoordX,CoordY,Orient,HalfLen,HalfWid
742.5,296.5,0.0,29.0,3.0
823.0,296.5,-3.141592653589793,34.0,3.0
870.0,342.5,-1.5707963267948966,37.0,3.0
192.5,362.5,-1.5707963267948966,37.0,10.0
870.0,444.0,-1.5707963267948966,39.0,3.0
653.0,631.0,-1.5707963267948966,36.0,4.0
783.5,709.0,0.0,43.0,7.0
