CoordX,CoordY,Orient,HalfLen,HalfWid
593.0,322.5,-1.5707963267948966,43.0,20.0
852.0,685.0,-1.5707963267948966,49.0,5.0
347.5,745.5,-3.141592653589793,41.0,5.0
406.5,876.5,-1.5707963267948966,44.0,5.0
944.0,864.0,0.0,41.0,5.0
467.0,1000.0,0.0,45.0,10.0
