CoordX,CoordY,Orient,HalfLen,HalfWid
330.5,247.0,-3.141592653589793,40.0,14.0
442.5,509.0,-1.5707963267948966,39.0,7.0
297.5,621.0,-3.141592653589793,37.0,4.0
245.0,673.0,-1.5707963267948966,34.0,10.0
756.5,830.0,-3.141592653589793,45.0,7.0
