CoordX,CoordY,Orient,HalfLen,HalfWid
586.0,390.5,-3.141592653589793,39.0,7.0
699.4691075514875,390.49427917620136,-0.00043082345783376877,40.00301205193457,7.017232288149283
966.0,557.5,0.0,32.0,7.0
868.5,837.5,-2.3279826553950933,34.45492959442765,7.524490436813812
947.5,1033.5,-3.141592653589793,34.0,7.0
863.176220806794,1077.6079263977354,-0.8352977132940027,45.69227957558261,7.907071851508107
909.5,1211.5,0.0,46.0,7.0
