CoordX,CoordY,Orient,HalfLen,HalfWid
313.5,295.5,-1.5707963267948966,45.0,7.0
1141.5,304.5,-1.5707963267948966,41.0,7.0
1141.5,419.0,-1.5707963267948966,42.0,7.0
1141.5,763.5,-1.5707963267948966,41.0,7.0
1425.5,825.5,-3.141592653589793,42.0,7.0
1141.5,881.5,-1.5707963267948966,37.0,7.0
1141.5,1063.5,-1.5707963267948966,41.0,7.0
1403.5,1134.5,-1.5707963267948966,41.0,7.0
1084.5,1197.5,-3.141592653589793,41.0,7.0
