CoordX,CoordY,Orient,HalfLen,HalfWid
1389.5,440.5,-3.141592653589793,39.0,7.0
402.0,699.5,-1.5707963267948966,44.0,19.0
1275.0,686.0,0.0,41.0,4.0
1421.0,686.0,0.0,41.0,4.0
1401.0,956.0,0.0,45.0,18.0
