CoordX,CoordY,Orient,HalfLen,HalfWid
382.0,152.5,-1.5707963267948966,39.0,18.0
1064.0,242.0,-1.5707963267948966,41.0,6.0
808.0,453.0,-1.5707963267948966,30.0,6.0
1188.0,552.0,0.0,31.0,5.0
281.0,558.0,0.0,41.0,5.0
931.0,603.0,-1.5707963267948966,31.0,10.0
559.0,619.5,-1.5707963267948966,41.0,10.0
155.5,743.5,-3.141592653589793,47.0,9.0
