CoordX,CoordY,Orient,HalfLen,HalfWid
476.5,398.5,-3.141592653589793,33.0,5.0
415.5,461.5,-1.5707963267948966,38.0,5.0
747.0,632.5,0.0,42.0,10.0
