CoordX,CoordY,Orient,HalfLen,HalfWid
693.0,377.5,0.0,30.0,5.0
578.5,422.5,-1.5707963267948966,35.0,5.0
1299.5,500.5,-1.5707963267948966,39.0,9.0
468.0,577.5,-3.141592653589793,40.0,5.0
694.5,577.5,-3.141592653589793,39.0,5.0
417.5,690.5,-1.5707963267948966,39.0,5.0
469.5,805.0,-3.141592653589793,39.0,5.0
622.5,805.0,0.0,43.0,5.0
623.0,969.5,-3.141592653589793,44.0,9.0
