CoordX,CoordY,Orient,HalfLen,HalfWid
176.5,257.0,0.0,48.0,23.0
446.5,664.0,-1.5707963267948966,43.0,6.0
521.5,880.0,-1.5707963267948966,43.0,6.0
391.0,1090.0,-3.141592653589793,48.0,11.0
