CoordX,CoordY,Orient,HalfLen,HalfWid
305.5,237.0,0.0,52.0,16.0
405.5,304.0,-1.5707963267948966,45.0,5.0
690.5,645.5,-1.5707963267948966,44.0,4.0
556.5,781.5,0.0,50.0,11.0
