CoordX,CoordY,Orient,HalfLen,HalfWid
430.5,412.5,-3.141592653589793,40.0,16.0
787.5,780.5,-3.141592653589793,31.0,5.0
982.0,780.5,-3.141592653589793,44.0,5.0
1156.0,780.5,-3.141592653589793,42.0,5.0
1235.0,852.5,-1.5707963267948966,31.0,5.0
651.5,886.5,-1.5707963267948966,41.0,5.0
548.0,946.5,0.0,31.0,10.0
707.5,1107.0,0.0,45.0,10.0
