CoordX,CoordY,Orient,HalfLen,HalfWid
178.0,85.0,-3.141592653589793,88.0,17.0
173.0,778.5,-1.5707963267948966,41.0,4.0
116.0,998.5,-3.141592653589793,46.0,9.0
