CoordX,CoordY,Orient,HalfLen,HalfWid
578.0,389.5,0.0,32.0,11.0
955.5,453.5,-1.5707963267948966,48.0,5.0
1166.0,823.5,0.0,26.0,5.0
919.5,884.5,-1.5707963267948966,27.0,5.0
596.5,903.0,-1.5707963267948966,27.0,5.0
348.0,1030.5,0.0,33.0,11.0
