CoordX,CoordY,Orient,HalfLen,HalfWid
506.5,316.5,-3.141592653589793,29.0,7.0
739.5,316.5,-3.141592653589793,80.0,7.0
1241.5,387.5,-1.5707963267948966,42.0,7.0
464.5,542.0,-1.5707963267948966,39.0,7.0
523.5,780.5,-3.141592653589793,42.0,7.0
