CoordX,CoordY,Orient,HalfLen,HalfWid
878.5,121.5,-1.5707963267948966,35.0,6.0
775.5,343.0,0.0,32.0,10.0
934.5,343.0,0.0,41.0,10.0
216.0,406.5,-1.5707963267948966,42.0,14.0
921.0,491.5,-3.141592653589793,33.0,7.0
400.0,498.0,0.0,40.0,9.0
548.5,544.5,-1.5707963267948966,30.0,6.0
683.5,544.5,-1.5707963267948966,28.0,6.0
683.5,668.5,-1.5707963267948966,30.0,6.0
772.0,808.5,0.0,47.0,11.0
