CoordX,CoordY,Orient,HalfLen,HalfWid
661.0,252.5,0.0,42.0,14.0
387.5,525.0,-1.5707963267948966,37.0,4.0
387.5,685.5,-1.5707963267948966,38.0,4.0
556.0,861.5,-1.5707963267948966,37.0,5.0
624.0,1011.5,0.0,42.0,7.0
