CoordX,CoordY,Orient,HalfLen,HalfWid
580.5,555.5,-3.141592653589793,45.0,5.0
720.5,609.5,-1.5707963267948966,45.0,5.0
720.5,721.5,-1.5707963267948966,44.0,5.0
315.5,1145.0,-1.5707963267948966,53.0,16.0
720.5,1226.0,-1.5707963267948966,45.0,5.0
908.5,1428.0,-1.5707963267948966,43.0,5.0
658.0,1597.5,0.0,51.0,5.0
849.5,1597.5,-3.141592653589793,44.0,5.0
789.5,1650.5,-1.5707963267948966,42.0,5.0
482.5,1652.5,-1.5707963267948966,43.0,5.0
608.5,1833.5,0.0,50.0,16.0
