CoordX,CoordY,Orient,HalfLen,HalfWid
216.0,355.0,-1.5707963267948966,39.0,12.0
778.5,376.5,-1.5707963267948966,37.0,5.0
332.0,422.0,-3.141592653589793,83.0,6.0
1081.0,423.5,0.0,26.0,6.0
446.0,505.5,-1.5707963267948966,32.0,6.0
607.0,507.0,-1.5707963267948966,32.0,5.0
778.5,550.5,-1.5707963267948966,33.0,5.0
1081.5,594.5,0.0,25.0,5.0
778.5,701.5,-1.5707963267948966,37.0,5.0
726.0,867.5,-3.141592653589793,37.0,5.0
