CoordX,CoordY,Orient,HalfLen,HalfWid
1238.5,494.0,-1.5707963267948966,34.0,10.0
627.0,534.0,-1.5707963267948966,37.0,5.0
1077.0,582.5,0.0,97.0,7.0
774.0,628.5,-1.5707963267948966,34.0,5.0
627.0,804.5,-1.5707963267948966,35.0,5.0
627.0,1020.0,-1.5707963267948966,35.0,5.0
800.5,1034.0,-3.141592653589793,21.0,5.0
873.0,1080.0,-1.5707963267948966,35.0,5.0
401.5,1128.0,0.0,32.0,5.0
627.0,1203.0,-1.5707963267948966,30.0,5.0
678.0,1309.0,0.0,39.0,8.0
