CoordX,CoordY,Orient,HalfLen,HalfWid
467.0,1027.5,0.0,41.0,24.0
270.5,1554.5,-3.141592653589793,40.0,5.0
450.5,1660.5,-1.5707963267948966,40.0,5.0
201.0,1785.5,0.0,45.0,12.0
