CoordX,CoordY,Orient,HalfLen,HalfWid
273.0,392.0,-3.141592653589793,29.0,10.0
894.5,642.5,-3.141592653589793,26.0,4.0
453.5,720.0,0.0,39.0,4.0
941.5,786.0,-1.5707963267948966,28.0,4.0
899.5,845.5,0.0,27.0,4.0
347.0,974.0,-1.5707963267948966,37.0,4.0
973.5,981.5,0.0,20.0,4.0
204.5,1016.0,-3.141592653589793,21.0,4.0
283.5,1016.0,-3.141592653589793,30.0,4.0
282.5,1136.0,0.0,30.0,10.0
227.0,1243.5,-1.5707963267948966,27.0,4.0
