CoordX,CoordY,Orient,HalfLen,HalfWid
807.5,230.0,0.0,35.0,5.0
925.5,284.5,-1.5707963267948966,44.0,6.0
222.0,386.5,-1.5707963267948966,40.0,13.0
925.5,390.0,-1.5707963267948966,40.0,6.0
864.0,664.0,0.0,41.0,9.0
