CoordX,CoordY,Orient,HalfLen,HalfWid
652.5,225.0,-1.5707963267948966,35.0,10.0
648.0,670.0,-1.5707963267948966,34.0,6.0
648.0,788.0,-1.5707963267948966,33.0,6.0
648.0,889.0,-1.5707963267948966,33.0,6.0
477.0,954.0,-1.5707963267948966,33.0,5.0
362.0,1045.0,-3.141592653589793,26.0,6.0
558.0,1045.0,0.0,35.0,6.0
557.5,1214.0,0.0,35.0,11.0
336.0,1633.5,-1.5707963267948966,33.0,5.0
