CoordX,CoordY,Orient,HalfLen,HalfWid
716.5,181.5,-1.5707963267948966,32.0,5.0
1354.0,389.5,-1.5707963267948966,40.0,11.0
450.5,386.5,-3.141592653589793,36.0,5.0
584.5,386.5,-3.141592653589793,32.0,5.0
783.5,386.5,-3.141592653589793,36.0,5.0
528.0,952.0,-1.5707963267948966,36.0,6.0
644.0,1011.0,0.0,42.0,10.0
