CoordX,CoordY,Orient,HalfLen,HalfWid
1913.5,457.5,-3.141592653589793,44.0,5.0
2717.5,457.5,-3.141592653589793,46.0,5.0
144.5,458.0,0.0,44.0,5.0
2795.0,629.5,-1.5707963267948966,45.0,17.0
285.5,687.0,0.0,44.0,7.0
465.0,687.0,0.0,47.0,7.0
2543.0,687.0,0.0,43.0,5.0
2795.0,791.0,-1.5707963267948966,82.0,17.0
2036.5,834.5,-1.5707963267948966,45.0,8.0
701.5,906.0,0.0,49.0,17.0
