CoordX,CoordY,Orient,HalfLen,HalfWid
290.5,589.0,0.0,41.0,19.0
585.0,908.5,-1.5707963267948966,40.0,5.0
585.0,1090.5,-1.5707963267948966,41.0,5.0
393.0,1182.5,-1.5707963267948966,41.0,5.0
520.0,1345.0,0.0,47.0,9.0
