CoordX,CoordY,Orient,HalfLen,HalfWid
720.0,282.5,-3.141592653589793,41.0,12.0
436.0,516.0,-1.5707963267948966,41.0,6.0
436.0,625.0,-1.5707963267948966,41.0,6.0
852.5,827.5,-1.5707963267948966,60.0,5.0
187.0,961.5,0.0,31.0,6.0
853.5,1005.0,-1.5707963267948966,41.0,4.0
438.5,1001.5,-1.5707963267948966,30.0,8.0
1067.0,1146.0,0.0,44.0,11.0
