CoordX,CoordY,Orient,HalfLen,HalfWid
351.0,261.5,0.0,42.0,12.0
538.5,265.5,-3.141592653589793,30.0,8.0
626.5,387.0,-1.5707963267948966,37.0,4.0
1258.0,421.5,-3.141592653589793,41.0,4.0
1209.5,507.0,-1.5707963267948966,31.0,4.0
1045.5,544.5,0.0,31.0,4.0
1209.5,596.5,-1.5707963267948966,41.0,4.0
491.0,809.5,0.0,45.0,4.0
581.0,809.5,-3.141592653589793,31.0,4.0
490.5,944.5,-3.141592653589793,45.0,13.0
