CoordX,CoordY,Orient,HalfLen,HalfWid
766.5,290.0,0.0,27.0,5.0
819.5,340.0,-1.5707963267948966,37.0,5.0
250.5,354.5,-1.5707963267948966,37.0,10.0
819.5,495.0,-1.5707963267948966,37.0,5.0
769.5,734.0,0.0,35.0,10.0
