CoordX,CoordY,Orient,HalfLen,HalfWid
981.5,462.0,-3.141592653589793,43.0,6.0
1101.0,563.5,-1.5707963267948966,45.0,7.0
619.0,616.0,0.0,40.0,19.0
956.0,667.0,-0.7731287048673272,46.053912870340135,7.213675161186465
483.5,715.5,-1.5707963267948966,41.0,7.0
719.5,822.5,0.0,16.0,6.0
800.5,896.5,-3.141592653589793,47.0,11.0
586.5,930.0,-3.141592653589793,36.0,7.0
