CoordX,CoordY,Orient,HalfLen,HalfWid
403.0,213.0,0.0,40.0,12.0
517.0,553.0,-1.5707963267948966,40.0,5.0
705.5,607.0,0.0,30.0,5.0
517.0,866.0,-1.5707963267948966,40.0,4.0
389.5,956.5,-1.5707963267948966,39.0,5.0
652.5,969.5,-3.141592653589793,30.0,9.0
455.0,1066.0,0.0,46.0,5.0
453.5,1144.0,-3.141592653589793,45.0,12.0
