CoordX,CoordY,Orient,HalfLen,HalfWid
563.4856687898089,195.90286624203821,1.5721643283342661,31.005442997317978,4.04103629052466
514.0,384.5,-3.141592653589793,38.0,4.0
563.5,429.5,-1.5707963267948966,33.0,4.0
1009.0,572.5,-1.5707963267948966,36.0,9.0
460.5,577.5,-1.5707963267948966,35.0,4.0
423.5,624.5,-3.141592653589793,25.0,3.0
460.5,783.0,-1.5707963267948966,33.0,4.0
541.5,892.0,0.0,40.0,9.0
