CoordX,CoordY,Orient,HalfLen,HalfWid
312.0,232.0,-3.141592653589793,42.0,16.0
787.5,288.5,-1.5707963267948966,40.0,5.0
1010.0,488.5,-1.5707963267948966,30.0,8.0
430.0,509.0,-1.5707963267948966,47.0,11.0
787.5,511.0,-1.5707963267948966,36.0,5.0
727.0,631.5,-3.141592653589793,42.0,9.0
