CoordX,CoordY,Orient,HalfLen,HalfWid
536.5,238.5,0.0,26.0,7.0
320.0,340.5,-1.5707963267948966,58.0,7.0
215.0,509.5,0.0,43.0,7.0
441.0,550.0,-1.5707963267948966,28.0,7.0
372.0,616.0,-3.141592653589793,41.0,7.0
738.0,616.0,0.0,40.0,7.0
666.0,812.5,-1.5707963267948966,35.0,7.0
