CoordX,CoordY,Orient,HalfLen,HalfWid
934.0,419.0,0.0,39.0,6.0
1037.0,419.0,-3.141592653589793,40.0,6.0
405.0,623.0,0.0,41.0,20.0
945.5,611.5,0.0,38.0,5.0
1084.0,624.0,0.0,41.0,18.0
203.5,649.5,-1.5707963267948966,37.0,5.0
844.1807838179519,726.0606826801517,0.5046232815197593,32.03694873178947,6.29554731192555
209.0,874.5,0.0,43.0,21.0
112.5,1160.5,-3.141592653589793,39.0,7.0
