CoordX,CoordY,Orient,HalfLen,HalfWid
777.0,248.0,-3.141592653589793,30.0,5.0
115.0,297.5,-1.5707963267948966,40.0,23.0
874.0,444.5,-1.5707963267948966,49.0,5.0
874.0,527.0,-1.5707963267948966,25.0,5.0
874.5,616.0,-1.5707963267948966,42.0,5.0
806.0,680.0,-3.141592653589793,41.0,16.0
1131.0,670.5,0.0,29.0,6.0
