CoordX,CoordY,Orient,HalfLen,HalfWid
709.5,252.0,-1.5707963267948966,30.0,4.0
755.5,292.5,-3.141592653589793,35.0,5.0
626.5,341.0,-1.5707963267948966,38.0,4.0
1432.0,353.5,-1.5707963267948966,38.0,14.0
626.5,503.5,-1.5707963267948966,39.0,4.0
872.5,588.5,-1.5707963267948966,38.0,4.0
702.5,642.5,0.0,45.0,4.0
703.0,714.0,-3.141592653589793,46.0,15.0
