CoordX,CoordY,Orient,HalfLen,HalfWid
421.5,238.5,-3.141592653589793,39.0,11.0
872.0,407.5,-1.5707963267948966,49.0,6.0
925.5,871.0,0.0,34.0,6.0
487.0,969.0,-1.5707963267948966,40.0,6.0
1047.0,1026.5,-3.141592653589793,39.0,11.0
