CoordX,CoordY,Orient,HalfLen,HalfWid
316.5,258.5,-1.5707963267948966,39.0,13.0
669.5,293.5,-1.5707963267948966,73.0,6.0
204.5,684.0,-3.141592653589793,38.0,6.0
259.5,773.0,-1.5707963267948966,39.0,5.0
384.0,918.0,-3.141592653589793,45.0,7.0
