CoordX,CoordY,Orient,HalfLen,HalfWid
987.5,227.5,-1.5707963267948966,29.0,5.0
513.0,269.5,-3.141592653589793,39.0,5.0
758.0,269.5,-3.141592653589793,34.0,5.0
611.5,378.5,-1.5707963267948966,46.0,5.0
808.5,383.5,-1.5707963267948966,39.0,5.0
690.0,533.5,-3.141592653589793,39.0,5.0
680.0,651.5,-3.141592653589793,43.0,13.0
732.5,738.5,-1.5707963267948966,29.0,4.0
