CoordX,CoordY,Orient,HalfLen,HalfWid
531.0,652.5,-3.141592653589793,33.0,12.0
592.0,1031.5,-1.5707963267948966,46.0,6.0
890.0,1121.0,0.0,34.0,6.0
592.0,1288.0,-1.5707963267948966,36.0,6.0
806.0,1327.0,-1.5707963267948966,35.0,6.0
592.0,1483.0,-1.5707963267948966,33.0,6.0
592.0,1632.0,-1.5707963267948966,41.0,6.0
518.0,1746.0,0.0,34.0,6.0
521.5,1892.5,0.0,32.0,12.0
