CoordX,CoordY,Orient,HalfLen,HalfWid
632.5,543.5,0.0,38.0,5.0
841.0,543.5,-3.141592653589793,39.0,5.0
531.5,593.0,-1.5707963267948966,38.0,5.0
579.0,641.5,0.0,39.0,6.0
1394.0,680.5,-1.5707963267948966,38.0,11.0
925.0,703.5,-1.5707963267948966,37.0,5.0
742.0,908.0,-3.141592653589793,39.0,10.0
