CoordX,CoordY,Orient,HalfLen,HalfWid
442.5,178.5,-3.141592653589793,38.0,10.0
456.5,612.0,0.0,37.0,5.0
610.0,664.0,-1.5707963267948966,37.0,5.0
346.0,695.0,-1.5707963267948966,32.0,5.0
555.5,779.0,0.0,37.0,5.0
346.0,955.0,-1.5707963267948966,33.0,5.0
408.0,1111.5,0.0,42.0,10.0
