CoordX,CoordY,Orient,HalfLen,HalfWid
554.0,283.0,-3.141592653589793,40.0,17.0
776.5,346.0,-1.5707963267948966,45.0,6.0
1051.0,665.0,-1.5707963267948966,36.0,7.0
1051.0,789.0,-1.5707963267948966,78.0,7.0
564.5,787.5,-1.5707963267948966,41.0,6.0
317.5,788.5,-1.5707963267948966,31.0,8.0
647.5,839.5,0.0,45.0,6.0
649.0,919.5,0.0,46.0,23.0
918.5,919.5,-3.141592653589793,40.0,23.0
