CoordX,CoordY,Orient,HalfLen,HalfWid
1101.5,400.0,0.0,41.0,16.0
839.5,651.5,-3.141592653589793,41.0,5.0
1093.5,651.5,-3.141592653589793,44.0,5.0
602.0,826.5,0.0,41.0,5.0
892.5,889.5,-1.5707963267948966,42.0,5.0
543.5,930.5,-1.5707963267948966,35.0,5.0
497.5,974.5,0.0,38.0,5.0
839.0,974.5,-3.141592653589793,42.0,5.0
542.5,1106.5,-1.5707963267948966,32.0,6.0
837.5,1158.5,-3.141592653589793,41.0,14.0
451.5,1432.0,-3.141592653589793,65.0,6.0
554.0,1690.0,-1.5707963267948966,35.0,6.0
