CoordX,CoordY,Orient,HalfLen,HalfWid
246.5,479.0,-3.141592653589793,102.0,6.0
609.5,479.0,-3.141592653589793,71.0,6.0
526.0,594.0,-1.5707963267948966,37.0,7.0
691.5,650.0,-1.5707963267948966,41.0,7.0
309.5,739.0,0.0,40.0,6.0
526.0,787.0,-1.5707963267948966,40.0,7.0
581.0,836.5,-3.141592653589793,42.0,5.0
580.0,929.0,0.0,47.0,7.0
