CoordX,CoordY,Orient,HalfLen,HalfWid
712.0,358.5,-1.5707963267948966,44.0,29.0
746.0,718.5,-1.5707963267948966,40.0,5.0
737.5,958.0,-1.5707963267948966,40.0,6.0
943.0,1013.0,-3.141592653589793,40.0,6.0
737.5,1070.5,-1.5707963267948966,35.0,6.0
569.0,1117.5,-1.5707963267948966,40.0,5.0
645.5,1183.0,0.0,45.0,10.0
