CoordX,CoordY,Orient,HalfLen,HalfWid
346.5,328.5,-3.141592653589793,45.0,13.0
442.5,799.0,-1.5707963267948966,40.0,7.0
352.0,914.5,-3.141592653589793,46.0,10.0
