CoordX,CoordY,Orient,HalfLen,HalfWid
832.5,516.5,-3.141592653589793,31.0,5.0
694.5,650.5,-1.5707963267948966,33.0,5.0
281.5,658.0,-1.5707963267948966,36.0,11.0
760.5,933.0,-1.5707963267948966,33.0,6.0
875.0,981.5,-1.5707963267948966,33.0,6.0
1053.0,982.5,-1.5707963267948966,33.0,6.0
822.5,1139.0,0.0,37.0,12.0
