CoordX,CoordY,Orient,HalfLen,HalfWid
420.0,263.0,-3.141592653589793,40.0,15.0
356.0,450.0,-1.5707963267948966,52.0,4.0
419.0,707.0,-3.141592653589793,54.0,4.0
320.0,751.0,-1.5707963267948966,33.0,4.0
320.0,834.5,-1.5707963267948966,28.0,4.0
603.5,823.0,0.0,27.0,4.0
482.0,872.5,-1.5707963267948966,38.0,4.0
320.0,1009.0,-1.5707963267948966,30.0,4.0
276.0,1107.0,0.0,29.0,4.0
369.5,1107.0,0.0,41.0,4.0
368.5,1275.0,-3.141592653589793,44.0,20.0
