CoordX,CoordY,Orient,HalfLen,HalfWid
254.5,344.5,-1.5707963267948966,43.0,7.0
842.0,428.5,-3.141592653589793,40.0,8.0
947.0,428.5,-3.141592653589793,40.0,8.0
996.5,485.5,-1.5707963267948966,40.0,8.0
786.5,489.0,-1.5707963267948966,43.0,8.0
965.0,838.0,-1.5707963267948966,38.0,8.0
1180.0,840.5,-1.5707963267948966,33.0,8.0
887.0,888.5,0.0,43.0,7.0
