CoordX,CoordY,Orient,HalfLen,HalfWid
702.0,342.0,-3.141592653589793,43.0,19.0
558.5,750.0,-1.5707963267948966,43.0,5.0
512.5,800.5,-3.141592653589793,31.0,5.0
381.0,964.5,0.0,32.0,5.0
558.5,1027.5,-1.5707963267948966,43.0,5.0
667.0,1146.5,-3.141592653589793,50.0,11.0
