CoordX,CoordY,Orient,HalfLen,HalfWid
520.0,630.5,-3.141592653589793,42.0,8.0
412.0,1030.0,-1.5707963267948966,38.0,3.0
353.0,1255.0,-1.5707963267948966,34.0,2.0
427.5,1335.5,-3.141592653589793,44.0,8.0
