CoordX,CoordY,Orient,HalfLen,HalfWid
741.5,416.5,-3.141592653589793,44.0,27.0
504.0,717.0,-1.5707963267948966,45.0,6.0
394.0,1062.5,-1.5707963267948966,41.0,6.0
599.0,1147.5,-1.5707963267948966,41.0,6.0
344.0,1189.5,0.0,41.0,5.0
456.0,1348.5,-3.141592653589793,47.0,7.0
