CoordX,CoordY,Orient,HalfLen,HalfWid
333.0,376.5,-1.5707963267948966,42.0,13.0
1092.5,379.5,-1.5707963267948966,38.0,5.0
1104.0,644.5,-1.5707963267948966,39.0,6.0
1034.5,832.5,-1.5707963267948966,39.0,5.0
1269.5,884.0,-1.5707963267948966,37.0,4.0
964.0,948.5,0.0,45.0,11.0
