CoordX,CoordY,Orient,HalfLen,HalfWid
526.5,396.0,0.0,48.0,11.0
520.5,782.0,-3.141592653589793,41.0,6.0
594.0,829.5,-1.5707963267948966,37.0,6.0
419.0,948.5,-1.5707963267948966,36.0,4.0
593.9764397905759,944.109947643979,-1.57321220681955,29.011994759507992,6.062795310119664
594.0,1051.5,-1.5707963267948966,28.0,6.0
535.0,1107.5,0.0,46.0,6.0
535.5,1177.5,0.0,45.0,12.0
