CoordX,CoordY,Orient,HalfLen,HalfWid
295.0,313.5,-1.5707963267948966,29.0,7.0
569.0,361.0,-3.141592653589793,36.0,7.0
1197.5,485.5,-1.5707963267948966,40.0,15.0
524.0,584.5,-1.5707963267948966,38.0,6.0
524.0,760.5,-1.5707963267948966,37.0,6.0
574.5,814.5,-3.141592653589793,42.0,7.0
