CoordX,CoordY,Orient,HalfLen,HalfWid
1123.0,348.5,-1.5707963267948966,91.0,13.0
361.0,572.0,-1.5707963267948966,35.0,7.0
581.5,780.0,-1.5707963267948966,40.0,7.0
282.5,834.0,0.0,31.0,5.0
645.0,933.0,-3.141592653589793,46.0,7.0
334.5,985.5,-1.5707963267948966,35.0,8.0
646.5,1053.5,0.0,44.0,13.0
