CoordX,CoordY,Orient,HalfLen,HalfWid
1367.0,271.0,-3.141592653589793,43.0,23.0
775.0,421.5,-1.5707963267948966,42.0,5.0
725.0,667.0,0.0,41.0,4.0
826.5,667.0,0.0,43.0,4.0
238.5,718.5,-1.5707963267948966,42.0,22.0
558.5,719.0,-1.5707963267948966,43.0,4.0
1023.5,876.0,0.0,48.0,10.0
1227.0,954.0,0.0,43.0,6.0
