CoordX,CoordY,Orient,HalfLen,HalfWid
1154.0,296.0,-1.5707963267948966,43.0,20.0
840.0,377.5,-1.5707963267948966,42.0,9.0
840.0,488.5,-1.5707963267948966,42.0,9.0
494.5,555.5,-3.141592653589793,42.0,7.0
678.0,609.0,-1.5707963267948966,42.0,10.0
281.5,698.0,0.0,48.0,11.0
