CoordX,CoordY,Orient,HalfLen,HalfWid
366.5,274.5,-3.141592653589793,44.0,16.0
339.5,816.0,-1.5707963267948966,40.0,5.0
520.5,839.5,-1.5707963267948966,41.0,5.0
639.0,982.5,0.0,41.0,5.0
453.5,1147.5,0.0,45.0,16.0
