CoordX,CoordY,Orient,HalfLen,HalfWid
433.0,400.0,-3.141592653589793,42.0,14.0
494.0,521.0,-1.5707963267948966,106.0,6.0
545.5,875.5,-3.141592653589793,44.0,6.0
596.5,938.5,-1.5707963267948966,28.0,4.0
295.0,994.5,-3.141592653589793,31.0,5.0
439.5,1050.0,-1.5707963267948966,39.0,5.0
639.5,1135.5,-3.141592653589793,27.0,5.0
596.5,1187.5,-1.5707963267948966,35.0,4.0
534.5,1235.5,0.0,45.0,4.0
532.0,1352.0,0.0,47.0,13.0
