CoordX,CoordY,Orient,HalfLen,HalfWid
1157.0,344.5,0.0,33.0,6.0
1211.5,394.0,-1.5707963267948966,35.0,6.0
394.0,416.0,-3.141592653589793,29.0,7.0
1208.0,584.5,-1.5707963267948966,34.0,10.0
441.0,595.5,-3.141592653589793,35.0,7.0
530.0,693.0,-1.5707963267948966,35.0,10.0
1118.5,702.0,0.0,39.0,6.0
440.5,803.0,0.0,40.0,10.0
1119.5,803.0,-3.141592653589793,38.0,10.0
