CoordX,CoordY,Orient,HalfLen,HalfWid
415.0,267.0,-1.5707963267948966,40.0,13.0
433.5,539.5,-1.5707963267948966,39.0,5.0
863.5,584.5,-3.141592653589793,29.0,7.0
712.5,641.0,-1.5707963267948966,40.0,4.0
572.0,786.0,-3.141592653589793,45.0,11.0
