CoordX,CoordY,Orient,HalfLen,HalfWid
569.5,256.5,0.0,41.0,22.0
1142.0,401.5,-1.5707963267948966,40.0,5.0
1092.5,639.0,-3.141592653589793,39.0,5.0
1192.0,639.0,0.0,41.0,5.0
1351.5,689.0,-1.5707963267948966,41.0,4.0
1660.5,689.0,-1.5707963267948966,41.0,22.0
901.0,841.5,-3.141592653589793,46.0,10.0
705.0,916.0,-3.141592653589793,42.0,6.0
