CoordX,CoordY,Orient,HalfLen,HalfWid
1114.0,243.5,-1.5707963267948966,29.0,12.0
966.0,346.5,-3.141592653589793,35.0,4.0
1011.5,387.5,-1.5707963267948966,30.0,4.0
299.5,433.5,-1.5707963267948966,38.0,10.0
1271.5,431.0,-3.141592653589793,29.0,7.0
1011.5,483.0,-1.5707963267948966,39.0,4.0
844.5,636.0,1.5707963267948966,34.0,7.0
896.0,743.0,-3.141592653589793,39.0,7.0
