CoordX,CoordY,Orient,HalfLen,HalfWid
854.5,348.5,0.0,28.0,8.0
300.0,384.5,-1.5707963267948966,39.0,10.0
921.5,402.0,-1.5707963267948966,39.0,10.0
921.0,688.5,-1.5707963267948966,35.0,10.0
872.5,807.0,0.0,35.0,10.0
