CoordX,CoordY,Orient,HalfLen,HalfWid
392.0,161.0,-1.5707963267948966,38.0,16.0
780.5,180.5,-1.5707963267948966,50.0,6.0
826.5,510.0,-3.141592653589793,30.0,8.0
478.0,512.0,0.0,61.0,6.0
408.0,564.0,-1.5707963267948966,41.0,8.0
696.0,565.0,-1.5707963267948966,35.0,6.0
471.5,687.0,-3.141592653589793,45.0,8.0
