CoordX,CoordY,Orient,HalfLen,HalfWid
446.0,288.5,-3.141592653589793,44.0,13.0
512.5,487.0,-1.5707963267948966,42.0,5.0
446.5,766.0,-3.141592653589793,46.0,5.0
568.5,809.5,-1.5707963267948966,35.0,5.0
379.5,898.0,-1.5707963267948966,42.0,5.0
617.5,1030.5,-3.141592653589793,35.0,4.0
568.5,1147.5,-1.5707963267948966,34.0,5.0
509.5,1195.5,-3.141592653589793,44.0,5.0
510.5,1347.0,0.0,46.0,12.0
572.5,1746.0,-1.5707963267948966,41.0,5.0
