CoordX,CoordY,Orient,HalfLen,HalfWid
414.0,460.5,-3.141592653589793,39.0,15.0
616.5,731.0,-3.141592653589793,61.0,5.0
486.0,813.0,-1.5707963267948966,69.0,5.0
594.5,1070.0,-1.5707963267948966,30.0,4.0
219.5,1048.0,0.0,31.0,5.0
392.0,1159.5,-1.5707963267948966,40.0,5.0
639.0,1292.5,0.0,27.0,7.0
454.5,1295.5,0.0,44.0,4.0
552.5,1295.5,0.0,33.0,4.0
454.5,1469.0,-3.141592653589793,44.0,15.0
580.0,1588.0,-1.5707963267948966,37.0,8.0
