CoordX,CoordY,Orient,HalfLen,HalfWid
381.5,385.5,-3.141592653589793,101.0,8.0
863.5,388.0,-3.141592653589793,42.0,6.0
245.5,446.5,-1.5707963267948966,41.0,14.0
874.5,866.5,-1.5707963267948966,36.0,6.0
997.5,1055.0,0.0,45.0,9.0
