CoordX,CoordY,Orient,HalfLen,HalfWid
1166.5,243.0,-1.5707963267948966,44.0,9.0
670.5,270.5,-1.5707963267948966,39.0,6.0
758.0,453.0,-3.141592653589793,32.0,4.0
853.5,505.5,-1.5707963267948966,42.0,5.0
526.0,763.0,-1.5707963267948966,32.0,7.0
617.5,877.0,0.0,45.0,9.0
