CoordX,CoordY,Orient,HalfLen,HalfWid
584.0,121.0,0.0,33.0,8.0
522.0,554.0,-1.5707963267948966,31.0,5.0
372.0,583.5,-1.5707963267948966,34.0,5.0
430.5,710.5,0.0,33.0,7.0
