CoordX,CoordY,Orient,HalfLen,HalfWid
1149.5,92.5,-1.5707963267948966,25.0,5.0
536.5,160.0,-1.5707963267948966,40.0,5.0
882.5,327.5,-3.141592653589793,35.0,5.0
1187.0,327.5,0.0,26.0,5.0
219.0,363.0,-1.5707963267948966,35.0,15.0
989.5,368.5,-1.5707963267948966,25.0,5.0
917.5,493.0,0.0,35.0,15.0
