CoordX,CoordY,Orient,HalfLen,HalfWid
738.0,254.5,-3.141592653589793,44.0,23.0
353.0,472.5,-1.5707963267948966,39.0,5.0
461.0,701.5,-1.5707963267948966,39.0,6.0
185.5,747.0,-1.5707963267948966,39.0,8.0
525.5,831.0,-3.141592653589793,45.0,11.0
