CoordX,CoordY,Orient,HalfLen,HalfWid
198.5,196.0,-1.5707963267948966,40.0,19.0
774.5,331.0,-1.5707963267948966,35.0,6.0
345.0,428.0,0.0,41.0,5.0
695.0,428.0,-3.141592653589793,42.0,5.0
461.5,526.5,-1.5707963267948966,33.0,5.0
547.5,572.0,-3.141592653589793,29.0,7.0
772.0,598.5,-1.5707963267948966,33.0,5.0
691.47203231821,769.0105655686762,0.0007895602135672664,45.01340849561681,17.033945786710806
