CoordX,CoordY,Orient,HalfLen,HalfWid
1714.0,332.0,0.0,40.0,16.0
416.5,334.5,-3.141592653589793,40.0,15.0
700.5,465.5,-3.141592653589793,39.0,7.0
489.5,577.0,-1.5707963267948966,39.0,7.0
489.5,747.5,-1.5707963267948966,39.0,7.0
912.0,719.5,0.0,43.0,7.0
1166.5,719.5,-3.141592653589793,41.0,7.0
1248.5,810.0,-1.5707963267948966,39.0,8.0
1479.0,815.0,-1.5707963267948966,37.0,9.0
650.5,870.0,0.0,40.0,10.0
837.5,870.0,-3.141592653589793,38.0,10.0
954.0,943.0,-3.141592653589793,40.0,14.0
