CoordX,CoordY,Orient,HalfLen,HalfWid
2105.5,452.0,-1.5707963267948966,42.0,14.0
769.5,533.5,-1.5707963267948966,43.0,4.0
1346.5,665.0,0.0,42.0,5.0
1613.0,665.0,-3.141592653589793,33.0,5.0
1399.0,774.0,-1.5707963267948966,44.0,5.0
599.0,855.0,-1.5707963267948966,44.0,8.0
1399.0,895.0,-1.5707963267948966,44.0,5.0
513.0,919.0,0.0,44.0,6.0
381.5,1042.5,-1.5707963267948966,41.0,17.0
769.5,1048.0,-1.5707963267948966,43.0,4.0
1321.5,1176.5,-3.141592653589793,46.0,17.0
