CoordX,CoordY,Orient,HalfLen,HalfWid
575.5,301.0,-1.5707963267948966,39.0,4.0
1249.5,367.5,-1.5707963267948966,42.0,8.0
463.0,350.5,-3.141592653589793,40.0,4.0
1132.5,441.5,-3.141592653589793,108.0,4.0
733.0,513.0,-1.5707963267948966,40.0,4.0
575.5,596.5,-1.5707963267948966,40.0,4.0
733.0,680.0,-1.5707963267948966,40.0,4.0
463.0,647.5,-3.141592653589793,41.0,4.0
575.5,699.0,-1.5707963267948966,40.0,4.0
630.5,933.0,-3.141592653589793,43.0,8.0
