CoordX,CoordY,Orient,HalfLen,HalfWid
1677.0,829.5,-1.5707963267948966,47.0,11.0
538.5,888.0,-1.5707963267948966,47.0,9.0
474.5,952.5,0.0,47.0,10.0
1464.5,967.5,0.0,38.0,9.0
640.0,1406.0,0.0,73.0,13.0
