CoordX,CoordY,Orient,HalfLen,HalfWid
330.0,424.5,0.0,36.0,15.0
501.5,822.5,-1.5707963267948966,30.0,4.0
313.0,956.0,0.8017348986014036,34.72446788324652,4.383073148531823
501.5,983.5,-1.5707963267948966,31.0,4.0
544.772,1097.456,-0.004013088149180043,31.019815761636746,5.120352059187019
449.0,1143.5,-3.141592653589793,40.0,4.0
450.0,1253.0,0.0,40.0,12.0
501.5,1762.5,-1.5707963267948966,36.0,4.0
