CoordX,CoordY,Orient,HalfLen,HalfWid
495.0,239.5,-3.141592653589793,38.0,5.0
442.5,295.5,-1.5707963267948966,43.0,5.0
1358.5,304.0,-1.5707963267948966,46.0,21.0
441.5,587.5,-1.5707963267948966,42.0,6.0
235.5,814.0,0.0,41.0,9.0
374.5,887.0,-1.5707963267948966,42.0,5.0
483.5,944.0,-3.141592653589793,47.0,12.0
