CoordX,CoordY,Orient,HalfLen,HalfWid
620.0,510.5,0.0,27.0,5.0
317.5,614.5,-1.5707963267948966,27.0,5.0
763.5,697.0,-1.5707963267948966,27.0,5.0
615.0,770.0,0.0,28.0,12.0
