CoordX,CoordY,Orient,HalfLen,HalfWid
1299.5,352.5,-1.5707963267948966,40.0,12.0
452.0,334.5,0.0,37.0,7.0
338.0,412.5,-1.5707963267948966,40.0,5.0
338.0,507.5,-1.5707963267948966,31.0,5.0
660.5,574.5,-3.141592653589793,45.0,8.0
454.5,666.0,-1.5707963267948966,45.0,8.0
338.0,706.5,-1.5707963267948966,30.0,5.0
393.0,759.5,-3.141592653589793,41.0,7.0
142.0,1063.0,0.0,31.0,8.0
