CoordX,CoordY,Orient,HalfLen,HalfWid
505.5,346.0,-3.141592653589793,41.0,5.0
302.5,929.0,-1.5707963267948966,43.0,5.0
246.0,1081.5,-3.141592653589793,41.0,13.0
