CoordX,CoordY,Orient,HalfLen,HalfWid
472.0,359.0,0.0,39.0,21.0
533.0,844.5,-1.5707963267948966,39.0,3.0
688.0,933.5,-3.141592653589793,38.0,5.0
533.0,1022.5,-1.5707963267948966,34.0,3.0
478.0,1109.0,-3.141592653589793,45.0,11.0
