CoordX,CoordY,Orient,HalfLen,HalfWid
405.5,514.5,-1.5707963267948966,79.0,16.0
1509.5,497.5,-3.141592653589793,46.0,5.0
1625.0,497.5,-3.141592653589793,47.0,5.0
1725.5,498.0,0.0,36.0,6.0
1273.0,640.0,-3.141592653589793,42.0,6.0
1058.5,696.0,-1.5707963267948966,41.0,8.0
1726.0,668.0,0.0,36.0,6.0
1682.0,723.5,-1.5707963267948966,42.0,6.0
1682.0,967.0,-1.5707963267948966,41.0,6.0
1503.0,999.0,-1.5707963267948966,31.0,6.0
1609.5,1107.5,0.0,46.0,9.0
