CoordX,CoordY,Orient,HalfLen,HalfWid
679.0,286.5,-3.141592653589793,34.0,4.0
636.0,335.5,-1.5707963267948966,40.0,6.0
803.5,345.0,-1.5707963267948966,30.0,4.0
1147.5,389.5,0.0,66.0,11.0
1326.0,447.0,-1.5707963267948966,42.0,8.0
636.0,446.0,-1.5707963267948966,39.0,6.0
746.5,959.0,-3.141592653589793,41.0,11.0
