CoordX,CoordY,Orient,HalfLen,HalfWid
729.0,258.0,0.0,35.0,5.0
640.0,313.5,-1.5707963267948966,43.0,4.0
798.5,352.0,-1.5707963267948966,39.0,5.0
1076.0,401.5,0.0,60.0,5.0
1151.5,599.5,-3.141592653589793,21.0,2.0
713.5,633.5,-3.141592653589793,44.0,6.0
