CoordX,CoordY,Orient,HalfLen,HalfWid
427.0,230.0,0.0,42.0,13.0
338.5,499.5,-1.5707963267948966,41.0,5.0
192.64250527797327,764.1104855735398,2.364103038052843,37.402789733882614,9.608394620191662
338.0,771.5,-1.5707963267948966,40.0,6.0
424.5,822.5,0.0,46.0,4.0
424.5,992.0,0.0,46.0,12.0
