CoordX,CoordY,Orient,HalfLen,HalfWid
1099.0,282.5,-1.5707963267948966,35.0,5.0
1027.0,344.0,0.0,31.0,5.0
854.0,445.0,0.0,31.0,5.0
1027.5,445.0,0.0,31.0,5.0
1099.0,500.0,-1.5707963267948966,36.0,5.0
1099.0,652.0,-1.5707963267948966,35.0,5.0
877.0,1020.0,0.0,41.0,11.0
1020.5,1020.0,0.0,39.0,11.0
