CoordX,CoordY,Orient,HalfLen,HalfWid
485.0,197.0,-2.3561944901923453,37.47665940288702,12.020815280171323
508.5,402.5,-1.5707963267948966,72.0,4.0
536.5,747.0,-1.5707963267948966,40.0,4.0
362.5,758.0,-1.5707963267948966,39.0,4.0
173.5,804.5,0.0,27.0,4.0
362.5,852.5,-1.5707963267948966,37.0,4.0
536.5,992.0,-1.5707963267948966,38.0,4.0
683.3776595744681,1050.1635638297873,-0.8323508912173717,29.466624428813375,6.97815575368814
475.5,1082.5,0.0,44.0,4.0
478.0,1192.0,0.0,42.0,11.0
