CoordX,CoordY,Orient,HalfLen,HalfWid
543.0,337.5,0.0,36.0,4.0
435.5,394.0,-1.5707963267948966,41.0,4.0
920.0,451.5,-3.141592653589793,52.0,7.0
695.5,512.0,-1.5707963267948966,38.0,4.0
1050.5,524.0,-1.5707963267948966,41.0,10.0
435.5,570.5,-1.5707963267948966,40.0,4.0
542.5,833.5,0.0,39.0,6.0
