CoordX,CoordY,Orient,HalfLen,HalfWid
376.5,364.5,0.0,43.0,14.0
323.0,937.5,-1.5707963267948966,39.0,5.0
228.0,1071.0,-3.141592653589793,39.0,5.0
400.0,1238.0,-3.141592653589793,45.0,14.0
