CoordX,CoordY,Orient,HalfLen,HalfWid
1208.5,353.5,-1.5707963267948966,40.0,10.0
504.5,333.5,-3.141592653589793,36.0,3.0
588.5,333.5,-3.141592653589793,31.0,3.0
378.5,403.5,-1.5707963267948966,40.0,3.0
678.5,404.5,-1.5707963267948966,40.0,3.0
513.5,575.0,-1.5707963267948966,42.0,3.0
628.0,857.0,-3.141592653589793,41.0,7.0
