CoordX,CoordY,Orient,HalfLen,HalfWid
850.0,397.5,0.0,35.0,5.0
731.5,476.0,-1.5707963267948966,38.0,5.0
901.5,504.0,-1.5707963267948966,39.0,5.0
731.5,580.0,-1.5707963267948966,38.0,5.0
798.5,887.0,-3.141592653589793,41.0,8.0
