CoordX,CoordY,Orient,HalfLen,HalfWid
783.0,282.0,0.0,43.0,9.0
233.0,613.0,0.0,41.0,9.0
291.0,753.0,-1.5707963267948966,41.0,5.0
376.5,893.0,-3.141592653589793,45.0,11.0
