CoordX,CoordY,Orient,HalfLen,HalfWid
516.0,207.0,0.0,36.0,13.0
465.0,381.0,-1.5707963267948966,38.0,8.0
516.5,640.0,-3.141592653589793,36.0,5.0
406.0,681.0,-1.5707963267948966,32.0,5.0
567.5,793.5,-1.5707963267948966,35.0,8.0
406.0,855.0,-1.5707963267948966,34.0,5.0
365.5,947.0,0.0,27.0,8.0
459.0,996.0,-3.141592653589793,42.0,5.0
457.0,1125.0,0.0,42.0,11.0
403.5,1281.0,-1.5707963267948966,41.0,8.0
