CoordX,CoordY,Orient,HalfLen,HalfWid
657.5,236.5,0.0,27.0,4.0
609.5,341.5,-1.5707963267948966,40.0,4.0
258.5,403.5,-3.141592653589793,41.0,9.0
870.5,403.5,0.0,38.0,9.0
605.5,458.0,-1.5707963267948966,41.0,5.0
142.5,474.0,-1.5707963267948966,41.0,5.0
868.0,537.0,0.0,41.0,5.0
885.5,728.0,-3.141592653589793,45.0,11.0
