CoordX,CoordY,Orient,HalfLen,HalfWid
437.0,475.0,0.0,39.0,16.0
340.0,792.5,-3.141592653589793,38.0,5.0
255.0,939.5,-1.5707963267948966,37.0,6.0
442.5,1003.0,-1.5707963267948966,38.0,6.0
196.5,1106.0,-3.141592653589793,39.0,9.0
372.0,1165.0,0.0,45.0,6.0
372.0,1310.0,-3.141592653589793,45.0,16.0
228.0,1578.0,0.0,43.0,10.0
