CoordX,CoordY,Orient,HalfLen,HalfWid
295.5,411.5,-1.5707963267948966,45.0,15.0
381.5,473.5,-3.141592653589793,44.0,5.0
1092.0,522.5,-3.141592653589793,40.0,5.0
850.5,601.5,-1.5707963267948966,40.0,5.0
1266.5,717.0,-3.141592653589793,44.0,11.0
