CoordX,CoordY,Orient,HalfLen,HalfWid
969.0,357.0,-3.141592653589793,43.0,18.0
1056.0,459.5,-1.5707963267948966,40.0,6.0
515.5,688.5,-3.141592653589793,40.0,5.0
434.5,779.5,-1.5707963267948966,42.0,5.0
1228.5,868.0,-1.5707963267948966,42.0,5.0
474.5,907.5,-1.5707963267948966,41.0,5.0
1302.5,923.5,-3.141592653589793,42.0,5.0
1445.0,1049.5,-1.5707963267948966,43.0,18.0
1056.0,1053.0,-1.5707963267948966,42.0,6.0
541.0,1190.0,0.0,48.0,18.0
