CoordX,CoordY,Orient,HalfLen,HalfWid
500.4550084889643,166.1918505942275,1.9543215021001337,28.796660664263094,5.840615638334943
550.4482288828337,247.05858310626704,0.34159071519962686,36.45313985032469,5.485253142727381
471.0910256410256,268.9871794871795,1.933497493742522,37.239498603068306,5.8734405384466
1093.0,387.0,-1.5707963267948966,38.0,12.0
548.5,625.0,-3.141592653589793,38.0,5.0
