CoordX,CoordY,Orient,HalfLen,HalfWid
149.5,454.0,-1.5707963267948966,31.0,5.0
522.0,501.5,0.0,50.0,5.0
677.5,501.5,-3.141592653589793,30.0,5.0
766.5,552.5,-3.141592653589793,21.0,5.0
736.5,639.5,-1.5707963267948966,31.0,5.0
555.0,680.5,-3.141592653589793,21.0,5.0
736.5,782.0,-1.5707963267948966,21.0,5.0
692.0,823.5,0.0,30.0,5.0
380.5,835.5,-3.141592653589793,30.0,5.0
