CoordX,CoordY,Orient,HalfLen,HalfWid
471.0,330.5,0.0,45.0,19.0
687.0,621.5,-3.141592653589793,40.0,5.0
849.5,681.5,-1.5707963267948966,39.0,5.0
974.0,802.0,-1.5707963267948966,40.0,5.0
615.5,805.0,-1.5707963267948966,41.0,6.0
537.5,951.0,-3.141592653589793,45.0,11.0
