CoordX,CoordY,Orient,HalfLen,HalfWid
703.4859813084112,207.05607476635515,-1.5716458193161849,51.010175507273146,12.042470291130865
249.5,241.0,0.0,27.0,5.0
790.9598470363288,293.32313575525814,-3.1343750396706476,50.08530827193022,12.360565000334693
257.52515723270443,332.38993710691824,-0.006509106150989318,41.018658630140315,3.2537897948470937
703.4152391149179,437.6068879371877,-1.5727854955140543,108.02365634218046,12.212817171843268
213.0,362.5,-1.5707963267948966,23.0,3.0
246.0,438.5,0.0,27.0,5.0
333.5,503.5,-1.5707963267948966,32.0,12.0
251.5,580.0,-3.141592653589793,36.0,12.0
