CoordX,CoordY,Orient,HalfLen,HalfWid
709.5,522.5,-3.141592653589793,42.0,21.0
1152.5,921.0,-3.141592653589793,36.0,5.0
838.5,970.0,-1.5707963267948966,38.0,4.0
922.5,1157.0,-3.141592653589793,42.0,8.0
