CoordX,CoordY,Orient,HalfLen,HalfWid
355.5,234.0,0.0,39.0,17.0
405.0,596.0,-1.5707963267948966,38.0,5.0
580.5,644.0,0.0,35.0,5.0
227.0,874.5,-1.5707963267948966,40.0,5.0
180.5,925.0,-3.141592653589793,34.0,5.0
337.5,925.0,-3.141592653589793,40.0,5.0
339.5,1086.0,0.0,40.0,17.0
205.0,1262.5,-3.141592653589793,40.0,6.0
