CoordX,CoordY,Orient,HalfLen,HalfWid
397.0,38.5,0.0,42.0,17.0
533.5,639.0,-1.5707963267948966,40.0,5.0
351.5,724.5,-2.0959511633530123,43.3186429239812,5.3446917702194945
644.5,895.5,-3.141592653589793,37.0,5.0
533.5,946.0,-1.5707963267948966,40.0,5.0
438.5,999.0,-3.141592653589793,49.0,6.0
438.5,1159.0,-3.141592653589793,49.0,19.0
611.5,1289.5,-1.5707963267948966,47.0,8.0
