CoordX,CoordY,Orient,HalfLen,HalfWid
553.0,437.5,-3.141592653589793,37.0,5.0
499.5,489.5,-1.5707963267948966,41.0,6.0
659.0,488.5,-1.5707963267948966,40.0,5.0
367.0,584.0,-3.141592653589793,26.0,4.0
441.0,584.0,-3.141592653589793,26.0,4.0
946.5,595.0,0.0,33.0,6.0
512.5,721.5,-1.5707963267948966,31.0,6.0
571.0,868.0,0.0,47.0,5.0
