CoordX,CoordY,Orient,HalfLen,HalfWid
433.0,333.0,-1.569937087590812,43.00771727860796,8.96304939645684
387.5,630.0,-3.141592653589793,32.0,6.0
432.0,812.0,-1.569937087590812,43.00771727860796,8.96304939645684
512.0,897.0,0.0,44.0,11.0
