CoordX,CoordY,Orient,HalfLen,HalfWid
181.5,451.5,-3.141592653589793,31.0,6.0
313.5,580.0,-1.5707963267948966,34.0,8.0
231.5,649.5,0.0,41.0,8.0
383.5,649.5,0.0,43.0,8.0
