CoordX,CoordY,Orient,HalfLen,HalfWid
396.5,131.0,-1.5707963267948966,42.0,3.0
481.0,379.0,0.0,27.0,4.0
572.5,379.0,0.0,27.0,4.0
396.5,437.5,-1.5707963267948966,44.0,3.0
592.5,533.5,0.0,42.0,9.0
