CoordX,CoordY,Orient,HalfLen,HalfWid
695.0,200.0,-1.5707963267948966,47.0,12.0
491.01929260450163,227.61093247588425,-1.5691894036709482,35.0095963460703,6.051413771232106
641.0,275.0,-3.141592653589793,40.0,6.0
218.0,733.0,0.0,45.0,12.0
1152.0,742.5,-3.141592653589793,45.0,10.0
