CoordX,CoordY,Orient,HalfLen,HalfWid
724.0,263.0,0.0,40.0,16.0
399.5,387.5,-1.5707963267948966,40.0,5.0
399.5,847.5,-1.5707963267948966,40.0,5.0
192.5,899.0,0.0,40.0,6.0
575.0,897.5,-3.141592653589793,41.0,4.0
418.0,943.0,-1.5707963267948966,32.0,6.0
879.5,958.5,-1.5707963267948966,40.0,5.0
955.0,1078.0,-3.141592653589793,46.0,11.0
