CoordX,CoordY,Orient,HalfLen,HalfWid
311.5,275.5,0.0,42.0,18.0
467.0,825.0,-1.5707963267948966,41.0,6.0
347.0,888.0,-1.5707963267948966,40.0,6.0
552.9670510708402,988.994233937397,-0.0004378823510170694,40.00262345920314,7.017076740050601
402.5,1152.0,0.0,43.0,16.0
