CoordX,CoordY,Orient,HalfLen,HalfWid
374.0,226.0,0.0,44.0,14.0
382.0,680.5,-1.5707963267948966,33.0,5.0
590.5,723.0,0.0,34.0,6.0
382.0,780.0,-1.5707963267948966,44.0,5.0
196.5,772.5,-1.5707963267948966,34.0,5.0
151.39261744966444,895.01677852349,-0.0014930656056912238,32.005936592292,4.047773623141629
254.0,960.0,0.0,43.0,5.0
256.5,1054.5,0.0,44.0,14.0
124.5,1166.0,-1.5707963267948966,37.0,6.0
