CoordX,CoordY,Orient,HalfLen,HalfWid
437.5,521.0,-1.5707963267948966,39.0,5.0
787.5,627.5,-3.141592653589793,41.0,6.0
231.5,662.5,-1.5707963267948966,29.0,5.0
437.5,679.5,-1.5707963267948966,44.0,5.0
1109.0,739.5,-1.5707963267948966,42.0,18.0
283.0,756.0,0.0,43.0,17.0
488.5,744.5,-3.141592653589793,37.0,5.0
623.5,744.5,-3.141592653589793,34.0,5.0
536.5,890.0,-1.5707963267948966,33.0,8.0
