CoordX,CoordY,Orient,HalfLen,HalfWid
483.0,200.0,0.0,37.0,14.0
158.5,397.0,-3.141592653589793,36.0,5.0
209.0,775.5,-1.5707963267948966,36.0,6.0
537.0,779.5,-1.5707963267948966,36.0,5.0
274.0,883.0,0.0,37.0,6.0
724.0,884.0,-3.141592653589793,27.0,5.0
537.0,932.0,-1.5707963267948966,37.0,5.0
475.5,1138.0,0.0,43.0,5.0
479.5,1301.5,-3.141592653589793,42.0,12.0
