CoordX,CoordY,Orient,HalfLen,HalfWid
365.0,200.0,0.0,43.0,14.0
302.0,381.0,-1.5707963267948966,34.0,5.0
252.5,664.0,-3.141592653589793,36.0,5.0
195.0,736.0,-1.5707963267948966,23.0,5.0
327.5,797.5,0.0,43.0,7.0
