CoordX,CoordY,Orient,HalfLen,HalfWid
612.5,339.0,-1.5707963267948966,46.0,10.0
1459.0,685.0,-3.141592653589793,39.0,12.0
527.5,691.0,-3.141592653589793,45.0,11.0
