CoordX,CoordY,Orient,HalfLen,HalfWid
396.5,296.5,-3.141592653589793,45.0,13.0
327.0,395.0,-1.5707963267948966,49.0,5.0
327.0,634.5,-1.5707963267948966,56.0,5.0
205.45866861741038,703.4959765910753,-0.00021271205750782746,56.00106229337978,5.011911762014562
315.0,949.0,-1.5707963267948966,41.0,5.0
562.5,1053.5,0.0,46.0,8.0
