CoordX,CoordY,Orient,HalfLen,HalfWid
185.0,290.0,-3.141592653589793,40.0,15.0
634.0,621.0,-1.5707963267948966,40.0,6.0
208.72416737830915,654.0614859094791,2.482376635943926,34.54032361438061,8.65829340077254
470.5,681.0,-1.5707963267948966,40.0,6.0
792.0,675.0,0.0,39.0,6.0
562.0,828.0,-3.141592653589793,40.0,10.0
