CoordX,CoordY,Orient,HalfLen,HalfWid
909.0,155.0,-1.5707963267948966,35.0,22.0
520.0,524.0,-1.5707963267948966,37.0,7.0
687.5,679.5,-1.5707963267948966,34.0,5.0
439.0,684.5,-1.5707963267948966,28.0,4.0
783.0,928.5,-3.141592653589793,46.0,10.0
