CoordX,CoordY,Orient,HalfLen,HalfWid
1004.5,220.0,-3.141592653589793,35.0,16.0
931.5,336.0,-1.5707963267948966,59.0,5.0
668.5,405.0,0.0,26.0,5.0
818.0,624.0,0.0,40.0,5.0
707.0,669.5,-1.5707963267948966,37.0,6.0
1151.0,698.0,-1.5707963267948966,29.0,5.0
886.5,904.0,-1.5707963267948966,38.0,6.0
1000.5,906.0,-1.5707963267948966,38.0,5.0
946.5,956.0,-3.141592653589793,40.0,5.0
948.5,1061.5,-3.141592653589793,41.0,6.0
