CoordX,CoordY,Orient,HalfLen,HalfWid
561.5,280.0,0.0,31.0,5.0
669.5,280.0,0.0,31.0,5.0
452.5,331.0,-1.5707963267948966,41.0,4.0
1257.0,435.5,-1.5707963267948966,40.0,10.0
452.5,451.0,-1.5707963267948966,39.0,4.0
507.5,709.0,-3.141592653589793,38.0,10.0
