CoordX,CoordY,Orient,HalfLen,HalfWid
946.0,208.5,-1.5707963267948966,40.0,5.0
559.5,211.0,-1.5707963267948966,40.0,4.0
739.5,213.0,-1.5707963267948966,40.0,5.0
206.5,506.0,-1.5707963267948966,39.0,18.0
658.5,499.5,-3.141592653589793,34.0,5.0
800.5,549.0,-1.5707963267948966,40.0,5.0
800.5,648.0,-1.5707963267948966,41.0,5.0
733.5,823.5,-3.141592653589793,45.0,5.0
732.0,922.5,-3.141592653589793,45.0,18.0
807.0,1046.0,-1.5707963267948966,40.0,6.0
