CoordX,CoordY,Orient,HalfLen,HalfWid
1018.5,412.0,-1.5707963267948966,49.0,21.0
630.0,564.0,0.0,44.0,5.0
278.5,617.5,-1.5707963267948966,43.0,4.0
121.5,874.5,0.0,50.0,12.0
