CoordX,CoordY,Orient,HalfLen,HalfWid
836.0,246.5,0.0,40.0,15.0
471.0,320.0,-1.5707963267948966,43.0,6.0
426.0,701.0,0.0,35.0,6.0
560.0,757.5,-1.5707963267948966,44.0,6.0
969.0,873.0,-0.9431219311736058,42.70917905284705,6.128123745197364
756.0,887.5,-1.5707963267948966,42.0,6.0
970.4059278350516,940.5953608247422,-2.5005341875948273,30.585741398394617,6.472771590202733
756.0,993.5,-1.5707963267948966,43.0,6.0
694.5,1113.5,-3.141592653589793,46.0,14.0
