CoordX,CoordY,Orient,HalfLen,HalfWid
177.0,870.0,0.0,41.0,5.0
519.0,1062.5,0.0,45.0,4.0
999.0,1112.0,-1.5707963267948966,46.0,9.0
232.0,1122.0,-1.5707963267948966,46.0,5.0
337.5,1422.5,0.0,46.0,9.0
