CoordX,CoordY,Orient,HalfLen,HalfWid
1308.0,610.5,-3.141592653589793,35.0,7.0
688.5,665.0,-1.5707963267948966,41.0,7.0
1390.5,669.0,-1.5707963267948966,45.0,7.0
1315.5,918.5,-1.5707963267948966,32.0,7.0
1254.5,1083.5,-3.141592653589793,40.0,7.0
1381.5,1083.5,-3.141592653589793,41.0,7.0
