CoordX,CoordY,Orient,HalfLen,HalfWid
555.5,22.0,-3.141592653589793,40.0,11.0
398.0,412.0,0.0,33.0,6.0
342.0,463.5,-1.5707963267948966,32.0,6.0
459.0,653.0,-1.5707963267948966,33.0,6.0
672.0,655.0,-1.5707963267948966,32.0,6.0
534.0,700.0,-3.141592653589793,42.0,6.0
533.0,837.0,0.0,42.0,11.0
