CoordX,CoordY,Orient,HalfLen,HalfWid
323.5,176.5,-3.141592653589793,39.0,16.0
459.5,554.5,-3.141592653589793,40.0,5.0
363.5,776.5,-3.141592653589793,44.0,6.0
464.5,776.5,0.0,36.0,6.0
556.0,776.5,0.0,33.0,6.0
365.5,960.5,0.0,43.0,10.0
497.0,1060.5,-1.5707963267948966,47.0,7.0
