CoordX,CoordY,Orient,HalfLen,HalfWid
882.5,351.5,-1.5707963267948966,35.0,12.0
377.0,388.5,0.0,37.0,4.0
325.5,464.5,-1.5707963267948966,31.0,4.0
224.0,557.5,-3.141592653589793,30.0,6.0
454.5,616.5,-1.5707963267948966,31.0,4.0
379.0,723.0,-3.141592653589793,42.0,9.0
