CoordX,CoordY,Orient,HalfLen,HalfWid
532.0,312.0,-1.5707963267948966,48.0,11.0
735.0,501.5,0.0,45.0,8.0
467.5,510.0,0.0,44.0,7.0
640.5,539.0,0.0,32.0,5.0
804.5,593.5,-1.5707963267948966,50.0,10.0
532.0,595.0,-1.5707963267948966,50.0,11.0
614.0,659.0,-3.141592653589793,33.0,5.0
733.0,661.0,0.0,42.0,7.0
