CoordX,CoordY,Orient,HalfLen,HalfWid
801.5,293.5,-1.5707963267948966,42.0,21.0
395.5,515.0,-1.5707963267948966,41.0,5.0
165.2,495.2,3.13269528774832,42.05172107617801,7.062003670071399
220.5,584.5,-1.5707963267948966,40.0,4.0
341.0,802.0,0.0,48.0,10.0
