CoordX,CoordY,Orient,HalfLen,HalfWid
132.5,189.0,-1.5707963267948966,37.0,6.0
379.00038834951454,260.01203883495145,-2.0417190236858335e-05,41.00030624930787,15.00083710167319
301.5,500.5,-1.5707963267948966,38.0,6.0
257.5,770.5,-1.5707963267948966,40.0,5.0
171.5,824.5,-3.141592653589793,29.0,6.0
349.0,983.0,-3.141592653589793,48.0,11.0
