CoordX,CoordY,Orient,HalfLen,HalfWid
1048.0,268.5,-1.5707963267948966,37.0,11.0
844.5,276.5,-1.5707963267948966,38.0,9.0
118.5,377.0,0.0,37.0,7.0
1048.0,500.0,-1.5707963267948966,39.0,11.0
692.0,579.0,0.0,38.0,10.0
619.5,805.5,-1.5707963267948966,32.0,10.0
