CoordX,CoordY,Orient,HalfLen,HalfWid
853.0,314.5,0.0,41.0,10.0
612.9269035532994,585.4199661590525,-1.1312407822536215,116.45725682943272,7.0994367577155115
579.0,744.0,-1.5707963267948966,32.0,6.0
804.5,828.0,-1.5707963267948966,34.0,6.0
804.4861111111111,1015.0694444444445,-1.5720657580459863,33.00758999644541,6.040616954758379
752.0,1105.0,0.0,44.0,11.0
