CoordX,CoordY,Orient,HalfLen,HalfWid
228.5,161.0,0.0,39.0,17.0
881.0,325.0,0.0,32.0,7.0
399.5,421.5,-3.141592653589793,39.0,3.0
1039.5,427.0,-3.141592653589793,38.0,6.0
925.5,508.0,-1.5698018598359753,40.00594702148101,5.960218361306413
984.5,619.0,-3.141592653589793,37.0,6.0
1086.0,619.0,-3.141592653589793,38.0,6.0
530.0,734.0,0.0,40.0,5.0
534.0,920.0,0.0,43.0,10.0
542.0,1527.0,-3.141592653589793,45.0,7.0
