CoordX,CoordY,Orient,HalfLen,HalfWid
660.5,285.0,0.0,43.0,11.0
187.0,645.0,0.0,26.0,7.0
335.5,645.0,-3.141592653589793,39.0,7.0
257.0,879.0,-1.5707963267948966,35.0,7.0
538.0,881.5,-1.5707963267948966,37.0,7.0
1013.5,1007.5,-3.141592653589793,47.0,11.0
