CoordX,CoordY,Orient,HalfLen,HalfWid
997.0,153.5,-3.141592653589793,45.0,7.0
1002.5,656.0,-3.141592653589793,48.0,7.0
871.0,716.0,-1.5707963267948966,44.0,7.0
1058.0,760.0,-1.5707963267948966,39.0,7.0
1297.0,810.0,0.0,34.0,6.0
1058.0,935.5,-1.5707963267948966,43.0,7.0
822.5,998.0,-3.141592653589793,34.0,7.0
871.0,1069.0,-1.5707963267948966,39.0,7.0
946.0,1126.0,0.0,49.0,7.0
945.5,1252.5,-3.141592653589793,48.0,6.0
