CoordX,CoordY,Orient,HalfLen,HalfWid
1031.0,426.5,-1.5707963267948966,50.0,17.0
334.0,535.0,0.0,43.0,9.0
179.98870765370137,738.551442910916,-1.571629171587256,41.007481382841334,9.032477821810213
509.0,852.0,-1.5707963267948966,41.0,9.0
248.0,909.0,-3.141592653589793,54.0,14.0
440.5,1024.0,0.0,36.0,9.0
