CoordX,CoordY,Orient,HalfLen,HalfWid
701.5,267.5,-3.141592653589793,39.0,11.0
646.5,547.5,-1.5707963267948966,38.0,5.0
624.0,638.0,-1.5707963267948966,30.0,5.0
760.5,672.5,-1.5707963267948966,35.0,6.0
624.0,805.5,-1.5707963267948966,39.0,5.0
964.0,779.5,-3.141592653589793,34.0,6.0
683.0,937.0,0.0,38.0,5.0
679.0,1061.5,0.0,38.0,11.0
