CoordX,CoordY,Orient,HalfLen,HalfWid
239.0,337.5,-1.5707963267948966,41.0,22.0
580.5,397.0,-1.5707963267948966,41.0,4.0
1136.5,397.5,-1.5707963267948966,41.0,5.0
469.0,448.5,-3.141592653589793,42.0,4.0
1094.5,518.5,-1.5707963267948966,41.0,5.0
960.0,645.0,-3.141592653589793,47.0,10.0
