CoordX,CoordY,Orient,HalfLen,HalfWid
736.5,475.0,-1.5707963267948966,36.0,7.0
1340.0,468.5,0.0,32.0,7.0
1385.5,514.5,-1.5707963267948966,37.0,7.0
1220.5,514.5,-1.5707963267948966,36.0,7.0
890.5,571.5,0.0,74.0,7.0
1385.5,676.5,-1.5707963267948966,38.0,7.0
1220.5,686.5,-1.5707963267948966,43.0,7.0
1336.5,854.5,0.0,38.0,7.0
