CoordX,CoordY,Orient,HalfLen,HalfWid
619.5,186.0,-3.141592653589793,37.0,23.0
414.5,243.5,-1.5707963267948966,31.0,2.0
369.0,594.0,0.0,31.0,5.0
540.5,594.0,-3.141592653589793,39.0,5.0
449.0,594.5,-3.141592653589793,28.0,4.0
600.0,669.5,-1.5707963267948966,39.0,5.0
328.5,668.5,-1.5707963267948966,32.0,5.0
188.18536585365854,769.5804878048781,0.008362489618713102,25.04093782544894,5.208884976750254
295.5,770.0,0.0,23.0,5.0
293.0,882.5,0.0,25.0,4.0
95.0,948.5,0.0,38.0,9.0
