CoordX,CoordY,Orient,HalfLen,HalfWid
802.0,102.5,-1.5707963267948966,54.0,11.0
876.0,203.0,0.0,44.0,13.0
164.5,219.5,-3.141592653589793,31.0,5.0
299.5,274.0,-1.5707963267948966,46.0,5.0
14.0,284.0,-1.5707963267948966,44.0,11.0
98.0,284.0,-1.5707963267948966,43.0,4.0
