CoordX,CoordY,Orient,HalfLen,HalfWid
432.5,225.0,-1.5707963267948966,39.0,4.0
457.5,591.0,0.0,44.0,17.0
945.0,591.0,-3.141592653589793,44.0,17.0
