CoordX,CoordY,Orient,HalfLen,HalfWid
476.5,470.0,-3.141592653589793,40.0,14.0
421.5,1031.0,-1.5707963267948966,33.0,6.0
180.0,1075.0,-3.141592653589793,33.0,5.0
421.5,1128.5,-1.5707963267948966,40.0,6.0
640.5,1223.0,-3.141592653589793,31.0,7.0
597.0,1266.5,-1.5707963267948966,30.0,7.0
535.5,1308.0,-3.141592653589793,39.0,7.0
535.0,1443.0,0.0,41.0,14.0
