CoordX,CoordY,Orient,HalfLen,HalfWid
445.5,54.5,-3.141592653589793,44.0,17.0
498.0,614.5,-1.5707963267948966,38.0,5.0
719.5,649.0,-3.141592653589793,39.0,5.0
498.0,756.5,-1.5707963267948966,30.0,5.0
189.5,746.0,0.0,31.0,5.0
327.0,812.0,-1.5707963267948966,40.0,5.0
498.0,926.5,-1.5707963267948966,40.0,5.0
380.5,1012.0,-3.141592653589793,45.0,5.0
379.0,1203.5,0.0,45.0,17.0
