CoordX,CoordY,Orient,HalfLen,HalfWid
508.5,372.5,0.0,40.0,4.0
610.0,476.5,-1.5707963267948966,42.0,16.0
464.5,995.0,-1.5707963267948966,42.0,5.0
464.5,1243.0,-1.5707963267948966,42.0,5.0
785.6123919308358,1234.5619596541787,2.1896399093072403,30.68215525079021,5.738130925620169
596.5,1264.0,-1.5707963267948966,42.0,5.0
227.0,1296.5,0.0,30.0,5.0
464.5,1338.5,-1.5707963267948966,30.0,5.0
526.0,1417.0,-3.141592653589793,46.0,10.0
