CoordX,CoordY,Orient,HalfLen,HalfWid
898.5,465.5,-3.141592653589793,40.0,15.0
1341.0,657.5,-3.141592653589793,42.0,8.0
723.5,728.5,-3.141592653589793,41.0,6.0
612.5,780.5,-1.5707963267948966,41.0,6.0
1339.0,850.5,-3.141592653589793,43.0,6.0
612.5,975.5,-1.5707963267948966,43.0,6.0
1274.0,989.0,-1.5707963267948966,43.0,5.0
127.0,1233.5,0.0,45.0,16.0
664.5,1233.5,-3.141592653589793,44.0,16.0
1383.5,1233.5,-3.141592653589793,39.0,16.0
