CoordX,CoordY,Orient,HalfLen,HalfWid
938.5,311.0,-3.141592653589793,40.0,14.0
1084.5,795.5,0.0,40.0,6.0
898.5,899.5,-1.5707963267948966,35.0,6.0
1137.5,926.0,-1.5707963267948966,34.0,6.0
725.5,946.5,-3.141592653589793,35.0,6.0
898.5,994.5,-1.5707963267948966,37.0,6.0
1182.0,971.5,0.0,35.0,6.0
1033.5,1186.5,-1.5707963267948966,39.0,6.0
953.5,1235.5,-3.141592653589793,44.0,6.0
953.0,1334.0,-3.141592653589793,45.0,13.0
