CoordX,CoordY,Orient,HalfLen,HalfWid
349.0,199.0,0.0,40.0,9.0
429.5,258.5,-1.5707963267948966,42.0,5.0
343.0,648.5,-3.141592653589793,39.0,5.0
484.0,648.5,-3.141592653589793,39.0,5.0
281.0,731.0,-1.5707963267948966,34.0,4.0
339.5,774.5,0.0,38.0,5.0
552.5,808.5,-1.5707963267948966,33.0,5.0
598.0,934.5,3.140012996991834,32.006278698732835,3.949446019259025
444.5,1020.0,0.0,39.0,4.0
448.0,1137.5,0.0,40.0,7.0
551.0,1275.0,-1.5707963267948966,39.0,6.0
