CoordX,CoordY,Orient,HalfLen,HalfWid
40.5,150.0,-1.5707963267948966,50.0,12.0
951.0,511.0,0.0,39.0,14.0
649.0,886.0,-1.5707963267948966,40.0,8.0
590.5,947.0,-3.141592653589793,46.0,9.0
