CoordX,CoordY,Orient,HalfLen,HalfWid
786.0,143.0,-3.141592653589793,19.0,2.0
559.5,337.5,0.0,32.0,7.0
513.5,394.0,-1.5707963267948966,46.0,9.0
247.5,523.5,0.0,22.0,4.0
433.5,524.0,0.0,30.0,5.0
355.0,559.0,-1.5707963267948966,20.0,3.0
508.0,576.0,-1.5707963267948966,21.0,4.0
354.5,683.0,-1.5707963267948966,26.0,3.0
417.0,805.5,-3.141592653589793,43.0,11.0
