CoordX,CoordY,Orient,HalfLen,HalfWid
396.0,103.0,-3.141592653589793,38.0,17.0
582.0,535.0,-1.5707963267948966,34.0,4.0
376.0,676.0,0.7999596807296032,38.979415524794234,5.796996234726222
582.0,709.5,-1.5707963267948966,34.0,4.0
630.5,830.0,-3.141592653589793,35.0,4.0
525.0,881.5,0.0,44.0,6.0
525.5,994.5,-3.141592653589793,45.0,13.0
