CoordX,CoordY,Orient,HalfLen,HalfWid
564.5,169.0,0.0,39.0,26.0
315.0,556.5,-3.141592653589793,40.0,6.0
433.5,556.5,0.0,26.0,6.0
588.5,633.0,-1.5707963267948966,39.0,6.0
518.0,681.5,0.0,31.0,6.0
299.0,840.0,-3.141592653589793,41.0,7.0
299.0,878.0,0.0,40.0,7.0
