CoordX,CoordY,Orient,HalfLen,HalfWid
606.0,275.5,0.0,40.0,18.0
311.0,523.5,-1.5707963267948966,38.0,5.0
980.5,637.0,-3.141592653589793,37.0,4.0
588.0,696.5,-1.5707963267948966,39.0,6.0
202.0,689.0,-1.5707963267948966,31.0,6.0
1037.0,707.0,-1.5707963267948966,29.0,4.0
654.0,822.5,0.0,43.0,9.0
