CoordX,CoordY,Orient,HalfLen,HalfWid
555.5,205.5,-1.5707963267948966,35.0,5.0
315.5,275.0,0.0,39.0,13.0
390.5,507.0,-1.5707963267948966,39.0,5.0
436.5,775.0,-1.5707963267948966,39.0,5.0
348.0,823.5,-3.141592653589793,44.0,5.0
523.0,823.5,0.0,30.0,5.0
350.0,985.5,0.0,44.0,15.0
