CoordX,CoordY,Orient,HalfLen,HalfWid
1396.5,380.0,-1.5707963267948966,44.0,12.0
297.5,382.0,-1.5707963267948966,41.0,12.0
866.5,346.5,-3.141592653589793,32.0,5.0
987.5,397.0,-1.5707963267948966,40.0,5.0
986.5,607.0,-1.5707963267948966,34.0,4.0
921.0,713.0,-3.141592653589793,48.0,11.0
