CoordX,CoordY,Orient,HalfLen,HalfWid
407.0,406.5,-1.5707963267948966,36.0,5.0
318.0,456.5,-3.141592653589793,40.0,6.0
540.0,642.5,-3.141592653589793,40.0,5.0
765.0,642.5,-3.141592653589793,40.0,5.0
448.0,711.5,-1.5707963267948966,42.0,5.0
207.5,741.0,-1.5707963267948966,47.0,12.0
529.0,813.0,0.0,41.0,5.0
687.5,906.5,0.7229563902645999,38.682707380175664,4.67457432739533
1019.0,1054.0,0.0,45.0,5.0
1020.0,1189.5,0.0,45.0,12.0
