CoordX,CoordY,Orient,HalfLen,HalfWid
156.5,109.5,-1.5707963267948966,26.0,10.0
635.5,235.5,-3.141592653589793,25.0,3.0
705.5,273.5,-1.5707963267948966,26.0,3.0
590.0,406.5,-1.5707963267948966,32.0,4.0
706.0,479.5,-1.5707963267948966,26.0,4.0
657.5,684.5,0.0,41.0,10.0
