CoordX,CoordY,Orient,HalfLen,HalfWid
489.5,226.5,0.0,37.0,10.0
805.0,532.5,-3.141592653589793,34.0,4.0
929.0,532.0,-3.141592653589793,30.0,4.0
357.0,625.5,-3.141592653589793,34.0,4.0
460.0,625.5,0.0,49.0,4.0
968.5,687.5,-1.5707963267948966,33.0,4.0
904.5,849.5,-3.141592653589793,39.0,10.0
