CoordX,CoordY,Orient,HalfLen,HalfWid
521.0,477.0,-3.141592653589793,47.0,6.0
454.0,674.5,1.5707963267948966,34.0,8.0
527.5,783.0,-3.141592653589793,48.0,9.0
