CoordX,CoordY,Orient,HalfLen,HalfWid
565.0,219.0,-3.141592653589793,41.0,17.0
490.5,571.0,-1.5707963267948966,40.0,5.0
598.5,783.5,-1.5707963267948966,37.0,5.0
361.5,838.5,0.0,33.0,7.0
408.0,883.0,-1.5707963267948966,34.0,7.0
482.5,988.5,0.0,46.0,4.0
482.0,1098.5,0.0,47.0,14.0
417.0,1232.0,-1.5707963267948966,35.0,3.0
