CoordX,CoordY,Orient,HalfLen,HalfWid
843.0,286.5,-3.141592653589793,33.0,4.0
925.5,286.5,0.0,32.0,4.0
1099.5,335.0,-1.5707963267948966,33.0,5.0
204.0,360.0,-1.5707963267948966,34.0,14.0
1099.5,455.0,-1.5707963267948966,33.0,5.0
740.5,491.5,-1.5707963267948966,33.0,4.0
820.0,551.5,0.0,33.0,10.0
574.0,624.5,-1.5707963267948966,33.0,5.0
