CoordX,CoordY,Orient,HalfLen,HalfWid
362.5,253.0,-1.5707963267948966,42.0,5.0
362.5,468.5,-1.5707963267948966,40.0,5.0
704.5,535.5,-1.5707963267948966,44.0,6.0
