CoordX,CoordY,Orient,HalfLen,HalfWid
312.00659229208924,457.9812373225152,-1.5701610361268132,36.00825151343359,13.022232548524826
675.0,596.5,-1.5707963267948966,37.0,8.0
956.0,651.5,-1.5707963267948966,36.0,7.0
774.0,714.0,-3.141592653589793,38.0,6.0
903.0,721.0,0.0,38.0,13.0
