CoordX,CoordY,Orient,HalfLen,HalfWid
577.5,285.5,-1.5707963267948966,44.0,9.0
630.0,612.0,0.0,36.0,5.0
577.5,668.0,-1.5707963267948966,44.0,9.0
473.5,723.0,0.0,31.0,5.0
668.0,895.5,-3.141592653589793,46.0,5.0
