CoordX,CoordY,Orient,HalfLen,HalfWid
1264.5,173.5,-1.5707963267948966,43.0,4.0
146.5,284.0,-3.141592653589793,34.0,5.0
203.5,402.5,-1.5707963267948966,43.0,5.0
531.5,446.5,-3.141592653589793,43.0,5.0
1223.0,604.0,-3.141592653589793,44.0,19.0
304.5,748.0,-3.141592653589793,44.0,9.0
