CoordX,CoordY,Orient,HalfLen,HalfWid
592.5,276.5,0.0,41.0,21.0
866.5,546.0,-3.141592653589793,41.0,5.0
991.0,598.5,-1.5707963267948966,42.0,5.0
849.5,651.5,-3.141592653589793,41.0,5.0
250.0,705.0,-1.5707963267948966,42.0,8.0
651.5,709.0,-1.5707963267948966,42.0,9.0
178.5,832.0,0.0,46.0,10.0
