CoordX,CoordY,Orient,HalfLen,HalfWid
223.0,459.0,0.0,40.0,5.0
166.0,581.5,-1.5707963267948966,35.0,5.0
808.5,596.0,-1.5707963267948966,42.0,19.0
165.5,897.5,0.0,46.0,10.0
348.5,892.5,-3.141592653589793,40.0,5.0
705.0,897.0,-3.141592653589793,70.0,10.0
615.5,1021.5,-1.5707963267948966,41.0,4.0
438.5,1123.0,-1.5707963267948966,35.0,4.0
