CoordX,CoordY,Orient,HalfLen,HalfWid
51.5,432.0,-1.5707963267948966,35.0,16.0
522.5,465.5,0.0,40.0,4.0
572.0,545.5,-1.5707963267948966,27.0,5.0
414.0,678.0,-1.5707963267948966,34.0,7.0
572.0,737.5,-1.5707963267948966,29.0,5.0
516.5,850.0,0.0,40.0,9.0
