CoordX,CoordY,Orient,HalfLen,HalfWid
455.5,229.0,-1.5707963267948966,47.0,22.0
439.0,507.0,-1.5707963267948966,45.0,6.0
553.0,770.5,-1.5707963267948966,40.0,7.0
237.0,773.0,-1.5707963267948966,40.0,4.0
148.5,835.0,-3.141592653589793,45.0,6.0
