CoordX,CoordY,Orient,HalfLen,HalfWid
499.0,598.0,-1.5707963267948966,36.0,23.0
1039.5,623.5,-1.5707963267948966,46.0,7.0
548.5,679.5,-1.5707963267948966,19.0,4.0
590.0,711.0,0.0,26.0,7.0
952.0,711.0,-3.141592653589793,36.0,7.0
895.5,791.0,-1.5707963267948966,32.0,5.0
962.0,884.5,-3.141592653589793,42.0,15.0
