CoordX,CoordY,Orient,HalfLen,HalfWid
1196.0,602.0,-1.5707963267948966,33.0,13.0
438.5,636.0,-1.5707963267948966,37.0,5.0
156.0,691.5,-3.141592653589793,34.0,5.0
438.5,750.0,-1.5707963267948966,38.0,5.0
438.5,996.5,-1.5707963267948966,47.0,5.0
545.0,1145.0,-3.141592653589793,45.0,13.0
