CoordX,CoordY,Orient,HalfLen,HalfWid
971.0,24.5,0.0,43.0,19.0
355.0,458.0,-1.5707963267948966,42.0,5.0
176.5,511.0,0.0,37.0,5.0
307.5,511.0,-3.141592653589793,36.0,5.0
900.0,570.0,-1.5707963267948966,41.0,6.0
1092.5,749.5,-1.5707963267948966,41.0,5.0
900.0,764.0,-1.5707963267948966,41.0,6.0
648.0,817.5,-1.5707963267948966,45.0,11.0
