CoordX,CoordY,Orient,HalfLen,HalfWid
642.0,273.0,-1.5707963267948966,43.0,15.0
496.0,460.0,-1.5707963267948966,30.0,5.0
254.5,473.0,-1.5707963267948966,39.0,5.0
197.5,556.0,-3.141592653589793,45.0,8.0
