CoordX,CoordY,Orient,HalfLen,HalfWid
163.5,239.0,0.0,28.0,5.0
417.5,293.0,0.0,27.0,5.0
566.5,293.0,0.0,37.0,5.0
931.5,293.0,0.0,104.0,5.0
367.0,338.5,-1.5707963267948966,37.0,5.0
1076.0,371.0,-1.5707963267948966,37.0,11.0
367.0,683.5,-1.5707963267948966,35.0,5.0
463.0,941.0,-3.141592653589793,40.0,10.0
