CoordX,CoordY,Orient,HalfLen,HalfWid
310.5,154.5,-3.141592653589793,74.0,9.0
409.0,339.0,-1.5707963267948966,42.0,4.0
409.0,570.5,-1.5707963267948966,41.0,4.0
232.0,732.5,-1.5707963267948966,32.0,4.0
409.0,787.0,-1.5707963267948966,32.0,4.0
187.0,804.0,-3.141592653589793,32.0,4.0
340.0,941.5,-3.141592653589793,37.0,9.0
