CoordX,CoordY,Orient,HalfLen,HalfWid
372.5,171.0,-1.5707963267948966,31.0,4.0
534.5,263.5,0.0,29.0,4.0
558.5,425.5,-3.141592653589793,41.0,4.0
373.5,477.0,-1.5707963267948966,40.0,4.0
557.0,632.5,0.0,43.0,8.0
356.0,1176.0,-3.141592653589793,40.0,14.0
