CoordX,CoordY,Orient,HalfLen,HalfWid
613.5,255.0,0.0,37.0,16.0
958.5,561.5,-1.5707963267948966,39.0,6.0
1159.5,622.0,0.0,33.0,6.0
130.5,735.0,-1.5695825093564346,38.01817926340671,14.95386389852041
532.0,750.0,-1.5707963267948966,39.0,6.0
958.5,765.5,-1.5707963267948966,35.0,6.0
286.5,810.5,0.0,38.0,6.0
591.5,810.5,0.0,38.0,6.0
958.5,875.0,-1.5707963267948966,38.0,6.0
298.5,1048.0,0.0,34.0,6.0
892.0,1240.0,-3.141592653589793,44.0,15.0
828.0,1387.5,-1.5707963267948966,39.0,6.0
