CoordX,CoordY,Orient,HalfLen,HalfWid
446.0,246.0,-1.5707963267948966,40.0,21.0
244.0,674.0,-3.141592653589793,30.0,4.0
411.0,674.0,0.0,41.0,4.0
581.5,825.5,-1.5707963267948966,40.0,4.0
685.0,927.0,0.0,31.0,5.0
414.0,1010.0,-3.141592653589793,47.0,10.0
