CoordX,CoordY,Orient,HalfLen,HalfWid
375.0,281.0,0.0,34.0,8.0
719.0,281.0,0.0,34.0,8.0
386.5,682.0,-3.141592653589793,37.0,3.0
328.01393728222996,772.6080139372822,-1.5694921671366766,31.005190274255426,4.037817217702941
976.5,845.0,0.0,40.0,8.0
328.0,942.5,-1.5707963267948966,32.0,4.0
386.5,1022.0,0.0,36.0,4.0
