CoordX,CoordY,Orient,HalfLen,HalfWid
761.5,276.0,-1.5707963267948966,57.0,5.0
1584.5,573.0,-1.5707963267948966,45.0,9.0
761.5,583.0,-1.5707963267948966,36.0,5.0
944.5,680.5,-1.5707963267948966,35.0,5.0
1584.5,880.5,-1.5707963267948966,44.0,9.0
792.5,924.5,-1.5707963267948966,40.0,9.0
944.5,920.5,-1.5707963267948966,35.0,5.0
