CoordX,CoordY,Orient,HalfLen,HalfWid
682.0,351.5,-3.141592653589793,41.0,13.0
798.0,855.0,-3.141592653589793,40.0,6.0
259.0,984.0,0.0,39.0,6.0
331.0,1029.0,-1.5707963267948966,39.0,6.0
929.0,1046.0,0.0,37.0,6.0
869.0,1109.0,-1.5707963267948966,42.0,6.0
812.0,1275.0,0.0,46.0,9.0
