CoordX,CoordY,Orient,HalfLen,HalfWid
195.0,269.5,0.0,42.0,18.0
490.5,584.0,-1.5707963267948966,42.0,6.0
706.0,648.5,0.0,44.0,6.0
251.5,699.5,-1.5707963267948966,42.0,11.0
152.5,999.5,0.0,45.0,11.0
