CoordX,CoordY,Orient,HalfLen,HalfWid
328.0,307.0,-1.5707963267948966,41.0,16.0
420.5,444.5,0.0,58.0,5.0
845.5,460.5,0.0,39.0,6.0
790.0,546.0,-1.5707963267948966,36.0,6.0
790.0,638.5,-1.5707963267948966,35.0,6.0
690.5,873.0,0.0,40.0,6.0
906.0,877.0,-3.141592653589793,47.0,10.0
681.0,1036.5,-2.0863334114771668,35.322810497144836,7.598299907059089
