CoordX,CoordY,Orient,HalfLen,HalfWid
411.0,369.5,-3.141592653589793,34.0,8.0
607.0,369.5,0.0,33.0,8.0
702.5,565.0,-1.5707963267948966,61.0,9.0
898.0,698.0,0.0,49.0,8.0
1281.0,841.5,0.0,43.0,7.0
1075.0,902.5,-1.5707963267948966,40.0,7.0
1268.0,1021.5,-3.141592653589793,44.0,9.0
1209.0,1088.0,-1.5707963267948966,47.0,7.0
951.5,1143.5,0.0,36.0,6.0
998.0,1208.5,-1.5707963267948966,38.0,6.0
1204.5,1270.0,-3.141592653589793,42.0,10.0
1204.0,1464.5,0.0,45.0,8.0
