CoordX,CoordY,Orient,HalfLen,HalfWid
442.0,286.5,-3.141592653589793,28.0,6.0
372.5,338.0,-1.5707963267948966,37.0,6.0
1187.0,385.0,-1.5707963267948966,37.0,13.0
410.5,651.5,-1.5707963267948966,36.0,6.0
610.5,670.5,-1.5707963267948966,26.0,6.0
485.5,784.0,-3.141592653589793,38.0,13.0
