CoordX,CoordY,Orient,HalfLen,HalfWid
341.0,71.5,0.0,37.0,11.0
486.5,289.5,-1.5707963267948966,36.0,6.0
486.5,383.5,-1.5707963267948966,36.0,6.0
381.5,591.0,-1.5707963267948966,28.0,4.0
227.0,670.5,-3.141592653589793,25.0,5.0
484.5,722.0,-1.5707963267948966,37.0,4.0
261.5,772.5,-1.5707963267948966,32.0,4.0
431.0,823.5,-3.141592653589793,42.0,4.0
431.0,896.5,0.0,41.0,11.0
