CoordX,CoordY,Orient,HalfLen,HalfWid
414.0,288.0,2.3562138710388907,41.011782171276806,21.919529065969193
821.5,496.0,-1.5707963267948966,40.0,5.0
852.5530726256983,749.7843575418995,0.8041788566271911,40.925285675769615,5.679229188658677
972.0,792.5,0.0,30.0,7.0
874.5,946.5,-3.141592653589793,44.0,11.0
