CoordX,CoordY,Orient,HalfLen,HalfWid
430.5,219.5,0.0,38.0,17.0
485.0,664.0,-1.5707963267948966,40.0,6.0
310.0,723.0,1.5707963267948966,39.0,5.0
673.0,720.5,-1.5707963267948966,29.0,5.0
139.0,834.0,-3.141592653589793,30.0,5.0
485.0,878.0,-1.5707963267948966,39.0,6.0
310.0,891.0,1.5707963267948966,39.0,5.0
366.0,1042.0,0.0,44.0,5.0
361.5,1126.5,-3.141592653589793,41.0,17.0
413.0,1233.5,-1.5707963267948966,39.0,6.0
