CoordX,CoordY,Orient,HalfLen,HalfWid
464.5,253.0,0.0,46.0,14.0
1011.0,258.5,0.0,47.0,15.0
705.5,550.0,0.0,30.0,5.0
847.5,550.0,0.0,42.0,5.0
246.0,685.5,-1.5707963267948966,39.0,6.0
777.0,758.5,-1.5707963267948966,40.0,5.0
827.5,811.0,-3.141592653589793,41.0,6.0
473.0,949.0,0.0,46.0,6.0
726.6705882352941,950.8882352941176,-3.134747343958606,39.02646729210674,5.13678797822607
468.0,1131.5,0.0,47.0,15.0
