CoordX,CoordY,Orient,HalfLen,HalfWid
260.5,333.0,-1.5707963267948966,36.0,6.0
260.5,616.0,-1.5707963267948966,35.0,6.0
252.0,918.0,0.0010080377461718884,40.00501986507704,4.959675956631813
