CoordX,CoordY,Orient,HalfLen,HalfWid
638.5,318.0,0.0,36.0,4.0
589.0,371.0,-1.5707963267948966,43.0,5.0
1291.5,427.0,-1.5707963267948966,41.0,13.0
589.0,536.0,-1.5707963267948966,43.0,5.0
751.0,552.0,-1.5707963267948966,41.0,5.0
651.5,808.5,-3.141592653589793,42.0,7.0
