CoordX,CoordY,Orient,HalfLen,HalfWid
1391.5,580.5,0.0,38.0,5.0
1081.5,634.5,-1.5707963267948966,42.0,5.0
1497.5,630.5,-1.5707963267948966,38.0,5.0
554.5,633.5,-1.5707963267948966,39.0,7.0
701.5,683.5,0.0,70.0,5.0
1497.5,725.0,-1.5707963267948966,35.0,5.0
1081.5,729.0,-1.5707963267948966,33.0,5.0
1654.5,788.5,-1.5707963267948966,33.0,5.0
1154.0,772.5,0.0,32.0,5.0
1443.5,772.0,0.0,43.0,5.0
1386.0,862.0,-1.5707963267948966,28.0,5.0
1439.5,965.5,-3.141592653589793,42.0,7.0
