CoordX,CoordY,Orient,HalfLen,HalfWid
408.0,194.5,0.0,38.0,16.0
723.0,276.5,-1.5707963267948966,33.0,6.0
765.5,340.0,-3.141592653589793,32.0,6.0
765.5,550.0,0.0,32.0,7.0
581.0,566.0,-3.141592653589793,38.0,6.0
627.0,691.0,-1.5707963267948966,30.0,6.0
232.5,777.5,-3.141592653589793,30.0,5.0
368.5,825.5,-1.5707963267948966,39.0,5.0
565.0,921.0,-1.5707963267948966,38.0,6.0
440.0,969.0,0.0,39.0,6.0
439.5,1096.5,0.0,38.0,18.0
