CoordX,CoordY,Orient,HalfLen,HalfWid
298.0,379.5,-3.141592653589793,44.0,16.0
516.0,430.5,-1.5707963267948966,29.0,8.0
607.0,1046.5,-1.5707963267948966,33.0,16.0
549.0,1203.5,0.0,38.0,16.0
