CoordX,CoordY,Orient,HalfLen,HalfWid
373.5,236.0,0.0,41.0,13.0
447.0,365.5,-1.5707963267948966,48.0,7.0
443.0,770.5,-1.5707963267948966,43.0,3.0
610.0,914.0,-1.5707963267948966,38.0,4.0
443.5,938.0,-1.5707963267948966,42.0,3.0
494.0,1092.0,0.0,42.0,4.0
511.5,1323.0,0.0,45.0,13.0
