CoordX,CoordY,Orient,HalfLen,HalfWid
362.5,161.0,0.0,38.0,14.0
405.5,757.5,-1.5707963267948966,37.0,4.0
275.0,776.0,-1.5707963267948966,32.0,4.0
198.5,909.5,-3.141592653589793,29.0,5.0
351.5,963.5,-3.141592653589793,41.0,4.0
351.5,1085.0,0.0,42.0,13.0
193.5,1231.0,0.0,33.0,5.0
