CoordX,CoordY,Orient,HalfLen,HalfWid
303.5,533.0,-3.141592653589793,40.0,4.0
412.0,533.0,0.0,38.0,4.0
1165.5,572.0,-1.5707963267948966,37.0,19.0
439.0,651.0,-3.141592653589793,30.0,4.0
548.0,651.0,0.0,29.0,4.0
687.0,651.0,-3.141592653589793,35.0,4.0
250.0,706.5,0.0,38.0,7.0
