CoordX,CoordY,Orient,HalfLen,HalfWid
561.5,338.5,0.0,41.0,11.0
173.08176943699732,540.5844504021447,3.1358397233258515,38.022382767931035,4.207038154872104
228.5,844.0,-1.5707963267948966,36.0,3.0
339.0,889.0,0.0,34.0,4.0
590.0,926.5,-1.5707963267948966,37.0,5.0
186.0,1001.0,0.0,35.0,5.0
443.0,1112.0,1.5707963267948966,39.0,5.0
499.5,1161.0,0.0,41.0,4.0
501.0,1272.5,0.0,42.0,11.0
