CoordX,CoordY,Orient,HalfLen,HalfWid
123.5,207.0,0.0,41.0,19.0
239.0,894.0,-1.5707963267948966,41.0,6.0
161.0,1049.0,-3.141592653589793,46.0,11.0
