CoordX,CoordY,Orient,HalfLen,HalfWid
550.0,347.0,-1.5707963267948966,38.0,5.0
658.5,396.0,0.0,75.0,8.0
1097.5,396.0,-3.141592653589793,84.0,8.0
550.0,446.0,-1.5707963267948966,38.0,5.0
511.0,522.5,0.0,29.0,4.0
1272.0,679.0,-1.5707963267948966,41.0,12.0
426.5,841.0,-1.5707963267948966,34.0,4.0
699.5,916.0,-3.141592653589793,44.0,9.0
252.5,926.0,0.0,33.0,16.0
