CoordX,CoordY,Orient,HalfLen,HalfWid
482.0,421.5,-3.141592653589793,42.0,8.0
659.5,421.5,-3.141592653589793,31.0,8.0
1255.0,466.5,-1.5707963267948966,42.0,9.0
413.0,477.5,-1.5707963267948966,41.0,5.0
885.5,662.0,-1.5707963267948966,41.0,8.0
532.0,731.5,-1.5707963267948966,31.0,7.0
701.0,754.5,-1.5707963267948966,25.0,7.0
586.5,831.0,0.0,43.0,10.0
