CoordX,CoordY,Orient,HalfLen,HalfWid
451.5,362.0,-1.5707963267948966,43.0,4.0
1131.0,444.5,-1.5707963267948966,46.0,21.0
240.5,605.5,-3.141592653589793,41.0,6.0
451.5,689.0,-1.5707963267948966,42.0,4.0
421.0,837.0,-1.5707963267948966,42.0,5.0
597.0,879.0,0.0,48.0,10.0
