CoordX,CoordY,Orient,HalfLen,HalfWid
810.5,103.5,-1.5707963267948966,33.0,3.0
912.0,273.5,0.0,30.0,3.0
256.5,372.0,-1.5707963267948966,41.0,14.0
1150.0,384.5,0.0,52.0,3.0
947.5,673.0,-3.141592653589793,41.0,8.0
