CoordX,CoordY,Orient,HalfLen,HalfWid
506.0,696.5,-3.141592653589793,41.0,13.0
429.0,1201.5,-1.5707963267948966,39.0,5.0
242.5,1203.0,-2.4796527952407246,37.10433663822287,5.316784990709389
798.0,1286.0,0.0,40.0,5.0
622.0,1339.0,-1.5707963267948966,40.0,5.0
429.0,1395.0,-1.5707963267948966,41.0,5.0
481.5,1492.0,0.0,44.0,5.0
489.5,1682.0,0.0,46.0,12.0
379.0,2071.5,-1.5707963267948966,46.0,8.0
