CoordX,CoordY,Orient,HalfLen,HalfWid
1349.5,169.5,-1.5707963267948966,31.0,7.0
788.0,400.5,0.0,43.0,7.0
278.5,456.0,-1.5707963267948966,43.0,20.0
1296.5,464.5,-3.141592653589793,42.0,7.0
1403.5,464.5,0.0,43.0,7.0
1033.0,592.0,0.0,43.0,7.0
1148.0,634.0,-1.5707963267948966,31.0,10.0
1461.5,799.5,-3.141592653589793,48.0,10.0
