CoordX,CoordY,Orient,HalfLen,HalfWid
460.0,276.5,-3.141592653589793,40.0,14.0
317.5,546.5,-1.5707963267948966,39.0,5.0
160.5,606.5,0.0,39.0,12.0
755.0,606.5,-3.141592653589793,41.0,12.0
451.0,822.0,-1.5707963267948966,41.0,5.0
313.5,839.0,-1.5707963267948966,40.0,6.0
373.5,939.5,-3.141592653589793,47.0,14.0
