CoordX,CoordY,Orient,HalfLen,HalfWid
125.5,181.0,-3.141592653589793,53.0,15.0
454.0,964.5,-1.5707963267948966,48.0,9.0
376.5,1088.0,-3.141592653589793,47.0,10.0
