CoordX,CoordY,Orient,HalfLen,HalfWid
396.5,391.5,0.0,38.0,6.0
492.5,391.5,0.0,39.0,6.0
894.0,391.5,0.0,36.0,6.0
226.5,546.0,-3.141592653589793,39.0,7.0
965.0,642.5,-1.5707963267948966,45.0,24.0
228.5,726.5,0.0,39.0,6.0
309.0,876.5,-1.5707963267948966,34.0,6.0
155.5,1255.0,0.0,44.0,10.0
