CoordX,CoordY,Orient,HalfLen,HalfWid
778.0,370.0,-3.141592653589793,44.0,19.0
416.5,704.5,-1.5707963267948966,44.0,5.0
362.5,758.5,-3.141592653589793,41.0,5.0
629.5,1038.5,-1.5707963267948966,45.0,5.0
278.5,1040.0,-1.5707963267948966,40.0,5.0
823.5,1185.0,-3.141592653589793,47.0,9.0
