CoordX,CoordY,Orient,HalfLen,HalfWid
601.5,326.5,0.0,43.0,21.0
339.0,454.0,-1.5707963267948966,38.0,5.0
490.0,836.5,-1.5707963267948966,39.0,5.0
799.5,868.0,-3.141592653589793,55.0,5.0
536.0,1053.0,0.0,38.0,4.0
703.0,1053.0,-3.141592653589793,35.0,4.0
812.5,1058.0,-3.141592653589793,44.0,9.0
265.5,1105.0,-1.5707963267948966,37.0,8.0
