CoordX,CoordY,Orient,HalfLen,HalfWid
631.0,336.5,0.0,32.0,5.0
1239.5,399.5,-1.5707963267948966,41.0,7.0
504.0,445.0,-1.5707963267948966,43.0,6.0
504.0,560.5,-1.5707963267948966,45.0,6.0
554.5,880.0,-3.141592653589793,38.0,9.0
