CoordX,CoordY,Orient,HalfLen,HalfWid
1015.5,363.5,0.0,37.0,4.0
833.5,419.5,-1.5707963267948966,40.0,8.0
1083.5,420.0,-1.5707963267948966,40.0,6.0
313.0,441.5,-1.5707963267948966,41.0,11.0
819.0,634.0,-1.5707963267948966,41.0,6.0
1023.0,761.0,0.0,45.0,10.0
