CoordX,CoordY,Orient,HalfLen,HalfWid
171.0,271.5,0.0,47.0,19.0
429.0,662.5,-1.5707963267948966,41.0,6.0
505.0,866.5,-1.5707963267948966,41.0,6.0
377.5,1072.0,-3.141592653589793,47.0,10.0
