CoordX,CoordY,Orient,HalfLen,HalfWid
1173.5,355.0,-1.5707963267948966,38.0,11.0
616.0,329.0,0.0,34.0,5.0
679.0,382.5,-1.5707963267948966,38.0,5.0
485.0,386.5,-1.5707963267948966,37.0,5.0
485.0,685.0,-1.5707963267948966,38.0,5.0
539.5,814.0,-3.141592653589793,38.0,11.0
