CoordX,CoordY,Orient,HalfLen,HalfWid
2586.0,429.0,0.0,29.0,4.0
2713.0,429.0,0.0,29.0,4.0
2059.0,680.5,-1.5716823878142645,44.01593182397195,17.96100625431254
551.0,855.0,-1.5707963267948966,44.0,18.0
1711.5,890.5,-1.5707963267948966,38.0,5.0
1468.0,909.0,-1.5707963267948966,39.0,6.0
1167.0,909.5,-1.5707963267948966,38.0,6.0
1221.5,1040.0,0.0,44.0,17.0
2386.0,1048.5,0.0,44.0,18.0
