CoordX,CoordY,Orient,HalfLen,HalfWid
689.5,533.5,0.0,40.0,8.0
788.972538513061,533.4943067649028,-0.0004275093415114266,41.00341632796111,8.01709964208263
637.5,663.0,-1.5707963267948966,42.0,4.0
889.5,743.5,-1.5707963267948966,35.0,4.0
889.5,835.0,-1.5707963267948966,35.0,4.0
693.0,938.5,-3.141592653589793,46.0,8.0
837.5,939.5,0.0,45.0,9.0
288.0,994.0,-1.5707963267948966,41.0,13.0
