CoordX,CoordY,Orient,HalfLen,HalfWid
304.0,192.5,-3.141592653589793,40.0,12.0
194.5,729.5,0.0,30.0,6.0
255.5,813.0,-1.5707963267948966,29.0,6.0
301.93872919818455,1047.9614220877459,0.7774726835976806,63.68244442724205,5.898620708404846
413.5,1190.0,0.0,39.0,6.0
413.5,1382.5,-3.141592653589793,40.0,12.0
208.5,1550.0,-1.5707963267948966,40.0,5.0
