CoordX,CoordY,Orient,HalfLen,HalfWid
543.0,375.5,-1.5707963267948966,53.0,4.0
685.5,591.5,-1.5707963267948966,30.0,4.0
594.0,683.0,0.0,41.0,5.0
440.5,683.5,-3.141592653589793,59.0,4.0
744.5,794.5,0.0,26.0,6.0
645.0,883.5,-1.5707963267948966,36.0,4.0
591.0,1036.5,0.0,46.0,25.0
457.0,1075.0,-0.7929085978669064,43.637580078397164,27.964835788043537
