CoordX,CoordY,Orient,HalfLen,HalfWid
652.5,288.0,0.0,41.0,13.0
861.5,466.5,-3.141592653589793,31.0,5.0
758.5,735.0,-1.5707963267948966,37.0,5.0
444.5,768.0,-1.5707963267948966,42.0,5.0
693.0,807.5,-3.141592653589793,44.0,5.0
242.5,859.5,-3.141592653589793,32.0,5.0
444.5,911.0,-1.5707963267948966,41.0,5.0
511.5,1055.5,-3.141592653589793,46.0,5.0
510.0,1195.0,-3.141592653589793,46.0,13.0
