CoordX,CoordY,Orient,HalfLen,HalfWid
190.0,367.5,0.0,39.0,6.0
606.5,367.5,-3.141592653589793,33.0,5.0
780.5,367.5,-3.141592653589793,34.0,5.0
888.0,862.0,-1.5707963267948966,29.0,6.0
777.5,908.5,0.0,38.0,6.0
