CoordX,CoordY,Orient,HalfLen,HalfWid
705.5,277.0,-1.5707963267948966,49.0,6.0
187.0,477.0,-1.5707963267948966,43.0,13.0
913.5,452.5,-3.141592653589793,37.0,6.0
1268.0,452.5,-3.141592653589793,43.0,6.0
1371.5,509.0,-1.5707963267948966,40.0,6.0
1371.5,685.0,-1.5707963267948966,36.0,6.0
1519.5,683.0,-1.5707963267948966,34.0,6.0
1120.5,774.5,0.0,45.0,11.0
