CoordX,CoordY,Orient,HalfLen,HalfWid
479.5,555.0,0.0,41.0,19.0
1183.0,545.0,0.0,48.0,9.0
1542.0,642.5,-1.5707963267948966,45.0,9.0
338.5,949.5,0.0,42.0,4.0
287.5,1184.0,-1.5707963267948966,41.0,4.0
449.5,1348.5,-1.5707963267948966,43.0,4.0
226.5,1447.5,-3.141592653589793,41.0,4.0
443.0,1576.0,-1.5707963267948966,31.0,4.0
363.0,1629.0,0.0,48.0,19.0
