CoordX,CoordY,Orient,HalfLen,HalfWid
698.0,449.5,-3.141592653589793,36.0,13.0
649.0,533.0,-1.5707963267948966,69.0,5.0
649.0,1117.5,-1.5707963267948966,37.0,5.0
607.5,1259.0,0.0,27.0,7.0
709.0,1325.0,0.0,43.0,5.0
710.5,1446.5,-3.141592653589793,41.0,12.0
637.0,1559.5,-1.5707963267948966,40.0,5.0
