CoordX,CoordY,Orient,HalfLen,HalfWid
185.0,347.0,-1.5707963267948966,44.0,13.0
333.0,411.0,0.0,44.0,10.0
593.5,411.0,0.0,36.0,10.0
715.5,464.0,-3.141592653589793,46.0,9.0
