CoordX,CoordY,Orient,HalfLen,HalfWid
348.0,370.5,0.0,37.0,4.0
943.0,414.5,-1.5707963267948966,39.0,13.0
457.5,416.0,-1.5707963267948966,39.0,4.0
202.5,505.0,-1.5707963267948966,33.0,4.0
457.5,573.0,-1.5707963267948966,38.0,4.0
256.0,682.5,0.0,38.0,7.0
