CoordX,CoordY,Orient,HalfLen,HalfWid
466.5,336.5,0.0,46.0,19.0
409.0,450.0,-1.5707963267948966,72.0,7.0
409.0,955.0,-1.5707963267948966,47.0,7.0
252.5,1034.5,0.0,40.0,8.0
463.5,1192.0,-3.141592653589793,47.0,13.0
