CoordX,CoordY,Orient,HalfLen,HalfWid
441.5,180.5,0.0,37.0,15.0
372.5,488.5,-1.5707963267948966,42.0,5.0
175.0,597.5,0.0,26.0,5.0
295.71209540034073,758.526405451448,2.428282943943403,25.89902995414257,5.975419390293411
260.5,901.5,-1.5707963267948966,32.0,5.0
176.0,1019.5,0.0,26.0,5.0
405.5,1108.0,-1.5707963267948966,36.0,5.0
202.0,1186.0,0.0,27.0,6.0
344.5,1186.0,-3.141592653589793,42.0,6.0
343.0,1366.0,0.0,41.0,15.0
413.0,1472.5,-1.5707963267948966,37.0,6.0
