CoordX,CoordY,Orient,HalfLen,HalfWid
330.0,123.0,0.0,39.0,8.0
701.0,566.0,0.0,38.0,4.0
807.5,566.0,0.0,38.0,4.0
436.0,621.5,-1.5707963267948966,39.0,8.0
854.0,643.0,-1.5707963267948966,35.0,5.0
566.0,754.0,-3.141592653589793,41.0,8.0
