CoordX,CoordY,Orient,HalfLen,HalfWid
526.5,172.5,0.0,68.0,19.0
958.0,171.0,-3.141592653589793,67.0,18.0
373.0,258.0,-1.5707963267948966,43.0,5.0
373.0,567.0,-1.5707963267948966,44.0,5.0
315.5,624.5,-3.141592653589793,30.0,9.0
1086.5,777.0,0.0,39.0,8.0
976.5,810.0,-3.141592653589793,41.0,5.0
397.0,880.5,-1.5707963267948966,30.0,5.0
1032.0,890.0,-1.5707963267948966,40.0,5.0
522.0,1079.5,-3.141592653589793,47.0,9.0
