CoordX,CoordY,Orient,HalfLen,HalfWid
394.0,268.5,0.0,38.0,16.0
281.5,392.5,-1.5707963267948966,41.0,5.0
504.5,778.5,-1.5707963267948966,41.0,5.0
210.5,779.0,-1.5707963267948966,37.0,6.0
567.5,923.0,-3.141592653589793,47.0,9.0
