CoordX,CoordY,Orient,HalfLen,HalfWid
519.0,332.0,0.0,42.0,15.0
418.5,633.5,-1.5707963267948966,39.0,5.0
418.5,875.5,-1.5707963267948966,39.0,6.0
224.5,1013.0,0.0,37.0,9.0
449.5,1127.5,-1.5707963267948966,37.0,6.0
449.5,1313.5,-1.5707963267948966,40.0,6.0
513.5,1463.0,-3.141592653589793,45.0,15.0
734.0,1463.0,-3.141592653589793,40.0,15.0
291.0,1560.0,-1.5707963267948966,37.0,11.0
