CoordX,CoordY,Orient,HalfLen,HalfWid
373.5,227.5,0.0,45.0,16.0
291.5,732.5,-1.5707963267948966,40.0,3.0
149.91012658227848,809.8886075949367,0.7699419363054636,39.680680104500965,5.066025102704932
353.0,929.0,0.0,46.0,5.0
