CoordX,CoordY,Orient,HalfLen,HalfWid
1406.5,263.0,0.0,36.0,10.0
1463.0,349.5,-1.5707963267948966,37.0,8.0
1354.0,371.0,-1.5707963267948966,28.0,8.0
1463.0,519.0,-1.5707963267948966,40.0,8.0
1628.0,799.0,-1.5707963267948966,33.0,8.0
1463.0,805.0,-1.5707963267948966,33.0,8.0
1463.0,906.0,-1.5707963267948966,37.0,8.0
1410.0,960.5,0.0,41.0,5.0
1409.0,1066.5,-3.141592653589793,40.0,11.0
1433.0,1522.0,0.0,45.0,8.0
