CoordX,CoordY,Orient,HalfLen,HalfWid
250.5,153.0,-1.5707963267948966,33.0,6.0
556.5,475.0,-1.5707963267948966,40.0,6.0
103.5531660692951,446.6320191158901,0.010214619119172836,30.059721585894984,6.29590579061552
250.5,543.0,-1.5707963267948966,39.0,6.0
115.5,608.0,0.0,43.0,11.0
