CoordX,CoordY,Orient,HalfLen,HalfWid
518.5,153.5,-3.141592653589793,40.0,12.0
466.0,247.5,-1.5707963267948966,80.0,4.0
365.0,496.0,0.0,31.0,4.0
237.0,664.0,-3.141592653589793,35.0,4.0
606.5,781.5,-1.5707963267948966,111.0,5.0
325.0,736.0,-1.5707963267948966,37.0,4.0
466.0,947.0,-1.5707963267948966,40.0,4.0
520.5,1044.0,-3.141592653589793,42.0,4.0
520.5,1183.0,0.0,43.0,11.0
243.5,1277.0,-1.5707963267948966,36.0,2.0
