CoordX,CoordY,Orient,HalfLen,HalfWid
137.5,337.0,0.0,33.0,11.0
573.0,343.0,-3.141592653589793,33.0,5.0
725.5,343.0,-3.141592653589793,34.0,5.0
790.0,589.0,1.5707963267948966,39.0,5.0
828.0,830.5,-1.5707963267948966,29.0,5.0
731.5,879.5,-3.141592653589793,33.0,10.0
