CoordX,CoordY,Orient,HalfLen,HalfWid
768.5,1010.0,0.0,44.0,18.0
865.5,1117.5,-1.5707963267948966,31.0,4.0
905.5,1473.5,0.0,29.0,4.0
954.0,1556.5,-1.5707963267948966,28.0,5.0
901.5,1646.0,0.0,37.0,9.0
