CoordX,CoordY,Orient,HalfLen,HalfWid
962.0,464.0,-3.141592653589793,36.0,8.0
177.5,519.0,-1.5707963267948966,53.0,10.0
1018.0,512.0,-1.5707963267948966,40.0,8.0
721.0,750.0,-1.5707963267948966,43.0,8.0
924.5,871.0,0.0,57.0,10.0
