CoordX,CoordY,Orient,HalfLen,HalfWid
329.0,378.0,-2.8095720894824803,42.933260845652704,7.466850541434748
629.0,835.5,-3.141592653589793,41.0,6.0
574.0,919.5,-1.5707963267948966,42.0,7.0
517.0,1059.5,-3.141592653589793,47.0,7.0
