CoordX,CoordY,Orient,HalfLen,HalfWid
1048.0,333.5,-1.5707963267948966,30.0,10.0
415.0,413.5,-3.141592653589793,34.0,7.0
509.5,413.5,-3.141592653589793,24.0,7.0
646.0,413.5,0.0,32.0,7.0
362.5,458.5,-1.5707963267948966,29.0,7.0
692.5,535.0,-1.5707963267948966,26.0,7.0
605.5,576.0,0.0,39.0,10.0
