CoordX,CoordY,Orient,HalfLen,HalfWid
975.5,306.5,-3.141592653589793,44.0,9.0
1368.5,381.5,-1.5707963267948966,48.0,4.0
591.5,457.5,-1.5707963267948966,43.0,4.0
1679.5,731.0,-1.5707963267948966,44.0,5.0
1368.5,736.0,-1.5707963267948966,48.0,4.0
591.5,838.0,-1.5707963267948966,44.0,4.0
853.5,866.0,-3.141592653589793,49.0,9.0
364.5,892.5,-3.141592653589793,48.0,4.0
591.5,946.5,-1.5707963267948966,43.0,4.0
645.0,1030.5,0.0,44.0,4.0
364.5,1089.5,-1.5707963267948966,44.0,1.0
