CoordX,CoordY,Orient,HalfLen,HalfWid
690.5,427.0,0.0,28.0,5.0
1581.5,483.5,-1.5707963267948966,41.0,7.0
325.5,545.5,0.0,44.0,14.0
834.5,545.0,-3.141592653589793,49.0,14.0
386.5,609.0,-1.5707963267948966,44.0,13.0
