CoordX,CoordY,Orient,HalfLen,HalfWid
297.5,173.0,-1.5707963267948966,56.0,4.0
907.5,287.0,-1.5707963267948966,38.0,17.0
1239.5,494.5,-1.5707963267948966,31.0,4.0
189.5,621.0,-1.5707963267948966,40.0,4.0
899.5,588.5,-3.141592653589793,48.0,4.0
1013.5,634.5,-1.5707963267948966,38.0,4.0
526.5,640.5,-1.5707963267948966,39.0,4.0
960.0,756.5,-3.141592653589793,45.0,9.0
