CoordX,CoordY,Orient,HalfLen,HalfWid
603.0,771.5,-1.5707963267948966,28.0,5.0
500.0402298850575,818.0459770114943,2.7951247598734748,28.974650617579666,5.1718207983320665
656.5,962.5,0.0,29.0,10.0
