CoordX,CoordY,Orient,HalfLen,HalfWid
537.0,287.5,0.0,43.0,16.0
465.0,800.0,-1.5707963267948966,29.0,6.0
243.5,888.0,0.0,33.0,6.0
702.0,891.0,-3.141592653589793,38.0,6.0
465.0,941.5,-1.5707963267948966,42.0,6.0
527.5,1047.0,0.0,39.0,6.0
698.5,1047.0,0.0,34.0,6.0
527.5,1235.5,-3.141592653589793,43.0,16.0
637.0,1430.5,-1.5707963267948966,46.0,6.0
