CoordX,CoordY,Orient,HalfLen,HalfWid
1131.5,321.5,-1.5707963267948966,46.0,5.0
295.0,408.0,-1.5707963267948966,45.0,17.0
1213.5,507.0,-1.5707963267948966,47.0,5.0
503.5,480.0,-3.141592653589793,46.0,6.0
988.5,531.5,-1.5707963267948966,41.0,7.0
295.0,534.5,-1.5707963267948966,41.0,17.0
680.5,535.0,-1.5707963267948966,41.0,7.0
1071.5,714.0,0.0,46.0,11.0
