CoordX,CoordY,Orient,HalfLen,HalfWid
609.5,188.5,-1.5707963267948966,27.0,4.0
709.0,229.0,0.0,36.0,4.0
858.0,229.0,0.0,36.0,4.0
462.0,274.5,-1.5707963267948966,38.0,4.0
1363.5,334.5,-1.5707963267948966,38.0,13.0
462.0,368.0,-1.5707963267948966,38.0,4.0
605.0,418.0,0.0,31.0,4.0
724.5,418.0,-3.141592653589793,30.0,4.0
846.5,801.5,0.0,46.0,7.0
