CoordX,CoordY,Orient,HalfLen,HalfWid
1116.0,380.0,-1.5707963267948966,32.0,11.0
395.5,516.0,-1.5707963267948966,32.0,5.0
653.5,517.5,-1.5707963267948966,32.0,5.0
395.5,725.5,-1.5707963267948966,32.0,5.0
472.0,991.0,0.0,34.0,12.0
