CoordX,CoordY,Orient,HalfLen,HalfWid
471.5,328.0,-3.141592653589793,41.0,6.0
370.0,390.0,-1.5707963267948966,41.0,6.0
436.0,512.5,0.0,48.0,11.0
1241.5,527.0,-3.141592653589793,47.0,13.0
