CoordX,CoordY,Orient,HalfLen,HalfWid
526.5,413.5,-3.141592653589793,40.0,15.0
878.5,413.5,0.0,41.0,15.0
824.5,633.5,-1.5707963267948966,40.0,5.0
870.5,809.5,-3.141592653589793,30.0,5.0
527.5,1039.5,-1.5707963267948966,34.0,5.0
527.5,1248.5,-1.5707963267948966,36.0,5.0
715.5,1254.0,-1.5707963267948966,42.0,6.0
595.0,1309.5,0.0,44.0,6.0
596.5,1483.0,-3.141592653589793,46.0,17.0
661.0,1611.5,-1.5707963267948966,46.0,8.0
