CoordX,CoordY,Orient,HalfLen,HalfWid
1922.5,383.0,0.0,39.0,6.0
2107.5,383.0,-3.141592653589793,38.0,6.0
1867.0,467.0,-1.5707963267948966,40.0,7.0
2744.0,563.0,-1.5707963267948966,39.0,13.0
1867.0,593.5,-1.5707963267948966,37.0,7.0
1938.5,662.0,0.0,39.0,6.0
201.0,756.5,-3.141592653589793,40.0,6.0
372.5,756.5,0.0,40.0,6.0
532.0,756.5,0.0,39.0,6.0
601.5,883.5,-1.5707963267948966,100.0,14.0
536.0,1026.0,0.0,41.0,13.0
2241.5,1035.5,0.0,39.0,12.0
