CoordX,CoordY,Orient,HalfLen,HalfWid
286.5,294.0,0.0,38.0,25.0
165.0,898.5,-3.141592653589793,40.0,5.0
279.8805309734513,1009.5287610619469,-1.1417853060423309,40.97959166790258,6.219740969147238
182.5,1101.5,-3.141592653589793,41.0,9.0
