CoordX,CoordY,Orient,HalfLen,HalfWid
577.5,316.5,0.0,40.0,17.0
449.0,643.5,-3.141592653589793,42.0,5.0
389.0,696.0,-1.5707963267948966,43.0,6.0
235.5,944.0,0.0,33.0,6.0
677.0,986.0,-3.141592653589793,47.0,6.0
676.5,1134.5,0.0,46.0,16.0
