CoordX,CoordY,Orient,HalfLen,HalfWid
969.0,114.0,0.0,32.0,16.0
1136.0,283.5,0.0,36.0,5.0
965.0,481.5,-3.141592653589793,46.0,4.0
1085.5,556.5,-1.5707963267948966,46.0,4.0
273.0,558.0,-1.5707963267948966,46.0,20.0
1019.0,671.0,-3.141592653589793,46.0,10.0
