CoordX,CoordY,Orient,HalfLen,HalfWid
917.0,358.5,-1.5707963267948966,37.0,12.0
302.5,456.5,0.0,40.0,4.0
414.0,456.5,-3.141592653589793,46.0,4.0
470.5,514.0,-1.5707963267948966,41.0,4.0
224.5,572.0,-1.5707963267948966,35.0,4.0
224.5,706.0,-1.5707963267948966,36.0,4.0
417.0,765.5,-3.141592653589793,46.0,7.0
224.5,830.0,-1.5707963267948966,27.0,4.0
301.5,918.5,0.0,44.0,7.0
