CoordX,CoordY,Orient,HalfLen,HalfWid
646.5,300.5,0.0,44.0,7.0
311.5,731.0,-1.5707963267948966,41.0,7.0
359.5,942.5,-1.5707963267948966,40.0,7.0
176.5,995.5,0.0,40.0,6.0
366.0,1165.0,-3.141592653589793,41.0,7.0
