CoordX,CoordY,Orient,HalfLen,HalfWid
490.0,509.0,0.0,41.0,13.0
328.5,993.0,-1.5707963267948966,29.0,7.0
678.5,1103.5,-3.141592653589793,30.0,4.0
328.5,1186.5,-1.5707963267948966,37.0,7.0
440.0,1240.0,-1.5707963267948966,39.0,6.0
288.5,1298.0,0.0,30.0,5.0
375.5,1298.0,0.0,37.0,5.0
374.0,1467.5,-3.141592653589793,36.0,13.0
372.0,1621.0,-3.141592653589793,35.0,7.0
