CoordX,CoordY,Orient,HalfLen,HalfWid
238.5,443.5,-3.141592653589793,46.0,17.0
701.565934065934,787.9945054945055,-3.1413990620026278,84.0013535670382,7.0158743788764415
342.5,842.0,-1.5707963267948966,40.0,6.0
432.5,917.0,-3.141592653589793,47.0,12.0
