CoordX,CoordY,Orient,HalfLen,HalfWid
981.0,351.0,-1.5707963267948966,35.0,17.0
361.0,368.5,0.0,33.0,6.0
192.0,538.5,-3.141592653589793,34.0,6.0
284.5,643.5,-1.5707963267948966,34.0,6.0
824.5,676.5,-3.141592653589793,78.0,6.0
566.5,730.5,-1.5707963267948966,33.0,6.0
284.5,847.5,-1.5707963267948966,32.0,6.0
370.5,933.0,0.0,33.0,11.0
