CoordX,CoordY,Orient,HalfLen,HalfWid
843.0,314.0,0.0,50.0,22.0
420.0,611.0,0.0,47.0,5.0
772.0,723.5,-3.141592653589793,40.0,6.0
987.5,769.5,-1.5707963267948966,32.0,6.0
494.5,811.5,-1.5707963267948966,35.0,6.0
412.0,903.5,0.0,45.0,11.0
