CoordX,CoordY,Orient,HalfLen,HalfWid
136.0,186.5,-3.141592653589793,37.0,15.0
570.5,642.0,0.0,37.0,5.0
444.0,716.5,-1.5707963267948966,67.0,5.0
257.5,792.0,0.0,37.0,5.0
766.0,797.0,0.0,38.0,10.0
523.0,842.5,-1.5707963267948966,31.0,5.0
571.0,977.0,-3.141592653589793,33.0,5.0
523.0,1021.0,-1.5707963267948966,30.0,5.0
