CoordX,CoordY,Orient,HalfLen,HalfWid
370.0,252.5,-3.141592653589793,40.0,8.0
516.0,643.0,0.0,43.0,6.0
675.0,815.0,0.0,32.0,6.0
536.7530454042083,847.9767441860465,2.34824580351006,36.11189120425569,6.639165031416898
430.0,889.0,-3.141592653589793,48.0,6.0
433.0,1048.5,0.0,48.0,9.0
577.5,1158.5,-1.5707963267948966,44.0,5.0
