CoordX,CoordY,Orient,HalfLen,HalfWid
411.0,381.5,-0.7708322210799019,43.588786259255826,18.46159974180233
490.0,697.0,-1.5707963267948966,42.0,6.0
490.0,853.5,-1.5707963267948966,36.0,6.0
885.0,910.5,-1.5707963267948966,40.0,6.0
792.5,969.5,-3.141592653589793,48.0,10.0
