CoordX,CoordY,Orient,HalfLen,HalfWid
835.5,370.0,-1.5707963267948966,37.0,10.0
443.0,489.5,-1.5707963267948966,37.0,6.0
305.0,812.0,-1.5707963267948966,33.0,5.0
553.0,1044.0,-1.5707963267948966,36.0,5.0
305.0,1050.5,-1.5707963267948966,26.0,5.0
384.5,1104.5,-3.141592653589793,36.0,10.0
508.0,1105.0,-3.141592653589793,37.0,10.0
