CoordX,CoordY,Orient,HalfLen,HalfWid
660.0,240.0,-1.5707963267948966,41.0,5.0
263.5,635.0,0.0,30.0,5.0
172.5,823.5,-1.5707963267948966,26.0,4.0
237.5,895.0,-3.141592653589793,48.0,5.0
