CoordX,CoordY,Orient,HalfLen,HalfWid
765.5,458.5,0.0,39.0,13.0
317.5,733.5,-3.141592653589793,32.0,13.0
429.0,784.5,-1.5707963267948966,32.0,7.0
901.5,898.0,-1.5707963267948966,29.0,5.0
1134.5,936.5,-3.141592653589793,29.0,5.0
901.5,987.0,-1.5707963267948966,39.0,5.0
313.9988317757009,979.4836448598131,3.141499565678214,30.00065148539973,6.9972073323279
663.0,978.0,0.0,39.0,6.0
842.5,1118.5,-3.141592653589793,41.0,5.0
842.5,1238.5,-3.141592653589793,43.0,13.0
