CoordX,CoordY,Orient,HalfLen,HalfWid
976.5,363.0,1.5707963267948966,28.0,6.0
914.0,488.0,-3.141592653589793,33.0,7.0
1020.0,488.0,0.0,32.0,7.0
1073.0,534.0,-1.5707963267948966,36.0,7.0
343.0,617.0,-1.5707963267948966,42.0,7.0
1073.0,628.0,-1.5707963267948966,35.0,7.0
908.0,852.0,-3.141592653589793,42.0,6.0
