CoordX,CoordY,Orient,HalfLen,HalfWid
217.5,443.0,-3.141592653589793,36.0,5.0
168.5,485.5,-1.5707963267948966,31.0,4.0
311.0,603.5,-3.141592653589793,45.0,9.0
