CoordX,CoordY,Orient,HalfLen,HalfWid
438.0,809.0,0.0,34.0,8.0
543.0,1161.0,0.0,39.0,8.0
724.5,1161.0,-3.141592653589793,42.0,8.0
484.5,1311.0,-1.5707963267948966,31.0,7.0
