CoordX,CoordY,Orient,HalfLen,HalfWid
371.0,369.5,-1.5707963267948966,39.0,5.0
602.0,482.5,0.0,41.0,5.0
540.5,542.0,-1.5707963267948966,41.0,5.0
1231.5,569.0,-1.5707963267948966,46.0,9.0
540.5,834.0,-1.5707963267948966,41.0,5.0
620.0,1049.0,-3.141592653589793,45.0,11.0
