CoordX,CoordY,Orient,HalfLen,HalfWid
1058.0,478.0,-3.141592653589793,43.0,16.0
694.0,546.0,-1.5707963267948966,43.0,4.0
359.5,800.0,-3.141592653589793,32.0,4.0
460.0,988.0,-1.5707963267948966,43.0,4.0
670.8023952095808,1019.1691616766467,-1.118693007048138,42.89350584007724,4.444058096077587
582.0,1244.5,-1.5707963267948966,42.0,4.0
670.7188811188811,1325.66013986014,0.5833993701811533,43.24955976651534,4.524673008834217
770.5,1458.5,0.0,46.0,16.0
663.5,1627.0,-1.5707963267948966,42.0,6.0
