CoordX,CoordY,Orient,HalfLen,HalfWid
627.0,594.5,-3.141592653589793,41.0,13.0
1095.5,1063.5,-3.141592653589793,37.0,5.0
1143.0,1124.5,-1.5707963267948966,29.0,6.0
1058.5,1225.0,-3.141592653589793,45.0,12.0
733.0,1264.5,-1.5707963267948966,42.0,6.0
841.0,1339.0,-3.141592653589793,41.0,7.0
