CoordX,CoordY,Orient,HalfLen,HalfWid
566.5,524.5,-1.5707963267948966,41.0,6.0
620.0,884.0,-1.5707963267948966,37.0,6.0
494.0,996.0,0.0,47.0,13.0
