CoordX,CoordY,Orient,HalfLen,HalfWid
829.5,682.0,-1.5707963267948966,41.0,4.0
411.0,717.5,-1.5707963267948966,40.0,21.0
982.5,899.5,0.0,30.0,7.0
931.5,1098.0,-1.5707963267948966,40.0,4.0
830.0,1409.5,-3.141592653589793,46.0,9.0
