CoordX,CoordY,Orient,HalfLen,HalfWid
590.0,373.5,0.0,42.0,27.0
1038.0,844.5,0.0,76.0,5.0
414.5,846.0,-3.141592653589793,41.0,6.0
347.5,917.0,-1.5707963267948966,40.0,5.0
405.0,1040.0,-3.141592653589793,41.0,6.0
460.0,1094.5,-1.5707963267948966,41.0,6.0
693.5,1238.0,-3.141592653589793,47.0,12.0
