CoordX,CoordY,Orient,HalfLen,HalfWid
940.5,359.0,-1.5707963267948966,27.0,9.0
413.5,448.0,0.0,23.0,5.0
581.0,448.0,-3.141592653589793,24.0,5.0
372.0,499.0,-1.5707963267948966,29.0,5.0
513.5,637.5,-1.5707963267948966,28.0,4.0
561.5,859.0,-3.141592653589793,26.0,12.0
