CoordX,CoordY,Orient,HalfLen,HalfWid
749.0,135.0,-3.141592653589793,42.0,16.0
465.5,340.0,-1.5707963267948966,52.0,4.0
323.5,423.0,-3.141592653589793,50.0,8.0
325.5,643.0,-3.141592653589793,50.0,8.0
465.5,718.5,-1.5707963267948966,50.0,4.0
785.0,1121.0,-3.141592653589793,47.0,6.0
