CoordX,CoordY,Orient,HalfLen,HalfWid
318.0,226.0,-3.141592653589793,42.0,16.0
272.0,636.5,-1.5707963267948966,32.0,5.0
218.0,820.5,0.0,42.0,6.0
272.0,876.0,-1.5707963267948966,42.0,5.0
334.0,995.5,0.0,48.0,9.0
