CoordX,CoordY,Orient,HalfLen,HalfWid
346.0,179.5,0.0,45.0,11.0
292.0,805.0,-1.5707963267948966,33.0,6.0
104.5,920.0,-3.141592653589793,34.0,9.0
353.0,917.0,0.0,50.0,6.0
455.0,917.0,0.0,34.0,6.0
352.5,1091.5,0.0,50.0,10.0
