CoordX,CoordY,Orient,HalfLen,HalfWid
980.5,164.0,-1.5707963267948966,30.0,5.0
827.5,204.5,-3.141592653589793,29.0,5.0
980.5,252.5,-1.5707963267948966,39.0,5.0
729.5,253.5,-1.5707963267948966,39.0,5.0
217.0,363.0,-1.5707963267948966,44.0,5.0
782.5,530.5,-3.141592653589793,44.0,8.0
