CoordX,CoordY,Orient,HalfLen,HalfWid
113.0,346.0,-3.141592653589793,47.0,6.0
655.5,360.0,-3.141592653589793,41.0,6.0
723.0,479.5,-1.5707963267948966,36.0,5.0
412.0,613.5,0.0,41.0,5.0
586.5,783.0,-1.5707963267948966,32.0,5.0
657.0,847.0,0.0,49.0,11.0
