CoordX,CoordY,Orient,HalfLen,HalfWid
219.5,286.5,0.0,39.0,15.0
575.5,286.5,0.0,39.0,15.0
357.0,477.5,-1.5707963267948966,38.0,6.0
248.5,532.0,-3.141592653589793,38.0,6.0
246.0,755.0,0.0,38.0,5.0
418.0,978.0,-1.5707963267948966,38.0,5.0
618.0,994.0,-1.5707963267948966,38.0,5.0
205.0,1033.0,0.0,38.0,5.0
418.0,1088.5,-1.5707963267948966,39.0,5.0
480.5,1320.5,0.0,42.0,16.0
