CoordX,CoordY,Orient,HalfLen,HalfWid
225.0,310.0,-1.5707963267948966,35.0,18.0
1000.0,309.0,0.0,34.0,6.0
1072.0,362.5,-1.5707963267948966,33.0,6.0
1072.0,668.5,-1.5707963267948966,32.0,6.0
1218.0,737.5,0.0,33.0,5.0
1072.0,788.5,-1.5707963267948966,33.0,6.0
1007.5,904.0,-3.141592653589793,31.0,11.0
