CoordX,CoordY,Orient,HalfLen,HalfWid
911.5,222.5,-3.141592653589793,34.0,4.0
986.0,291.5,-1.5707963267948966,40.0,5.0
252.0,369.5,-1.5707963267948966,39.0,14.0
986.0,457.5,-1.5707963267948966,38.0,5.0
918.0,712.5,-3.141592653589793,44.0,7.0
