CoordX,CoordY,Orient,HalfLen,HalfWid
765.0,214.0,-3.141592653589793,41.0,12.0
666.0,328.0,-1.5707963267948966,40.0,9.0
186.0,613.5,0.0,32.0,5.0
386.0,613.5,-3.141592653589793,40.0,5.0
537.0,613.5,-3.141592653589793,40.0,5.0
510.0,744.0,0.0,44.0,9.0
