CoordX,CoordY,Orient,HalfLen,HalfWid
794.0,163.0,-1.5707963267948966,44.0,19.0
904.0,582.5,-3.141592653589793,42.0,5.0
204.5,628.5,-1.5707963267948966,31.0,10.0
617.5,647.0,-1.5707963267948966,42.0,9.0
1035.0,773.0,0.0,48.0,9.0
