CoordX,CoordY,Orient,HalfLen,HalfWid
687.5,165.5,-1.5707963267948966,27.0,5.0
265.0,204.0,-3.141592653589793,18.0,4.0
193.0,245.0,-1.5707963267948966,28.0,4.0
726.5,352.5,-1.5707963267948966,33.0,5.0
445.5,479.0,-1.5707963267948966,44.0,5.0
404.0,605.5,0.0,28.0,5.0
672.5,605.5,-3.141592653589793,34.0,5.0
804.5,605.5,-3.141592653589793,33.0,5.0
624.5,728.0,-1.5707963267948966,35.0,5.0
414.0,813.0,0.0,33.0,16.0
745.5,813.0,-3.141592653589793,35.0,16.0
