CoordX,CoordY,Orient,HalfLen,HalfWid
479.0,479.5,0.0,33.0,5.0
431.5,571.5,-1.5707963267948966,84.0,5.0
382.0,667.5,-3.141592653589793,21.0,6.0
430.5,765.0,-1.5707963267948966,31.0,6.0
496.0,818.0,0.0,42.0,10.0
