CoordX,CoordY,Orient,HalfLen,HalfWid
1140.0,225.0,-1.5707963267948966,32.0,9.0
889.5,272.0,0.0,44.0,5.0
285.99440860215054,400.48129032258066,-1.5703139025404516,42.99420590540834,13.979736552967143
911.0,803.5,-1.5707963267948966,43.0,6.0
911.5,1058.0,-1.5707963267948966,41.0,6.0
819.0,1114.5,-3.141592653589793,49.0,11.0
