CoordX,CoordY,Orient,HalfLen,HalfWid
659.0,437.5,-1.5707963267948966,44.0,4.0
832.0,550.5,0.0,29.0,4.0
659.0,657.5,-1.5707963267948966,42.0,4.0
716.0,709.0,-3.141592653589793,41.0,8.0
258.5,823.0,-1.5707963267948966,39.0,16.0
