CoordX,CoordY,Orient,HalfLen,HalfWid
678.5,258.0,-3.141592653589793,39.0,22.0
599.5,332.0,-1.5707963267948966,43.0,7.0
599.5,391.5,-1.5707963267948966,13.0,7.0
909.0,789.5,0.0,60.0,7.0
570.5,839.5,-1.5707963267948966,28.0,7.0
687.5,884.5,-3.141592653589793,34.0,7.0
919.5,1056.0,0.0,43.0,16.0
