CoordX,CoordY,Orient,HalfLen,HalfWid
897.5,740.0,-3.141592653589793,35.0,7.0
995.5,740.0,-3.141592653589793,36.0,7.0
291.5,905.0,-1.5707963267948966,37.0,13.0
1002.5,956.5,-3.141592653589793,39.0,10.0
1116.5,956.5,-3.141592653589793,42.0,10.0
