CoordX,CoordY,Orient,HalfLen,HalfWid
568.0,407.5,0.0,42.0,17.0
659.5,535.5,-1.5707963267948966,40.0,5.0
705.0,823.5,0.0,35.0,5.0
857.5,826.5,-3.141592653589793,31.0,8.0
479.5,867.5,-1.5707963267948966,37.0,5.0
659.5,949.0,-1.5707963267948966,36.0,5.0
264.5,995.5,-3.141592653589793,31.0,5.0
479.5,1118.0,-1.5707963267948966,42.0,5.0
659.5,1119.0,-1.5707963267948966,41.0,5.0
594.0,1170.5,-3.141592653589793,46.0,5.0
594.0,1358.0,-3.141592653589793,46.0,17.0
