CoordX,CoordY,Orient,HalfLen,HalfWid
182.0,168.0,-1.5707963267948966,34.0,9.0
771.5,332.0,0.0,36.0,6.0
687.0,397.5,-1.5707963267948966,36.0,6.0
852.0,407.5,-1.5707963267948966,40.0,5.0
851.9935897435897,638.0448717948718,-1.5713456046655867,35.002191831514274,5.018674692398953
1217.5,692.0,-3.141592653589793,23.0,4.0
782.5,759.5,0.0,41.0,8.0
