CoordX,CoordY,Orient,HalfLen,HalfWid
362.0,370.0,-1.5707963267948966,41.0,7.0
864.5,447.0,-3.141592653589793,41.0,5.0
965.5,447.0,-3.141592653589793,41.0,5.0
1020.0,485.0,-1.5707963267948966,28.0,5.0
808.0,558.5,-1.5707963267948966,32.0,5.0
1020.0,630.0,-1.5707963267948966,36.0,5.0
918.5,758.5,0.0,41.0,15.0
