CoordX,CoordY,Orient,HalfLen,HalfWid
510.5,318.0,0.0,45.0,16.0
566.0,849.5,-1.5707963267948966,46.0,6.0
766.0,891.5,-0.2588303176619688,42.847420876090546,6.172400203094421
241.5,994.0,-3.141592653589793,43.0,6.0
566.0,1021.5,-1.5707963267948966,31.0,6.0
415.0,1051.0,-1.5707963267948966,40.0,6.0
566.0,1163.0,-1.5707963267948966,45.0,6.0
476.0,1282.5,-3.141592653589793,49.0,5.0
473.0,1462.0,0.0,50.0,15.0
535.0,1610.5,-1.5707963267948966,42.0,6.0
