CoordX,CoordY,Orient,HalfLen,HalfWid
820.0,471.5,0.0,31.0,6.0
1465.5,526.5,-1.5707963267948966,41.0,15.0
705.0,529.0,-1.5707963267948966,40.0,6.0
903.5,533.5,-1.5707963267948966,41.0,6.0
1289.0,618.5,0.0,36.0,6.0
903.5,688.5,-1.5707963267948966,30.0,6.0
1067.0,778.0,-1.5707963267948966,25.0,7.0
903.5,797.5,-1.5707963267948966,29.0,6.0
831.0,1049.5,0.0,46.0,12.0
