CoordX,CoordY,Orient,HalfLen,HalfWid
780.5,714.5,-1.5707963267948966,33.0,5.0
78.0,895.5,0.0,34.0,11.0
780.5,949.0,-1.5707963267948966,33.0,5.0
618.5,999.0,-1.5707963267948966,33.0,5.0
780.5,1064.5,-1.5707963267948966,33.0,5.0
501.5,1147.5,-1.5707963267948966,33.0,6.0
681.0,1272.0,-3.141592653589793,38.0,12.0
500.5,1378.0,-1.5707963267948966,33.0,6.0
159.0,1431.5,0.0,33.0,6.0
554.5,1431.5,0.0,32.0,6.0
