CoordX,CoordY,Orient,HalfLen,HalfWid
159.0,477.5,0.0,42.0,17.0
346.0,995.0,-1.5707963267948966,41.0,5.0
205.5249406175772,1078.4346793349168,-1.753282718328918,41.51352343775186,5.473693734777103
171.22063037249285,1174.9212034383954,-3.1349448582287556,33.0591005327327,10.146029455623292
286.0,1206.0,0.0,48.0,5.0
280.5,1337.5,-3.141592653589793,46.0,17.0
224.5,1486.0,-1.5707963267948966,46.0,6.0
