CoordX,CoordY,Orient,HalfLen,HalfWid
424.5,221.5,-3.141592653589793,39.0,7.0
360.0,394.0,-1.5707963267948966,36.0,4.0
320.5,656.0,0.0,34.0,4.0
281.0,721.5,-1.5707963267948966,31.0,4.0
332.5,801.5,0.0,44.0,7.0
