CoordX,CoordY,Orient,HalfLen,HalfWid
320.5,287.5,-3.141592653589793,44.0,24.0
315.0,690.0,0.0,46.0,6.0
244.5,766.0,-1.5707963267948966,41.0,4.0
304.5,914.5,0.0,46.0,10.0
