CoordX,CoordY,Orient,HalfLen,HalfWid
187.5,296.5,-3.141592653589793,45.0,15.0
590.5,617.5,-1.5707963267948966,46.0,5.0
288.0,852.0,-1.5707963267948966,38.0,5.0
216.0,984.0,-3.141592653589793,46.0,10.0
