CoordX,CoordY,Orient,HalfLen,HalfWid
594.0,432.5,-3.141592653589793,44.0,12.0
883.5,432.5,0.0,39.0,12.0
831.5,601.5,-1.5707963267948966,34.0,7.0
877.0,645.5,-3.141592653589793,34.0,5.0
877.5,800.5,-3.141592653589793,33.0,5.0
526.5,858.0,-1.5707963267948966,33.0,6.0
344.0,959.0,-3.141592653589793,30.0,6.0
697.5,1006.5,-1.5707963267948966,39.0,5.0
526.5,1007.5,-1.5707963267948966,38.0,6.0
585.5,1167.5,-3.141592653589793,45.0,5.0
585.5,1279.0,0.0,44.0,10.0
997.5,1807.0,0.0,40.0,6.0
