CoordX,CoordY,Orient,HalfLen,HalfWid
1020.5,443.0,0.0,36.0,14.0
867.0,892.5,-3.141592653589793,34.0,5.0
792.5,960.0,-1.5707963267948966,34.0,5.0
1260.5,1063.5,-1.5707963267948966,34.0,5.0
792.5,1063.5,-1.5707963267948966,33.0,5.0
1091.5,1071.0,-1.5707963267948966,35.0,5.0
844.0,1115.5,-3.141592653589793,34.0,5.0
1091.5,1174.5,-1.5707963267948966,34.0,5.0
1009.0,1344.5,0.0,35.0,5.0
1009.0,1533.5,0.0,35.0,13.0
746.0,1918.5,-1.5707963267948966,34.0,6.0
