CoordX,CoordY,Orient,HalfLen,HalfWid
341.0,200.0,0.0,39.0,8.0
390.5,530.0,-1.5707963267948966,34.0,3.0
338.5,698.0,-3.141592653589793,43.0,8.0
254.5,777.0,-1.5707963267948966,35.0,6.0
306.5,833.0,0.0,40.0,6.0
477.0,952.0,0.0,45.0,6.0
479.0,1076.5,0.0,45.0,8.0
