CoordX,CoordY,Orient,HalfLen,HalfWid
564.0,475.0,-1.5707963267948966,28.0,5.0
373.5,552.0,2.2757486965212608,27.578673476502992,7.775970636407134
291.5,599.0,0.0,40.0,10.0
