CoordX,CoordY,Orient,HalfLen,HalfWid
569.5,149.0,-1.5707963267948966,35.0,7.0
1071.5,353.5,-1.5707963267948966,40.0,7.0
817.5,450.0,-1.5707963267948966,37.0,7.0
896.0,502.5,-3.141592653589793,44.0,7.0
