CoordX,CoordY,Orient,HalfLen,HalfWid
302.0,227.0,-3.141592653589793,41.0,17.0
479.5,520.0,0.7861032348243184,41.016171600678994,5.6279363201491135
524.0,767.0,-1.5707963267948966,42.0,5.0
602.5,862.5,-3.141592653589793,39.0,10.0
444.0,1035.5,-3.141592653589793,46.0,10.0
