CoordX,CoordY,Orient,HalfLen,HalfWid
511.5,322.5,-3.141592653589793,43.0,16.0
593.5,733.0,-1.5707963267948966,42.0,5.0
593.5,902.5,-1.5707963267948966,32.0,5.0
773.5,1008.5,-3.141592653589793,43.0,5.0
593.0,1063.0,-1.5707963267948966,44.0,5.0
531.5,1120.5,-3.141592653589793,47.0,5.0
531.5,1210.0,-3.141592653589793,49.0,16.0
