CoordX,CoordY,Orient,HalfLen,HalfWid
675.0,44.0,0.0,39.0,21.0
345.5,191.0,-1.5707963267948966,36.0,5.0
345.5,462.5,-1.5707963267948966,39.0,5.0
190.5,507.0,-1.5707963267948966,33.0,4.0
226.0,678.5,0.0,48.0,11.0
