CoordX,CoordY,Orient,HalfLen,HalfWid
1233.0,375.0,-1.5707963267948966,41.0,16.0
697.0,406.5,-3.141592653589793,42.0,5.0
770.0,509.5,0.0,41.0,5.0
614.5865139949109,582.9898218829517,-1.0480616935388796,35.244332015594225,6.077811839526122
499.5,644.5,-2.6228563504660682,44.78324509394299,16.354233667641875
334.5,902.5,-1.569864306109025,41.00930239792819,9.961782814099125
