CoordX,CoordY,Orient,HalfLen,HalfWid
297.0,370.0,-3.141592653589793,46.0,15.0
996.0,643.5,-3.141592653589793,34.0,6.0
854.0,784.5,0.0,42.0,6.0
914.5,874.5,-1.5707963267948966,39.0,6.0
185.0,979.0,-3.141592653589793,29.0,6.0
854.5,983.5,-3.141592653589793,41.0,6.0
962.5,1160.5,0.0,33.0,6.0
194.5,1202.0,-3.141592653589793,45.0,4.0
186.0,1308.5,0.0,48.0,12.0
748.0,1315.0,0.0,56.0,13.0
