CoordX,CoordY,Orient,HalfLen,HalfWid
367.5,566.0,0.0,34.0,6.0
308.0,637.5,-1.5707963267948966,34.0,6.0
838.0,673.0,-3.141592653589793,26.0,6.0
194.5,693.0,0.0,26.0,6.0
436.0,932.5,-1.5707963267948966,26.0,6.0
495.0,987.0,0.0,27.0,6.0
782.0,1173.0,0.0,37.0,12.0
