CoordX,CoordY,Orient,HalfLen,HalfWid
740.5,294.5,0.0,28.0,9.0
507.5,390.0,-3.141592653589793,38.0,5.0
729.5,480.0,-3.141592653589793,34.0,5.0
909.0,480.0,0.0,38.0,5.0
1190.0,533.5,-1.5707963267948966,37.0,16.0
730.5,628.0,-3.141592653589793,29.0,5.0
500.5,850.5,0.0,42.0,9.0
