CoordX,CoordY,Orient,HalfLen,HalfWid
417.0,291.0,-3.141592653589793,41.0,12.0
503.0,558.5,-1.5707963267948966,40.0,4.0
503.0,789.0,-1.5707963267948966,41.0,4.0
690.5,844.5,-3.141592653589793,31.0,6.0
503.0,959.5,-1.5707963267948966,41.0,4.0
503.0,1129.5,-1.5707963267948966,41.0,4.0
430.5,1204.0,-3.141592653589793,47.0,4.0
432.0,1323.0,-3.141592653589793,46.0,11.0
