CoordX,CoordY,Orient,HalfLen,HalfWid
713.0,361.0,-1.5707963267948966,46.0,18.0
634.5,570.5,0.0,46.0,7.0
753.0,612.0,-2.356194490192345,36.062445840513924,4.949747468305837
1046.0,613.0,-3.141592653589793,37.0,13.0
783.9464012251149,695.2159264931088,1.5758219739757358,29.024761902518303,5.110500629865435
787.0,896.0,-1.5707963267948966,42.0,8.0
648.0,1046.5,-3.141592653589793,45.0,7.0
