CoordX,CoordY,Orient,HalfLen,HalfWid
798.0,300.5,-3.141592653589793,33.0,4.0
941.0,300.5,-3.141592653589793,33.0,4.0
1012.5,347.5,-1.5707963267948966,40.0,3.0
238.0,392.0,-1.5707963267948966,41.0,8.0
1013.0,447.5,-1.5707963267948966,41.0,4.0
363.5,452.5,-3.141592653589793,96.0,4.0
739.5,556.0,-1.5707963267948966,35.0,4.0
799.0,679.0,0.0,48.0,8.0
