CoordX,CoordY,Orient,HalfLen,HalfWid
559.5,93.5,0.0,46.0,9.0
496.5,397.0,-1.5707963267948966,39.0,4.0
496.5,576.0,-1.5707963267948966,33.0,4.0
792.5,686.5,0.0,38.0,4.0
746.0,806.0,-1.5707963267948966,36.0,5.0
801.0,915.0,-3.141592653589793,40.0,8.0
