CoordX,CoordY,Orient,HalfLen,HalfWid
512.0,206.5,0.0,43.0,14.0
214.5,723.5,-1.5707963267948966,31.0,6.0
426.5,730.0,-1.5707963267948966,33.0,5.0
322.0,771.5,-3.141592653589793,32.0,4.0
624.5,886.0,-1.5707963267948966,42.0,4.0
172.0,893.5,-3.141592653589793,32.0,4.0
428.0,947.5,-1.5707963267948966,40.0,4.0
481.5,1110.0,-3.141592653589793,45.0,4.0
478.5,1245.5,-3.141592653589793,44.0,16.0
