CoordX,CoordY,Orient,HalfLen,HalfWid
472.5,138.5,-3.141592653589793,43.0,22.0
306.5,630.0,-1.5707963267948966,43.0,5.0
470.0,749.0,-3.141592653589793,48.0,11.0
