CoordX,CoordY,Orient,HalfLen,HalfWid
617.5,307.0,0.0,29.0,6.0
547.0,354.5,-1.5707963267948966,36.0,6.0
706.0,457.0,-1.5707963267948966,68.0,6.0
547.0,559.5,-1.5707963267948966,78.0,6.0
706.0,628.0,-1.5707963267948966,30.0,6.0
635.5,741.0,0.0,42.0,11.0
