CoordX,CoordY,Orient,HalfLen,HalfWid
573.0,371.5,0.0,36.0,5.0
462.5,413.5,-1.5707963267948966,31.0,5.0
718.5,423.0,-1.5707963267948966,36.0,5.0
1219.5,464.0,-1.5707963267948966,38.0,12.0
462.5,567.5,-1.5707963267948966,35.0,5.0
557.5,786.5,-1.5707963267948966,28.0,5.0
610.5,896.5,-3.141592653589793,40.0,11.0
