CoordX,CoordY,Orient,HalfLen,HalfWid
1005.5,199.0,-1.5707963267948966,30.0,5.0
286.0,343.5,-1.5707963267948966,39.0,9.0
1050.5,311.0,-3.141592653589793,34.0,5.0
1176.0,372.5,-1.5707963267948966,40.0,5.0
1069.0,478.0,-1.5707963267948966,41.0,5.0
1001.0,748.0,0.0,41.0,5.0
