CoordX,CoordY,Orient,HalfLen,HalfWid
433.5,369.5,0.0,39.0,15.0
233.0,792.5,-3.141592653589793,40.0,4.0
343.5,882.5,-1.5707963267948966,40.0,4.0
485.5,1037.0,-1.5707963267948966,40.0,4.0
425.0,1154.5,-3.141592653589793,45.0,15.0
