CoordX,CoordY,Orient,HalfLen,HalfWid
737.5,263.5,-1.5707963267948966,28.0,5.0
846.5,322.5,0.0,38.0,7.0
898.5,378.0,-1.5707963267948966,43.0,5.0
898.5,620.5,-1.5707963267948966,41.0,5.0
898.5,739.0,-1.5707963267948966,42.0,5.0
809.5,1031.5,-3.141592653589793,48.0,8.0
