CoordX,CoordY,Orient,HalfLen,HalfWid
642.5,323.0,-1.5707963267948966,41.0,6.0
1033.5,358.0,-1.5707963267948966,37.0,6.0
582.5,544.5,0.0,42.0,8.0
687.0,544.5,-3.141592653589793,30.0,8.0
477.5,606.0,-1.5707963267948966,40.0,6.0
1673.0,617.5,-1.5707963267948966,44.0,21.0
869.5,669.5,-3.141592653589793,41.0,6.0
660.5,728.0,-1.5707963267948966,42.0,6.0
1116.5,1118.5,0.0,45.0,11.0
