CoordX,CoordY,Orient,HalfLen,HalfWid
388.5,228.0,-3.141592653589793,38.0,6.0
879.0,289.5,-1.5707963267948966,40.0,6.0
647.5,662.5,0.0,39.0,6.0
150.0,743.0,-1.5707963267948966,29.0,6.0
438.0,767.0,-1.5707963267948966,39.0,6.0
637.0,861.0,-3.141592653589793,42.0,6.0
