CoordX,CoordY,Orient,HalfLen,HalfWid
369.0,302.0,-3.141592653589793,45.0,13.0
655.5,636.0,-3.141592653589793,38.0,5.0
449.5,740.5,-2.3712768518369325,36.850686062498745,5.10166019283536
654.5,780.0,0.0,46.0,12.0
483.0,855.5,-1.5707963267948966,30.0,5.0
