CoordX,CoordY,Orient,HalfLen,HalfWid
813.0,253.5,-1.5707963267948966,26.0,4.0
1335.0,407.5,-1.5707963267948966,37.0,15.0
691.5,408.0,-3.141592653589793,29.0,4.0
856.0,408.0,-3.141592653589793,33.0,4.0
608.0,454.5,-1.5707963267948966,39.0,5.0
912.0,455.5,-1.5707963267948966,39.0,6.0
608.0,626.5,-1.5707963267948966,38.0,5.0
673.0,937.0,0.0,45.0,10.0
