CoordX,CoordY,Orient,HalfLen,HalfWid
961.0,392.0,-1.5707963267948966,82.0,7.0
581.5,515.0,-3.141592653589793,38.0,11.0
961.0,580.5,-1.5707963267948966,57.0,7.0
533.0,576.5,-1.5707963267948966,38.0,7.0
1395.0,590.0,-1.5707963267948966,39.0,22.0
687.5,634.0,-3.141592653589793,34.0,7.0
961.0,721.0,-1.5707963267948966,40.0,7.0
789.5,954.0,0.0,36.0,11.0
