CoordX,CoordY,Orient,HalfLen,HalfWid
928.0,325.0,0.0,39.0,16.0
1101.5,325.0,-3.141592653589793,39.0,16.0
441.5,327.0,-3.141592653589793,39.0,16.0
1101.0150699677072,662.096878363832,-2.7324101623225836,39.54822527165821,6.463781855419844
983.5,696.0,-1.5707963267948966,39.0,4.0
932.5,744.0,3.1402156245763435,34.005475878766774,3.953177235921925
1034.0,884.0,0.0,39.0,6.0
575.5,1026.0,0.0,39.0,6.0
489.5,1189.5,0.0,45.0,16.0
558.5,1303.5,-1.5707963267948966,40.0,12.0
