CoordX,CoordY,Orient,HalfLen,HalfWid
167.5,260.5,-3.141592653589793,36.0,10.0
243.5,891.5,-1.5707963267948966,34.0,4.0
379.4683026584867,939.4539877300614,-2.3550079596470406,26.16880551227189,4.918700850924799
187.5,1009.5,0.0,37.0,4.0
188.0,1058.5,0.0,38.0,10.0
