CoordX,CoordY,Orient,HalfLen,HalfWid
486.0,460.0,-3.141592653589793,44.0,20.0
831.5,544.0,-1.5707963267948966,48.0,6.0
831.5,908.5,-1.5707963267948966,41.0,6.0
385.5,997.0,-1.5707963267948966,32.0,6.0
385.5,1097.0,-1.5707963267948966,43.0,6.0
508.5,1102.0,-1.5707963267948966,32.0,6.0
831.5,1103.0,-1.5707963267948966,32.0,6.0
169.97463489623365,1221.4926979246734,-3.1408384909280715,32.00677836313139,9.0241306434616
448.5,1411.0,0.0,49.0,11.0
