CoordX,CoordY,Orient,HalfLen,HalfWid
417.0,298.5,-1.5707963267948966,37.0,7.0
873.5,505.5,-1.5707963267948966,40.0,11.0
2189.0,533.5,-1.5707963267948966,41.0,14.0
290.1205597416577,652.4047362755651,-1.561446235244955,31.054744666465133,7.139943347184319
338.5,696.0,-3.141592653589793,39.0,7.0
417.0,751.0,-1.5707963267948966,37.0,7.0
578.2768850432633,791.9901112484549,2.364063573725695,37.43654951079127,6.091116975355134
480.0,859.5,-3.141592653589793,42.0,5.0
480.0,962.5,0.0,48.0,11.0
