CoordX,CoordY,Orient,HalfLen,HalfWid
395.5,587.5,-1.5707963267948966,24.0,4.0
462.5,892.0,-3.141592653589793,27.0,11.0
318.5,1038.5,-1.5707963267948966,26.0,4.0
