CoordX,CoordY,Orient,HalfLen,HalfWid
397.0,627.0,-1.5707963267948966,30.0,6.0
397.0,760.0,-1.5707963267948966,40.0,6.0
1059.0,770.5,-1.5707963267948966,40.0,5.0
1666.0,916.5,-3.141592653589793,45.0,13.0
496.5,919.5,-3.141592653589793,45.0,15.0
646.0,1007.0,-1.5707963267948966,35.0,6.0
397.0,1068.0,-1.5707963267948966,45.0,6.0
788.0,1112.5,-1.5707963267948966,49.0,10.0
646.0,1112.0,-1.5707963267948966,48.0,6.0
1666.0,1113.0,-3.141592653589793,44.0,8.0
1664.5,1227.0,0.0,48.0,10.0
