CoordX,CoordY,Orient,HalfLen,HalfWid
900.0,216.0,-3.141592653589793,30.0,4.0
943.0,286.0,-1.5707963267948966,39.0,4.0
943.0,520.0,-1.5707963267948966,64.0,4.0
288.5,677.0,-1.5707963267948966,41.0,12.0
944.5,783.5,-1.5707963267948966,41.0,5.0
799.5,813.0,-1.5707963267948966,31.0,5.0
712.0,937.0,2.6161522200734204,33.026156322093684,5.168179004813528
799.5,958.5,-1.5707963267948966,32.0,5.0
876.5,1088.5,0.0,44.0,7.0
