CoordX,CoordY,Orient,HalfLen,HalfWid
670.5,662.5,-3.141592653589793,37.0,7.0
387.0,801.5,1.5692793765611008,32.012098779014956,7.95144840658538
545.0,888.5,-3.141592653589793,41.0,7.0
673.0,888.5,-3.141592653589793,39.0,7.0
