CoordX,CoordY,Orient,HalfLen,HalfWid
690.0,222.5,0.0,35.0,3.0
592.5,287.5,-1.5707963267948966,39.0,3.0
1340.5,420.5,-1.5707963267948966,39.0,9.0
592.5,552.0,-1.5707963267948966,38.0,3.0
740.0,588.5,-1.5707963267948966,29.0,4.0
592.5,649.5,-1.5707963267948966,38.0,3.0
644.5,860.5,0.0,43.0,7.0
