CoordX,CoordY,Orient,HalfLen,HalfWid
362.5,103.0,-1.5707963267948966,44.0,7.0
362.5,626.0,-1.5707963267948966,46.0,7.0
170.5,739.5,-1.5707963267948966,39.0,7.0
362.5,850.5,-1.5707963267948966,39.0,7.0
423.0,996.5,0.0,42.0,7.0
