CoordX,CoordY,Orient,HalfLen,HalfWid
365.0,334.5,0.0,45.0,16.0
304.5,416.5,-1.5707963267948966,40.0,5.0
304.5,690.5,-1.5707963267948966,39.0,5.0
378.0,974.0,0.0,41.0,4.0
513.0,1037.0,-1.5707963267948966,39.0,8.0
196.0,1009.5,-3.141592653589793,46.0,10.0
