CoordX,CoordY,Orient,HalfLen,HalfWid
518.0347826086957,197.0304347826087,-2.595406107025863,31.868535336834956,5.71375611044191
1139.5,351.0,-1.5707963267948966,40.0,12.0
521.5,342.5,-3.141592653589793,35.0,5.0
413.5,394.5,-1.5707963267948966,40.0,5.0
413.5,703.0,-1.5707963267948966,40.0,5.0
467.0,817.5,-3.141592653589793,41.0,7.0
