CoordX,CoordY,Orient,HalfLen,HalfWid
440.0,288.5,-1.5707963267948966,43.0,21.0
1361.0,366.5,-1.5707963267948966,46.0,26.0
1047.0,364.5,-1.5707963267948966,39.0,6.0
281.3003412969283,811.3242320819113,1.560427768656879,35.04996050617704,5.916730503040457
522.0,837.5,-1.5707963267948966,38.0,10.0
522.0,1078.0,-1.5707963267948966,41.0,10.0
587.5,1175.5,-3.141592653589793,43.0,15.0
