CoordX,CoordY,Orient,HalfLen,HalfWid
582.0,328.5,0.0,44.0,18.0
428.0,816.0,-3.141592653589793,42.0,9.0
617.5,860.0,-1.5707963267948966,33.0,5.0
370.5,951.5,-1.5707963267948966,38.0,5.0
544.5,1054.5,-1.5707963267948966,41.0,5.0
323.462962962963,1110.8148148148148,-3.129986047296096,32.079089031152044,8.080705572720332
486.5,1155.5,-3.141592653589793,46.0,5.0
489.0,1299.5,-3.141592653589793,47.0,18.0
367.0,1540.5,0.0,42.0,7.0
