CoordX,CoordY,Orient,HalfLen,HalfWid
888.5,239.5,-3.141592653589793,37.0,13.0
941.0,376.0,-1.5707963267948966,37.0,8.0
487.5,486.0,-3.141592653589793,29.0,5.0
368.5,601.5,0.0,30.0,6.0
1019.0,606.5,0.0,26.0,5.0
593.5,644.5,-1.5707963267948966,36.0,7.0
364.0,740.0,-3.141592653589793,40.0,10.0
