CoordX,CoordY,Orient,HalfLen,HalfWid
484.5,444.5,0.0,38.0,7.0
902.0,444.5,0.0,38.0,7.0
999.0,444.5,0.0,38.0,7.0
202.5,517.0,-1.5707963267948966,37.0,12.0
1066.0,553.0,-1.5707963267948966,32.0,5.0
1066.0,699.5,-1.5707963267948966,31.0,5.0
905.0074626865671,707.044776119403,-1.5700467958135567,30.00298969669465,5.021734991931953
959.5,798.5,-3.141592653589793,41.0,7.0
