CoordX,CoordY,Orient,HalfLen,HalfWid
512.0,511.0,0.0,32.0,5.0
725.5,511.0,-3.141592653589793,40.0,5.0
778.0,582.5,-1.5707963267948966,30.0,5.0
424.5,676.5,0.0,44.0,7.0
