CoordX,CoordY,Orient,HalfLen,HalfWid
622.0,347.0,-3.141592653589793,25.0,4.0
769.5,347.0,0.0,31.0,4.0
717.0,396.5,-1.5707963267948966,36.0,4.0
859.0,403.5,-1.5707963267948966,33.0,4.0
859.0,495.5,-1.5707963267948966,33.0,4.0
216.5,522.5,-1.5707963267948966,31.0,7.0
763.0,778.0,0.0,36.0,6.0
