CoordX,CoordY,Orient,HalfLen,HalfWid
923.5,168.0,-1.5707963267948966,30.0,9.0
918.5,259.0,-1.5707963267948966,37.0,4.0
1051.0,258.0,-1.5707963267948966,36.0,4.0
622.5,332.5,0.0,36.0,4.0
1051.0,413.0,-1.5707963267948966,37.0,4.0
918.5,415.0,-1.5707963267948966,38.0,4.0
306.0,652.5,-1.5707963267948966,37.0,14.0
967.5,679.0,-3.141592653589793,42.0,10.0
