CoordX,CoordY,Orient,HalfLen,HalfWid
384.5,290.5,-3.141592653589793,39.0,11.0
944.5,520.0,-1.5707963267948966,40.0,5.0
944.5,618.5,-1.5707963267948966,39.0,5.0
895.5,809.0,0.0,40.0,6.0
400.0,915.0,-1.5707963267948966,40.0,4.0
686.0,927.5,-1.5707963267948966,28.0,6.0
844.5,1011.5,-1.5707963267948966,30.0,5.0
401.5,1022.5,-1.5707963267948966,34.0,5.0
196.5,1123.0,0.0,44.0,7.0
