CoordX,CoordY,Orient,HalfLen,HalfWid
2099.0,219.0,-1.5707963267948966,44.0,11.0
934.0,217.0,-1.5707963267948966,41.0,5.0
1200.5,284.5,-1.5707963267948966,34.0,5.0
616.0,361.0,0.0,40.0,5.0
491.0,415.5,-1.5707963267948966,39.0,6.0
1253.5,420.5,-3.141592653589793,39.0,5.0
1583.0,467.5,-1.5707963267948966,36.0,17.0
491.0,524.0,-1.5707963267948966,39.0,6.0
738.0,551.5,0.0,35.0,6.0
640.0,718.0,-3.141592653589793,44.0,17.0
