CoordX,CoordY,Orient,HalfLen,HalfWid
477.0,191.5,-1.5707963267948966,35.0,6.0
409.5,464.0,0.0,31.0,6.0
340.5,696.5,-1.5707963267948966,30.0,6.0
406.5,805.5,0.0,43.0,7.0
