CoordX,CoordY,Orient,HalfLen,HalfWid
727.5,272.5,-1.5707963267948966,35.0,5.0
197.0,304.0,-1.5707963267948966,35.0,13.0
658.0,378.0,0.0,36.0,6.0
990.0,378.0,0.0,35.0,6.0
430.0,471.5,-1.5707963267948966,35.0,5.0
561.0,594.0,-1.5707963267948966,34.0,5.0
727.5,610.0,-1.5707963267948966,34.0,5.0
677.0,727.5,-3.141592653589793,39.0,11.0
