CoordX,CoordY,Orient,HalfLen,HalfWid
717.5,295.0,-3.141592653589793,36.0,5.0
629.0,360.0,-1.5707963267948966,41.0,5.0
690.0,421.5,-3.141592653589793,35.0,4.0
809.0,776.5,-3.141592653589793,42.0,5.0
810.5,920.5,-3.141592653589793,42.0,10.0
