CoordX,CoordY,Orient,HalfLen,HalfWid
476.0,757.5,-3.141592653589793,40.0,13.0
551.0,1218.0,-1.5707963267948966,34.0,6.0
370.0,1226.0,-1.5707963267948966,40.0,4.0
781.5,1302.0,0.0,36.0,4.0
551.0,1349.0,-1.5707963267948966,40.0,6.0
321.5,1428.0,0.0,35.0,6.0
370.0,1478.5,-1.5707963267948966,36.0,4.0
428.0,1523.0,0.0,41.0,5.0
426.5,1661.0,-3.141592653589793,41.0,14.0
381.0,1946.0,-1.5707963267948966,35.0,4.0
