CoordX,CoordY,Orient,HalfLen,HalfWid
803.5,411.5,-3.141592653589793,39.0,8.0
261.5,490.5,-1.5707963267948966,39.0,8.0
908.0,590.0,-1.5707963267948966,37.0,5.0
908.0,731.0,-1.5707963267948966,27.0,5.0
850.5,842.0,0.0,41.0,7.0
