CoordX,CoordY,Orient,HalfLen,HalfWid
855.0,365.0,-1.5707963267948966,41.0,5.0
460.0,415.5,-3.141592653589793,31.0,5.0
1615.0,449.5,-1.5707963267948966,37.0,19.0
762.0,464.0,-1.5707963267948966,36.0,5.0
1259.5,531.5,-3.141592653589793,69.0,9.0
854.0,696.0,-1.5707963267948966,36.0,6.0
931.0,1243.5,0.0,40.0,9.0
