CoordX,CoordY,Orient,HalfLen,HalfWid
166.5,300.0,0.0,47.0,6.0
589.0,394.5,-3.141592653589793,27.0,6.0
299.0,435.0,-1.5707963267948966,30.0,7.0
245.0,620.5,0.0,41.0,8.0
