CoordX,CoordY,Orient,HalfLen,HalfWid
259.0,604.5,0.0,37.0,11.0
447.6,1169.2882882882882,0.8042066118065297,34.70859790522649,4.827037356495423
321.5,1184.0,-1.5707963267948966,33.0,4.0
260.5,1434.5,0.0,40.0,4.0
260.0,1513.5,-3.141592653589793,40.0,11.0
315.5,1621.5,-1.5707963267948966,36.0,4.0
