CoordX,CoordY,Orient,HalfLen,HalfWid
296.5,189.0,0.0,34.0,12.0
376.0,485.0,-3.141592653589793,35.0,7.0
575.0,485.0,-3.141592653589793,35.0,7.0
275.5,575.0,-1.5707963267948966,34.0,6.0
754.5,580.0,-1.5707963267948966,35.0,6.0
450.5,880.0,0.0,34.0,12.0
