CoordX,CoordY,Orient,HalfLen,HalfWid
447.5,304.0,0.0,39.0,17.0
552.5,427.0,-1.5707963267948966,36.0,4.0
552.5,626.0,-1.5707963267948966,31.0,4.0
552.5,774.5,-1.5707963267948966,42.0,4.0
694.0,787.5,-1.5707963267948966,34.0,9.0
552.5,877.0,-1.5707963267948966,42.0,4.0
636.0,1111.0,-3.141592653589793,43.0,8.0
