CoordX,CoordY,Orient,HalfLen,HalfWid
1259.0,495.5,-1.5707963267948966,42.0,7.0
858.5,614.0,-1.5707963267948966,38.0,5.0
592.0,624.0,-1.5707963267948966,37.0,5.0
592.0,809.0,-1.5707963267948966,36.0,5.0
778.5,926.5,-1.5707963267948966,39.0,5.0
592.0,939.5,-1.5707963267948966,37.0,5.0
678.5,1172.0,0.0,42.0,7.0
