CoordX,CoordY,Orient,HalfLen,HalfWid
435.5,417.0,0.0,38.0,12.0
343.0,889.5,-1.5707963267948966,32.0,5.0
492.5,918.5,-1.5707963267948966,40.0,5.0
195.0,933.5,0.0,27.0,5.0
343.0,1016.0,-1.5707963267948966,26.0,5.0
492.5,1039.5,-1.5707963267948966,22.0,5.0
635.0,1071.5,0.0,25.0,4.0
343.0,1160.5,-1.5707963267948966,37.0,5.0
492.5,1174.0,-1.5707963267948966,36.0,5.0
438.5,1345.5,0.0,40.0,4.0
438.5,1469.5,0.0,39.0,15.0
