CoordX,CoordY,Orient,HalfLen,HalfWid
654.0,222.5,0.0,33.0,5.0
748.5,265.5,-1.5707963267948966,31.0,5.0
572.5,268.5,-1.5707963267948966,31.0,5.0
107.5,311.0,-3.141592653589793,32.0,11.0
748.5,422.0,-1.5707963267948966,32.0,5.0
684.5,681.0,0.0,36.0,11.0
