CoordX,CoordY,Orient,HalfLen,HalfWid
964.0,169.0,-1.5707963267948966,38.0,6.0
240.5,407.5,-1.5707963267948966,47.0,7.0
964.0,460.0,-1.5707963267948966,40.0,6.0
625.0,562.0,-1.5707963267948966,35.0,6.0
964.0,571.0,-1.5707963267948966,37.0,6.0
719.5,608.0,0.0,35.0,6.0
964.0,939.0,-1.5707963267948966,32.0,6.0
854.0,991.5,0.0,38.0,7.0
