CoordX,CoordY,Orient,HalfLen,HalfWid
509.5,278.0,0.0,38.0,15.0
475.5,745.0,0.0,39.0,6.0
359.0,788.0,-1.5707963267948966,30.0,6.0
596.0,824.5,-1.5707963267948966,25.0,5.0
359.0,867.5,-1.5707963267948966,26.0,6.0
477.5,946.0,-1.5707963267948966,31.0,5.0
359.0,1057.5,-1.5707963267948966,31.0,6.0
320.0,1103.5,-3.141592653589793,26.0,7.0
414.0,1143.5,0.0,39.0,4.0
412.0,1269.5,-3.141592653589793,40.0,14.0
294.5,1597.0,-1.5707963267948966,36.0,7.0
