CoordX,CoordY,Orient,HalfLen,HalfWid
789.5,365.5,0.0,42.0,14.0
432.5,447.0,-1.5707963267948966,41.0,6.0
1138.0,801.5,0.0,42.0,6.0
717.5,913.0,-1.5707963267948966,42.0,6.0
922.5,912.0,-1.5707963267948966,41.0,6.0
377.5,946.0,-1.5707963267948966,39.0,6.0
717.5,1047.5,-1.5707963267948966,41.0,6.0
922.5,1047.0,-1.5707963267948966,41.0,6.0
796.0,1306.5,-3.141592653589793,46.0,14.0
1070.5,1544.0,-1.5707963267948966,44.0,8.0
