CoordX,CoordY,Orient,HalfLen,HalfWid
114.5,473.5,-1.5707963267948966,41.0,9.0
475.0,526.5,-3.141592653589793,41.0,4.0
581.0,526.5,-3.141592653589793,42.0,4.0
263.5053435114504,582.4381679389313,1.5704046408428052,40.001171989468574,3.0156672075562208
1160.5,611.5,-1.5707963267948966,41.0,4.0
1104.0,750.5,0.0,48.0,6.0
