CoordX,CoordY,Orient,HalfLen,HalfWid
567.5,164.0,-1.5707963267948966,32.0,7.0
671.5,384.5,0.0,40.0,6.0
797.5,435.0,-1.5707963267948966,40.0,6.0
569.5,516.5,-3.141592653589793,40.0,7.0
386.5,587.5,-1.5707963267948966,40.0,7.0
1613.5,589.5,-3.141592653589793,40.0,7.0
1664.5,676.5,-1.5707963267948966,35.0,7.0
681.5,665.0,0.0,39.0,13.0
1449.0,794.0,-1.5707963267948966,40.0,6.0
