CoordX,CoordY,Orient,HalfLen,HalfWid
689.0,275.5,-3.141592653589793,31.0,4.0
609.5,366.0,-1.5707963267948966,40.0,4.0
163.5,368.5,-1.5707963267948966,38.0,16.0
896.5,445.5,-3.141592653589793,39.0,4.0
742.5,914.0,-1.5707963267948966,31.0,4.0
811.5,1113.0,0.0,44.0,10.0
