CoordX,CoordY,Orient,HalfLen,HalfWid
826.5,315.5,-3.141592653589793,36.0,5.0
596.5,372.5,-1.5707963267948966,40.0,5.0
1470.5,419.0,-1.5707963267948966,39.0,10.0
669.0,558.0,-1.5707963267948966,33.0,5.0
947.0,580.5,-1.5707963267948966,28.0,5.0
820.0,751.0,-3.141592653589793,41.0,8.0
