CoordX,CoordY,Orient,HalfLen,HalfWid
319.5,555.5,-3.141592653589793,44.0,5.0
584.5,555.5,-3.141592653589793,44.0,5.0
695.5,555.5,-3.141592653589793,45.0,5.0
1569.5,599.5,-1.5707963267948966,43.0,27.0
247.5,647.0,-1.5707963267948966,39.0,5.0
726.5,696.0,-3.141592653589793,45.0,6.0
504.0,917.5,-3.141592653589793,50.0,13.0
