CoordX,CoordY,Orient,HalfLen,HalfWid
1680.5,249.5,-3.141592653589793,34.0,7.0
700.5,254.0,0.0,39.0,6.0
1398.5,391.0,1.5707963267948966,34.0,7.0
1610.5,397.0,1.0397399967453027,39.35013609318533,8.048516090995005
1639.5,494.0,-1.5707963267948966,36.0,7.0
656.5,607.5,-3.141592653589793,42.0,6.0
659.5,753.0,-3.141592653589793,44.0,16.0
1519.0,753.0,-3.141592653589793,42.0,14.0
