CoordX,CoordY,Orient,HalfLen,HalfWid
705.0,202.0,-1.5707963267948966,35.0,6.0
1044.0,291.0,-3.141592653589793,39.0,7.0
526.5,355.5,-3.141592653589793,39.0,5.0
623.0,355.5,-3.141592653589793,38.0,5.0
455.0,395.5,-1.5707963267948966,32.0,6.0
455.0,481.0,-1.5707963267948966,34.0,6.0
516.5,521.0,0.0,39.0,6.0
1242.0,632.5,-1.5707963267948966,43.0,12.0
645.0,928.0,0.0,49.0,11.0
