CoordX,CoordY,Orient,HalfLen,HalfWid
536.5,86.0,0.0,37.0,12.0
431.5,371.0,-1.5707963267948966,40.0,4.0
305.0,675.5,-1.5707963267948966,29.0,4.0
431.5,675.5,-1.5707963267948966,29.0,4.0
252.5,760.0,0.0,29.0,6.0
703.0,766.5,-3.141592653589793,28.0,4.0
800.5,766.5,0.0,36.0,4.0
800.5,919.5,0.0,36.0,12.0
366.0,1101.5,-1.5707963267948966,29.0,8.0
