CoordX,CoordY,Orient,HalfLen,HalfWid
249.5,145.5,-1.5707963267948966,30.0,6.0
407.5,188.5,0.0,31.0,4.0
938.0,276.0,-1.5707963267948966,31.0,10.0
355.5,293.0,-1.5707963267948966,32.0,4.0
424.5,442.5,0.0,32.0,4.0
424.5,539.0,0.0,31.0,10.0
487.5,654.5,-1.5707963267948966,31.0,5.0
