CoordX,CoordY,Orient,HalfLen,HalfWid
1273.0,458.0,-1.5707963267948966,44.0,11.0
523.0,462.5,-3.141592653589793,34.0,6.0
471.5,583.0,-1.5707963267948966,36.0,8.0
955.5,620.5,-1.5707963267948966,34.0,8.0
798.5,666.5,0.0,32.0,8.0
953.9917830731307,746.4765817584223,1.5717600468504627,28.00962419647606,10.026015793691142
629.0,873.5,-3.141592653589793,44.0,11.0
