CoordX,CoordY,Orient,HalfLen,HalfWid
706.0,200.0,-1.5707963267948966,36.0,6.0
305.5,279.0,-1.5707963267948966,35.0,5.0
920.0,456.0,-1.5707963267948966,25.0,5.0
585.0,626.0,0.0,44.0,6.0
520.0,666.0,-1.5707963267948966,31.0,5.0
684.0,699.0,-1.5707963267948966,26.0,5.0
607.0,883.0,-3.141592653589793,45.0,7.0
