CoordX,CoordY,Orient,HalfLen,HalfWid
599.5,309.0,-1.5707963267948966,44.0,5.0
257.5,319.0,-1.5707963267948966,43.0,7.0
340.5,439.0,-3.141592653589793,39.0,5.0
823.0,503.5,-1.5707963267948966,40.0,5.0
908.0,634.0,0.0,44.0,6.0
