CoordX,CoordY,Orient,HalfLen,HalfWid
180.0,626.5,-3.141592653589793,44.0,5.0
241.5,843.5,-1.5707963267948966,44.0,5.0
296.0,967.5,0.0,49.0,6.0
600.0,1152.5,-3.141592653589793,50.0,21.0
