CoordX,CoordY,Orient,HalfLen,HalfWid
397.5,300.0,-1.5707963267948966,43.0,18.0
410.5,446.5,-1.5707963267948966,43.0,5.0
410.5,880.0,-1.5707963267948966,44.0,5.0
305.5,981.5,-1.5707963267948966,32.0,5.0
540.5,991.5,-1.5707963267948966,41.0,5.0
410.5,1206.0,-1.5707963267948966,40.0,5.0
491.5,1301.5,-3.141592653589793,48.0,10.0
