CoordX,CoordY,Orient,HalfLen,HalfWid
1056.0,257.5,-1.5707963267948966,33.0,5.0
378.0,257.0,-1.5707963267948966,30.0,5.0
562.5,399.5,-3.141592653589793,39.0,10.0
723.0,852.5,-1.5707963267948966,33.0,5.0
534.0,933.0,-1.5707963267948966,27.0,5.0
386.0,983.0,-3.141592653589793,26.0,5.0
428.0,1053.0,-1.5707963267948966,26.0,5.0
534.0,1066.5,-1.5707963267948966,24.0,5.0
723.0,1147.5,-1.5707963267948966,27.0,5.0
534.0,1280.0,-1.5707963267948966,25.0,5.0
662.0,1336.5,0.0,38.0,10.0
