CoordX,CoordY,Orient,HalfLen,HalfWid
453.5,229.0,-3.141592653589793,37.0,11.0
112.0,278.0,-1.5707963267948966,25.0,1.0
365.5,342.0,-1.5707963267948966,59.0,8.0
473.5,649.5,-1.5707963267948966,21.0,1.0
141.0,643.0,0.0,34.0,4.0
322.5,643.0,-3.141592653589793,30.0,4.0
473.5,702.0,-1.5707963267948966,24.0,1.0
473.5,753.0,-1.5707963267948966,21.0,1.0
265.5,786.0,-3.141592653589793,45.0,7.0
