CoordX,CoordY,Orient,HalfLen,HalfWid
767.0,253.5,-3.141592653589793,31.0,4.0
848.0,253.5,-3.141592653589793,31.0,4.0
993.5,299.0,-1.5707963267948966,36.0,4.0
690.5,306.0,-1.5707963267948966,34.0,4.0
1317.5,394.5,-1.5707963267948966,41.0,12.0
1236.5,396.0,-1.5707963267948966,42.0,5.0
240.5,405.0,-1.5707963267948966,43.0,9.0
793.0,451.0,0.0,35.0,5.0
943.5,451.0,-3.141592653589793,40.0,5.0
768.4552129221732,606.992657856094,-0.0007248955111287325,30.00361659513603,5.021020654297955
