CoordX,CoordY,Orient,HalfLen,HalfWid
538.5,541.5,0.0,46.0,18.0
292.5,1086.0,-3.141592653589793,45.0,8.0
456.0,1163.5,-1.5707963267948966,42.0,8.0
621.5,1162.5,-1.5707963267948966,41.0,7.0
523.5,1220.5,0.0,47.0,7.0
708.5,1293.5,0.0,32.0,7.0
939.0,1499.0,0.0,47.0,19.0
523.5,1500.5,-3.141592653589793,47.0,17.0
147.5,1775.5,-3.141592653589793,47.0,18.0
