CoordX,CoordY,Orient,HalfLen,HalfWid
645.0,602.5,-1.5707963267948966,24.0,4.0
821.0,835.0,-1.5707963267948966,39.0,6.0
446.0,829.0,0.0,23.0,3.0
732.5,884.0,0.0,28.0,6.0
480.5,937.5,-1.5707963267948966,30.0,6.0
558.5,1005.0,0.0,38.0,7.0
