CoordX,CoordY,Orient,HalfLen,HalfWid
493.5,273.0,-1.5707963267948966,41.0,17.0
433.0,641.5,-1.5707963267948966,30.0,5.0
274.0,658.5,-1.5707963267948966,31.0,6.0
546.0,782.5,-3.141592653589793,45.0,9.0
