CoordX,CoordY,Orient,HalfLen,HalfWid
992.0,255.0,-1.5707963267948966,30.0,5.0
334.0,417.0,-1.5707963267948966,41.0,11.0
952.0,508.5,-3.141592653589793,31.0,9.0
1043.0,508.5,0.0,41.0,9.0
1113.0,564.5,-1.5707963267948966,38.0,5.0
591.5,570.0,-1.5707963267948966,43.0,10.0
973.5,630.5,0.0,38.0,5.0
664.0,678.5,0.0,53.0,7.0
