CoordX,CoordY,Orient,HalfLen,HalfWid
1216.0,341.0,-1.5707963267948966,37.0,11.0
445.5,332.5,0.0,38.0,7.0
628.3916408668731,336.0123839009288,0.0010283026139048493,35.00409470512271,4.03393186546618
389.0,382.5,-1.5707963267948966,37.0,4.0
707.5,393.5,-1.5707963267948966,37.0,3.0
551.0,629.0,-1.5707963267948966,34.0,4.0
607.5,742.5,0.0,44.0,7.0
