CoordX,CoordY,Orient,HalfLen,HalfWid
364.5,296.0,0.0,36.0,11.0
176.0,704.0,-3.141592653589793,33.0,5.0
282.0,781.0,-1.5707963267948966,33.0,5.0
345.5,833.5,-3.141592653589793,36.0,10.0
