CoordX,CoordY,Orient,HalfLen,HalfWid
1013.5,510.0,-3.141592653589793,38.0,5.0
284.5,559.5,-1.5707963267948966,41.0,14.0
605.0,613.5,0.001169571705184321,37.00582255108308,4.9567224370294065
889.0,660.5,-2.3569501994243347,39.602243375887966,5.6269280781735596
1203.0,702.0,0.0,44.0,5.0
932.0,755.0,-1.5707963267948966,30.0,9.0
1192.0,888.5,-3.141592653589793,46.0,10.0
