CoordX,CoordY,Orient,HalfLen,HalfWid
653.5,345.0,-1.5707963267948966,42.0,6.0
894.5,483.5,-1.5707963267948966,33.0,7.0
217.5,509.0,-1.5707963267948966,40.0,11.0
894.5,583.5,-1.5707963267948966,33.0,7.0
894.5,731.0,-1.5707963267948966,32.0,7.0
463.5,818.0,0.0,40.0,6.0
842.0,823.5,-3.141592653589793,39.0,11.0
