CoordX,CoordY,Orient,HalfLen,HalfWid
1484.5,238.0,0.0,33.0,7.0
206.0,302.0,0.0,31.0,5.0
251.0,439.5,-1.5707963267948966,36.0,6.0
822.0,414.0,0.0,37.0,7.0
341.0,508.5,0.0,39.0,6.0
255.0,548.5,-1.5707963267948966,26.0,7.0
1378.0,570.0,0.0,40.0,9.0
1428.0,637.5,-1.5707963267948966,57.0,5.0
495.5,650.0,-1.5707963267948966,36.0,7.0
429.5,724.5,-3.141592653589793,46.0,6.0
431.5,844.5,0.0,50.0,12.0
