CoordX,CoordY,Orient,HalfLen,HalfWid
819.5,371.5,-1.5707963267948966,40.0,16.0
173.5,500.5,-3.141592653589793,40.0,5.0
328.5,620.5,-3.141592653589793,40.0,5.0
424.5,718.5,-1.5707963267948966,32.0,4.0
147.5,854.0,0.0,46.0,11.0
