CoordX,CoordY,Orient,HalfLen,HalfWid
892.5,181.0,0.0,36.0,14.0
997.5,499.0,-1.5707963267948966,99.0,6.0
993.5,750.5,-1.5707963267948966,34.0,6.0
778.0,753.0,-1.5707963267948966,27.0,5.0
732.0,790.0,-3.141592653589793,27.0,5.0
828.5,790.0,0.0,32.0,5.0
1073.5,911.5,0.0,32.0,6.0
931.5,979.5,-3.141592653589793,44.0,5.0
929.5,1124.0,0.0,45.0,14.0
702.0,1473.5,-1.5707963267948966,41.0,5.0
