CoordX,CoordY,Orient,HalfLen,HalfWid
652.5,479.5,-3.141592653589793,30.0,4.0
581.5,533.0,-1.5707963267948966,42.0,4.0
1276.5,589.5,-1.5707963267948966,46.0,9.0
581.5,645.5,-1.5707963267948966,41.0,4.0
813.0,657.5,-3.141592653589793,66.0,8.0
1192.0,657.5,-3.141592653589793,36.0,8.0
914.5,703.5,-1.5707963267948966,28.0,4.0
914.5,864.5,-1.5707963267948966,35.0,4.0
861.5,993.5,0.0,42.0,9.0
