CoordX,CoordY,Orient,HalfLen,HalfWid
555.5,261.5,-1.5707963267948966,42.0,16.0
1067.0,326.0,0.0,46.0,9.0
484.5,328.0,-3.141592653589793,40.0,7.0
433.0,460.0,-1.5707963267948966,40.0,5.0
315.5,528.5,0.0,32.0,6.0
833.5,696.5,0.0,37.0,4.0
360.5,767.0,-1.5707963267948966,32.0,4.0
425.0,810.5,-3.141592653589793,38.0,5.0
538.0,810.5,-3.141592653589793,37.0,5.0
952.5,864.5,-1.5707963267948966,40.0,5.0
829.0,1105.5,-3.141592653589793,40.0,5.0
830.0,1168.5,0.0,41.0,10.0
