CoordX,CoordY,Orient,HalfLen,HalfWid
1390.0,391.5,0.0,115.0,6.0
637.0,396.5,-3.141592653589793,32.0,4.0
762.5,396.5,0.0,37.0,4.0
956.5,396.5,0.0,40.0,4.0
1517.5,446.0,-1.5707963267948966,44.0,12.0
596.0,448.0,-1.5707963267948966,43.0,5.0
1004.5,489.5,-1.5707963267948966,40.0,5.0
596.0,550.5,-1.5707963267948966,43.0,5.0
919.5,540.5,-3.141592653589793,30.0,5.0
669.5,814.0,-3.141592653589793,41.0,8.0
780.5,815.0,0.0,43.0,9.0
