CoordX,CoordY,Orient,HalfLen,HalfWid
160.0,69.0,-3.141592653589793,41.0,24.0
234.0,822.5,-1.5707963267948966,42.0,4.0
301.0,934.5,0.0,47.0,4.0
