CoordX,CoordY,Orient,HalfLen,HalfWid
475.0,719.5,0.0,37.0,11.0
617.0,1070.5,-3.141592653589793,38.0,5.0
778.0,1070.5,0.0,36.0,5.0
513.5,1252.0,-1.5707963267948966,34.0,5.0
593.5,1567.0,0.0,39.0,6.0
587.0,1697.5,-3.141592653589793,41.0,12.0
