CoordX,CoordY,Orient,HalfLen,HalfWid
236.0,270.0,0.0,42.0,17.0
529.0,581.5,-1.5707963267948966,41.0,5.0
293.0,697.5,-1.5707963267948966,41.0,7.0
195.5,993.5,0.0,46.0,10.0
