CoordX,CoordY,Orient,HalfLen,HalfWid
542.0,506.5,-3.141592653589793,41.0,16.0
594.0,604.0,-1.5707963267948966,81.0,5.0
188.0,702.5,-3.141592653589793,35.0,7.0
543.0,866.0,-3.141592653589793,39.0,4.0
422.0,974.0,-1.5707963267948966,40.0,6.0
242.0,971.5,-1.5707963267948966,33.0,5.0
592.0,1139.5,-1.5707963267948966,41.0,5.0
422.0,1198.0,-1.5707963267948966,38.0,6.0
481.0,1340.0,0.0,45.0,6.0
483.5,1429.0,0.0,42.0,18.0
237.5,1733.5,-1.5707963267948966,39.0,6.0
