CoordX,CoordY,Orient,HalfLen,HalfWid
406.5,271.5,0.0,46.0,24.0
667.5,661.5,-1.5707963267948966,41.0,5.0
464.0,861.5,-1.5707963267948966,43.0,6.0
411.5,1032.5,0.0,38.0,6.0
650.0,1174.0,0.0,45.0,10.0
