CoordX,CoordY,Orient,HalfLen,HalfWid
995.0,87.5,0.0,55.0,26.0
1074.5,231.0,-1.5707963267948966,36.0,5.0
1169.0,280.5,0.0,36.0,5.0
1258.0,280.5,0.0,36.0,5.0
897.5,373.0,-1.5707963267948966,42.0,5.0
1461.0,427.0,0.0,80.0,8.0
897.5,579.5,-1.5707963267948966,41.0,5.0
897.5,986.5,-1.5707963267948966,41.0,5.0
897.5,1261.5,-1.5707963267948966,41.0,5.0
1609.5,1325.5,-1.5707963267948966,88.0,28.0
756.0,1401.5,0.0,54.0,5.0
1000.0,1482.0,-3.141592653589793,61.0,21.0
