CoordX,CoordY,Orient,HalfLen,HalfWid
472.0,157.0,0.0,43.0,15.0
401.0,223.5,-1.5707963267948966,44.0,5.0
253.5,230.0,-1.5707963267948966,44.0,7.0
1142.0,425.0,-1.5707963267948966,44.0,5.0
460.5,427.0,0.0,44.0,5.0
401.0,486.0,-1.5707963267948966,44.0,5.0
1142.0,551.0,1.5707963267948966,39.0,5.0
612.030585106383,595.0292553191489,2.0869207064759605,37.84353931814255,5.966358803597435
525.5,744.0,0.0,48.0,15.0
