CoordX,CoordY,Orient,HalfLen,HalfWid
1044.5,996.0,-3.141592653589793,42.0,19.0
1372.0,1411.5,0.0,38.0,7.0
982.0,1472.0,-1.5707963267948966,39.0,6.0
1098.0,1537.0,0.0,36.0,6.0
1429.0,1693.0,-1.5707963267948966,40.0,6.0
1239.0,1811.0,-3.141592653589793,43.0,8.0
1429.0,1872.5,-1.5707963267948966,40.0,6.0
1375.0,1927.0,0.0,33.0,6.0
