CoordX,CoordY,Orient,HalfLen,HalfWid
551.0,246.0,-3.141592653589793,27.0,5.0
458.5,295.5,-1.5707963267948966,35.0,4.0
1155.5,297.5,-1.5707963267948966,32.0,9.0
867.5,365.0,-3.141592653589793,37.0,8.0
458.5,437.0,-1.5707963267948966,35.0,4.0
761.5,484.0,-1.5707963267948966,34.0,4.0
506.0,628.5,-3.141592653589793,35.0,7.0
