CoordX,CoordY,Orient,HalfLen,HalfWid
253.5,234.5,-1.5707963267948966,44.0,17.0
286.0,766.5,-1.5707963267948966,40.0,5.0
406.0,822.0,1.5707963267948966,39.0,5.0
455.0,952.0,0.0,32.0,5.0
286.0,1008.0,-1.5707963267948966,38.0,5.0
342.5,1054.0,-3.141592653589793,46.0,6.0
343.0,1127.0,-3.141592653589793,46.0,14.0
