CoordX,CoordY,Orient,HalfLen,HalfWid
500.0,408.0,-1.5707963267948966,31.0,2.0
704.5,475.5,-1.5707963267948966,35.0,5.0
500.0,482.0,-1.5707963267948966,31.0,2.0
361.5,525.5,0.0,41.0,8.0
745.5,525.5,-3.141592653589793,31.0,8.0
836.5,738.5,-3.141592653589793,34.0,5.0
87.5,784.0,-1.5707963267948966,42.0,18.0
867.0,940.5,-3.141592653589793,43.0,6.0
