CoordX,CoordY,Orient,HalfLen,HalfWid
343.5,285.0,0.0,40.0,18.0
643.5,485.5,-1.5707963267948966,40.0,5.0
684.5,614.5,-3.141592653589793,31.0,6.0
559.5,887.0,-1.5707963267948966,31.0,7.0
312.74423480083857,903.2568134171908,0.785351759124331,41.71907035565474,5.658757384420528
775.5,927.0,0.0,31.0,6.0
559.5,977.5,-1.5707963267948966,41.0,7.0
493.5,1148.5,-3.141592653589793,45.0,5.0
495.5,1279.0,-3.141592653589793,46.0,15.0
