CoordX,CoordY,Orient,HalfLen,HalfWid
698.5,187.5,-3.141592653589793,34.0,8.0
600.7185534591194,337.50314465408803,-0.7525468362574415,35.52206460816665,4.6716619773594115
687.5,474.0,-3.141592653589793,39.0,5.0
448.5,545.5,-1.5707963267948966,39.0,6.0
447.5,694.0,-1.5707963267948966,40.0,5.0
577.0,800.0,0.8244415623933498,34.81503284505328,3.593534193222706
677.0,938.5,0.0,45.0,8.0
675.0,1160.5,-3.141592653589793,45.0,9.0
