CoordX,CoordY,Orient,HalfLen,HalfWid
1465.0,27.5,0.0,89.0,7.0
1154.0,263.5,-1.5707963267948966,39.0,6.0
639.0,742.5,3.1405464756833164,39.00625572377564,5.959195785625758
673.0,1086.0,-3.141592653589793,46.0,11.0
