CoordX,CoordY,Orient,HalfLen,HalfWid
190.02736098852603,246.50750220653134,3.1408250145028918,31.006131978411133,8.023026813266362
194.0,462.0,-0.7853981633974483,42.426406871192846,5.6568542494923815
450.0,537.5,-3.141592653589793,37.0,5.0
174.0,694.0,-3.141592653589793,42.0,6.0
174.0,849.5,0.0,42.0,12.0
