CoordX,CoordY,Orient,HalfLen,HalfWid
509.5,291.5,-3.141592653589793,46.0,21.0
367.5,597.5,-1.5707963267948966,41.0,5.0
224.0,989.0,-1.5707963267948966,39.0,8.0
550.5,993.0,-1.5707963267948966,42.0,5.0
613.5,1049.0,0.0,49.0,10.0
