CoordX,CoordY,Orient,HalfLen,HalfWid
536.0,92.0,-3.141592653589793,40.0,17.0
314.0,334.0,0.0,40.0,9.0
606.0,368.5,-1.5707963267948966,42.0,7.0
1860.5,368.0,-1.5707963267948966,40.0,17.0
1557.0,483.0,0.0,43.0,5.0
543.0,519.5,-3.141592653589793,42.0,5.0
918.5,597.0,-1.5707963267948966,43.0,5.0
1081.5,608.5,-1.5707963267948966,42.0,4.0
461.5,686.5,-3.141592653589793,42.0,7.0
1245.0,800.5,-1.5707963267948966,42.0,5.0
1018.0,873.0,0.0,45.0,17.0
