CoordX,CoordY,Orient,HalfLen,HalfWid
459.5,466.5,-3.141592653589793,47.0,21.0
360.5,864.5,-1.5707963267948966,40.0,5.0
284.5,1079.0,-1.5707963267948966,42.0,5.0
650.0,1283.0,0.0,47.0,13.0
