CoordX,CoordY,Orient,HalfLen,HalfWid
365.0,270.5,0.0,44.0,19.0
282.5,329.5,-1.5707963267948966,34.0,5.0
266.5,671.0,-1.5707963267948966,39.0,5.0
501.0,979.0,0.0,44.0,11.0
