CoordX,CoordY,Orient,HalfLen,HalfWid
582.0,286.5,-1.5707963267948966,31.0,6.0
167.5,363.0,-1.5707963267948966,34.0,11.0
514.0,452.5,0.0,33.0,11.0
412.0,506.5,-1.5707963267948966,33.0,6.0
582.0,550.0,-1.5707963267948966,25.0,6.0
582.0,679.0,-1.5707963267948966,33.0,6.0
516.0,789.5,0.0,33.0,11.0
