CoordX,CoordY,Orient,HalfLen,HalfWid
1143.0,417.0,0.0,41.0,5.0
1280.0,417.0,0.0,31.0,5.0
1378.0,417.0,0.0,41.0,5.0
1712.5,501.5,-1.5707963267948966,39.0,17.0
1323.5,589.0,-1.5707963267948966,53.0,6.0
364.5,758.0,-3.141592653589793,88.0,6.0
1379.0,760.0,0.0,41.0,5.0
1008.0,842.0,-1.5707963267948966,30.0,5.0
948.5,889.0,-3.141592653589793,40.0,5.0
1195.5,929.5,0.0,30.0,6.0
1324.0,992.0,-1.5707963267948966,42.0,6.0
256.0,1005.0,-1.5707963267948966,41.0,17.0
772.5,1129.0,0.0,45.0,9.0
