CoordX,CoordY,Orient,HalfLen,HalfWid
380.0,399.5,-1.5707963267948966,43.0,21.0
394.5,602.0,-1.5707963267948966,82.0,6.0
337.5,807.0,-1.5707963267948966,37.0,6.0
393.0,925.5,0.0,42.0,10.0
