CoordX,CoordY,Orient,HalfLen,HalfWid
1132.5,333.5,-1.5707963267948966,37.0,10.0
572.0,315.5,-3.141592653589793,35.0,4.0
458.0,362.5,-1.5707963267948966,39.0,4.0
616.0,363.5,-1.5707963267948966,38.0,5.0
826.0,415.5,0.0,39.0,8.0
458.0,468.0,-1.5707963267948966,39.0,4.0
616.0,528.0,-1.5707963267948966,34.0,5.0
777.5,528.0,-1.5707963267948966,33.0,4.0
616.0,672.5,-1.5707963267948966,28.0,5.0
519.0,783.5,-3.141592653589793,44.0,8.0
