CoordX,CoordY,Orient,HalfLen,HalfWid
340.5,269.0,0.0,36.0,8.0
467.0,501.0,-1.5707963267948966,36.0,4.0
279.0,740.5,-1.5707963267948966,29.0,6.0
279.0,868.5,-1.5707963267948966,33.0,6.0
358.5,971.5,0.0,38.0,7.0
