CoordX,CoordY,Orient,HalfLen,HalfWid
405.5,303.0,0.0,43.0,26.0
465.5,393.0,-1.5707963267948966,46.0,5.0
465.5,605.0,-1.5707963267948966,40.0,5.0
465.5,796.5,-1.5707963267948966,41.0,5.0
403.5,1041.0,0.0,46.0,10.0
