CoordX,CoordY,Orient,HalfLen,HalfWid
474.5,155.0,0.0,39.0,19.0
457.5,680.5,-1.5707963267948966,42.0,5.0
325.0,704.5,-1.5707963267948966,37.0,6.0
279.5,759.0,-3.141592653589793,30.0,6.0
379.0,839.5,-3.141592653589793,42.0,5.0
374.5,958.0,0.0,40.0,18.0
