CoordX,CoordY,Orient,HalfLen,HalfWid
918.5,1087.0,-1.5707963267948966,63.0,5.0
352.5,1076.5,-1.5707963267948966,39.0,26.0
880.5,1160.0,0.0,24.0,9.0
1008.5,1453.0,-1.5707963267948966,32.0,6.0
953.5,1523.5,-3.141592653589793,39.0,17.0
