CoordX,CoordY,Orient,HalfLen,HalfWid
401.0,284.0,-1.5707963267948966,47.0,22.0
418.5,557.5,-1.5707963267948966,43.0,4.0
305.5,813.5,-1.5707963267948966,40.0,7.0
614.5,817.5,-1.5707963267948966,39.0,4.0
701.5,881.0,0.0,45.0,9.0
