CoordX,CoordY,Orient,HalfLen,HalfWid
736.0,358.5,-1.5707963267948966,42.0,6.0
640.0,599.0,0.0,54.0,6.0
956.5,599.0,0.0,52.0,6.0
1130.0,599.0,0.0,58.0,6.0
870.0,813.0,-1.5707963267948966,58.0,6.0
424.0,838.0,-1.5707963267948966,50.0,6.0
192.0,1049.0,-3.141592653589793,61.0,8.0
870.0,1156.0,-1.5707963267948966,59.0,6.0
