CoordX,CoordY,Orient,HalfLen,HalfWid
149.0,371.5,-1.5707963267948966,38.0,11.0
869.5,415.0,0.0,34.0,6.0
975.0,415.0,0.0,39.0,6.0
689.0,604.5,-3.141592653589793,43.0,11.0
