CoordX,CoordY,Orient,HalfLen,HalfWid
496.5,399.0,-3.141592653589793,40.0,15.0
437.5,648.0,-1.5707963267948966,47.0,4.0
217.5,857.0,-3.141592653589793,31.0,7.0
437.5,894.0,-1.5707963267948966,34.0,4.0
862.0,902.5,-1.5707963267948966,39.0,15.0
437.5,1026.0,-1.5707963267948966,34.0,4.0
437.5,1120.5,-1.5707963267948966,38.0,4.0
493.5,1271.0,-3.141592653589793,42.0,4.0
492.0,1405.0,0.0,41.0,15.0
