CoordX,CoordY,Orient,HalfLen,HalfWid
379.0,346.0,-1.5707963267948966,46.0,5.0
836.5,549.0,-3.141592653589793,42.0,6.0
115.0,639.5,-1.5707963267948966,41.0,23.0
379.0,654.5,-1.5707963267948966,45.0,5.0
892.0,776.0,-3.141592653589793,47.0,10.0
