CoordX,CoordY,Orient,HalfLen,HalfWid
445.0,160.0,0.0,42.0,13.0
393.0,308.0,-1.5707963267948966,63.0,5.0
276.5,646.0,-3.141592653589793,42.0,4.0
394.0,713.5,-1.5707963267948966,41.0,4.0
489.0,833.5,-3.141592653589793,48.0,10.0
