CoordX,CoordY,Orient,HalfLen,HalfWid
1100.5,181.0,0.0,39.0,13.0
1209.0,422.0,-1.5707963267948966,41.0,5.0
528.5,539.0,-1.5707963267948966,40.0,6.0
528.5,640.5,-1.5707963267948966,40.0,6.0
1452.5,741.5,-3.141592653589793,35.0,5.0
1208.0,800.5,-1.57025750149479,54.00322511266138,5.970902564204092
1596.0,798.5,-1.5707963267948966,41.0,15.0
571.0,780.5,0.0,35.0,5.0
738.5,780.5,0.0,50.0,5.0
732.5,931.0,0.0,43.0,12.0
