CoordX,CoordY,Orient,HalfLen,HalfWid
865.5,310.0,-1.5707963267948966,35.0,7.0
741.0,359.5,-3.141592653589793,41.0,7.0
572.5,412.5,-1.5707963267948966,39.0,10.0
865.5,419.0,-1.5707963267948966,42.0,7.0
687.5,557.0,-1.5707963267948966,31.0,6.0
764.0,637.5,0.0,44.0,10.0
630.0,860.5,-1.5707963267948966,39.0,7.0
722.5,950.5,0.0,66.0,14.0
