CoordX,CoordY,Orient,HalfLen,HalfWid
211.5,305.0,-1.5707963267948966,39.0,10.0
1087.5,376.0,0.0,25.0,5.0
760.0,451.5,-1.5707963267948966,26.0,5.0
760.0,626.5,-1.5707963267948966,33.0,5.0
712.0,742.5,0.0,39.0,10.0
