CoordX,CoordY,Orient,HalfLen,HalfWid
635.0,422.5,0.0,37.0,13.0
714.5,686.0,-1.5707963267948966,48.0,4.0
555.5,910.0,-1.5707963267948966,38.0,4.0
714.5,910.5,-1.5707963267948966,38.0,4.0
869.5,981.5,0.0,27.0,4.0
714.5,1024.0,-1.5707963267948966,30.0,4.0
662.5,1072.5,0.0,42.0,4.0
659.5,1161.0,-3.141592653589793,42.0,14.0
