CoordX,CoordY,Orient,HalfLen,HalfWid
347.5,273.5,-3.141592653589793,40.0,15.0
407.0,551.0,-1.5707963267948966,42.0,5.0
512.0,701.0,-1.5707963267948966,30.0,4.0
407.0,836.0,-1.5707963267948966,31.0,5.0
224.0,905.0,-1.5707963267948966,36.0,4.0
560.5,908.0,-3.141592653589793,40.0,5.0
181.0,1041.0,0.0,31.0,4.0
276.5,1101.0,0.0,44.0,5.0
276.0,1236.5,-3.141592653589793,44.0,13.0
