CoordX,CoordY,Orient,HalfLen,HalfWid
884.0,267.0,-3.141592653589793,46.0,24.0
526.5,330.0,-1.5707963267948966,38.0,5.0
526.5,569.0,-1.5707963267948966,40.0,5.0
526.5,744.0,-1.5707963267948966,40.0,5.0
921.5,878.0,0.0,45.0,10.0
