CoordX,CoordY,Orient,HalfLen,HalfWid
536.0,327.5,-3.141592653589793,41.0,7.0
485.5,796.0,-1.5707963267948966,38.0,7.0
294.0,799.5,-1.5707963267948966,32.0,7.0
202.0,928.0,0.0,32.0,7.0
416.0,1000.0,0.0,42.0,7.0
403.5,1101.5,-3.141592653589793,41.0,7.0
415.0,1251.5,0.0,37.0,7.0
