CoordX,CoordY,Orient,HalfLen,HalfWid
401.5,329.0,0.0,39.0,11.0
518.5,636.0,-1.5707963267948966,42.0,5.0
633.5,692.5,-3.141592653589793,40.0,5.0
614.0,922.5,-3.141592653589793,31.0,5.0
196.0,1104.0,-3.141592653589793,46.0,12.0
