CoordX,CoordY,Orient,HalfLen,HalfWid
1231.5,483.0,-1.5707963267948966,39.0,14.0
1437.0,548.0,-1.5707963267948966,42.0,6.0
1028.0,534.0,0.0,36.0,6.0
932.5,696.5,-1.5707963267948966,35.0,5.0
1076.5,743.5,0.0,33.0,6.0
629.5,762.0,0.874036271068435,24.69838307641571,6.3237546924767845
439.5,860.5,-1.5707963267948966,37.0,5.0
739.5,968.0,-1.5707963267948966,38.0,5.0
604.5,1030.5,-3.141592653589793,44.0,5.0
603.5,1112.5,-3.141592653589793,43.0,15.0
