CoordX,CoordY,Orient,HalfLen,HalfWid
867.5,265.5,-3.141592653589793,26.0,5.0
840.5,424.5,-3.141592653589793,39.0,5.0
679.0,580.5,0.0,38.0,16.0
