CoordX,CoordY,Orient,HalfLen,HalfWid
302.5,228.0,-3.141592653589793,40.0,16.0
414.5,481.0,-1.5707963267948966,41.0,6.0
638.5,664.5,-1.5707963267948966,41.0,6.0
405.0,746.5,-2.356893510776966,41.01712611048392,7.042397719289782
286.5,949.0,-3.141592653589793,46.0,5.0
287.5,1080.0,-3.141592653589793,46.0,16.0
