CoordX,CoordY,Orient,HalfLen,HalfWid
646.5,283.0,-3.141592653589793,34.0,5.0
508.5,332.0,-1.5707963267948966,41.0,4.0
1228.5,398.0,-1.5707963267948966,40.0,11.0
507.5,438.0,-1.5707963267948966,39.0,5.0
1041.0,475.0,0.0,39.0,8.0
698.0,566.5,-1.5707963267948966,29.0,5.0
867.5,566.5,-1.5707963267948966,29.0,4.0
647.0,629.5,0.0,40.0,7.0
