CoordX,CoordY,Orient,HalfLen,HalfWid
337.5,227.0,-3.141592653589793,46.0,17.0
226.5,879.5,-1.5707963267948966,40.0,5.0
365.0,943.0,-1.5707963267948966,41.0,5.0
167.0,1063.5,0.0,41.0,5.0
282.0,1249.0,-3.141592653589793,46.0,18.0
