CoordX,CoordY,Orient,HalfLen,HalfWid
567.0,584.0,-1.5707963267948966,38.0,6.0
375.0,805.0,-3.141592653589793,42.0,6.0
513.0,805.0,0.0,44.0,6.0
623.0,805.0,0.0,43.0,6.0
598.0,938.0,0.0,43.0,6.0
921.0,997.5,-1.5707963267948966,43.0,6.0
373.0,1052.5,-3.141592653589793,47.0,9.0
1451.5,1169.0,-3.141592653589793,42.0,20.0
