CoordX,CoordY,Orient,HalfLen,HalfWid
337.0,182.0,-1.5707963267948966,50.0,5.0
666.5,535.0,0.0,27.0,5.0
726.0,657.5,-1.5707963267948966,29.0,5.0
508.0,803.0,-3.141592653589793,30.0,12.0
