CoordX,CoordY,Orient,HalfLen,HalfWid
1246.5,323.0,-1.5707963267948966,39.0,6.0
677.5,366.0,-1.5707963267948966,39.0,11.0
1246.5,437.5,-1.5707963267948966,38.0,6.0
1271.0,824.0,-1.5707963267948966,40.0,6.0
985.0,923.0,0.0,35.0,5.0
1571.0,941.5,0.0,33.0,5.0
896.5,1015.0,-1.5707963267948966,39.0,6.0
1325.5,1193.5,0.0,42.0,11.0
