CoordX,CoordY,Orient,HalfLen,HalfWid
1144.5,236.0,-3.141592653589793,30.0,6.0
1184.5,296.5,-1.5707963267948966,37.0,6.0
305.5123372172721,473.9996572995202,-1.5708138867375772,40.000316072801205,17.999297599517647
1184.5,630.0,-1.5707963267948966,41.0,6.0
1184.5,734.5,-1.5707963267948966,40.0,6.0
1184.5,1061.5,-1.5707963267948966,40.0,6.0
1385.5,1112.5,3.139877516876539,30.010246689835757,5.948537098749735
1095.5,1115.0,-3.141592653589793,46.0,8.0
