CoordX,CoordY,Orient,HalfLen,HalfWid
132.5,227.5,-3.141592653589793,28.0,3.0
259.5,865.0,-3.141592653589793,120.0,6.0
