CoordX,CoordY,Orient,HalfLen,HalfWid
679.0,371.5,0.0,41.0,10.0
954.5,644.5,-3.141592653589793,41.0,4.0
1077.5,697.0,-1.5707963267948966,41.0,4.0
936.5,749.5,-3.141592653589793,41.0,4.0
336.0,804.5,-1.5707963267948966,41.0,7.0
737.0064516129032,803.5290322580645,-1.5712825678172369,40.003885199418896,8.019448694405886
270.0,931.0,-3.141592653589793,49.0,10.0
