CoordX,CoordY,Orient,HalfLen,HalfWid
1119.5,230.0,-1.5707963267948966,41.0,7.0
559.0,216.0,0.0,32.0,6.0
392.0,282.0,-1.5707963267948966,44.0,6.0
750.0,392.0,0.0,32.0,5.0
1073.5,392.0,0.0,35.0,5.0
557.0,407.0,0.0,47.0,9.0
