CoordX,CoordY,Orient,HalfLen,HalfWid
628.0,544.5,-1.5707963267948966,36.0,10.0
742.0,790.0,0.0,44.0,10.0
801.0,878.0,-1.5707963267948966,54.0,10.0
628.0,876.5,-1.5707963267948966,51.0,10.0
544.5,1014.0,0.0,45.0,10.0
709.0,1014.0,-3.141592653589793,39.0,10.0
