CoordX,CoordY,Orient,HalfLen,HalfWid
273.5,267.0,-1.5707963267948966,57.0,7.0
703.5,328.5,-1.5707963267948966,43.0,15.0
549.0,442.5,-3.141592653589793,56.0,7.0
207.5,842.5,-3.141592653589793,49.0,15.0
