CoordX,CoordY,Orient,HalfLen,HalfWid
433.0,254.5,-1.5707963267948966,76.0,27.0
828.5,872.5,-3.141592653589793,37.0,5.0
1033.0,1013.5,-1.5704542646878266,68.00204839438194,5.976739426153389
777.0,1035.0,-1.5707963267948966,40.0,6.0
938.5,1365.5,-3.141592653589793,49.0,12.0
