CoordX,CoordY,Orient,HalfLen,HalfWid
495.0,480.0,0.0,49.0,16.0
257.5,1093.0,0.0,40.0,6.0
655.5,1142.0,-3.141592653589793,40.0,7.0
439.0,1209.0,-1.5707963267948966,41.0,6.0
598.0,1237.0,-1.5707963267948966,43.0,7.0
523.0,1315.0,-3.141592653589793,47.0,6.0
517.5,1499.0,-3.141592653589793,48.0,20.0
597.0,1646.0,1.5707963267948966,47.0,6.0
