CoordX,CoordY,Orient,HalfLen,HalfWid
396.0,152.5,0.0,43.0,10.0
337.0,591.0,-1.5707963267948966,40.0,7.0
505.5,600.5,-1.5707963267948966,28.0,6.0
702.5,640.0,0.0,32.0,5.0
505.5,690.0,-1.5707963267948966,39.0,6.0
337.0,757.0,-1.5707963267948966,36.0,7.0
290.5,840.0,0.0,34.0,6.0
396.5,894.5,-3.141592653589793,44.0,6.0
401.5,1008.5,-3.141592653589793,42.0,10.0
527.0,1225.5,0.0,39.0,8.0
