CoordX,CoordY,Orient,HalfLen,HalfWid
574.5,398.5,0.0,40.0,4.0
797.5,398.5,0.0,42.0,4.0
228.0,481.0,-1.5707963267948966,40.0,12.0
868.6910039113429,623.5906127770535,-2.1249686374383976,35.91292856838685,5.46453970040379
935.0,668.5,0.0,31.0,6.0
812.0,840.5,0.0,42.0,10.0
