CoordX,CoordY,Orient,HalfLen,HalfWid
420.5,400.5,-3.141592653589793,39.0,5.0
184.5,408.5,-3.141592653589793,44.0,5.0
238.5,549.5,-1.5707963267948966,39.0,4.0
163.0,653.0,0.0,50.0,10.0
