CoordX,CoordY,Orient,HalfLen,HalfWid
464.0,228.5,-1.5707963267948966,34.0,9.0
621.0,498.5,-3.141592653589793,34.0,4.0
801.0,499.0,0.0,41.0,4.0
861.5,539.5,-1.5707963267948966,31.0,4.0
605.5,669.0,-3.141592653589793,46.0,9.0
