CoordX,CoordY,Orient,HalfLen,HalfWid
153.0,426.0,0.0,38.0,15.0
531.0,744.5,-1.5707963267948966,40.0,6.0
736.0,801.0,-3.141592653589793,50.0,5.0
531.0,907.0,-1.5707963267948966,39.0,6.0
381.0,1084.0,-1.5707963267948966,40.0,5.0
672.5,1142.0,-3.141592653589793,37.0,8.0
531.0,1195.5,-1.5707963267948966,39.0,6.0
464.5,1265.5,0.0,43.0,7.0
463.5,1368.0,-3.141592653589793,43.0,15.0
625.0,1879.5,-1.5707963267948966,45.0,6.0
