CoordX,CoordY,Orient,HalfLen,HalfWid
357.5,424.5,0.0,32.0,7.0
692.5,424.5,-3.141592653589793,34.0,7.0
1455.0,429.5,-3.141592653589793,34.0,6.0
305.5,511.0,-1.5707963267948966,49.0,7.0
1727.0,553.5,-1.5707963267948966,33.0,12.0
358.5,592.5,0.0,32.0,7.0
526.0,592.5,-3.141592653589793,34.0,7.0
1426.0,683.0,0.0,33.0,6.0
736.5,748.0,-3.141592653589793,40.0,7.0
1555.5,809.5,-1.5707963267948966,34.0,6.0
417.5,847.5,-1.5707963267948966,33.0,7.0
736.0,940.0,0.0,41.0,11.0
