CoordX,CoordY,Orient,HalfLen,HalfWid
896.0,521.0,-3.141592653589793,27.0,5.0
1041.0,521.0,-3.141592653589793,29.0,5.0
859.5,572.5,-1.5707963267948966,39.0,6.0
391.0,605.0,-1.5707963267948966,40.0,13.0
1162.0,608.5,-1.5707963267948966,39.0,6.0
1162.0,717.0,-1.5707963267948966,39.0,6.0
1076.5,1021.5,-3.141592653589793,44.0,9.0
