CoordX,CoordY,Orient,HalfLen,HalfWid
594.0,334.0,-1.5707963267948966,61.0,6.0
669.0,447.0,-3.141592653589793,48.0,7.0
1119.0,446.0,0.0,46.0,6.0
1243.5,446.0,-3.141592653589793,45.0,6.0
594.0,531.5,-1.5707963267948966,41.0,6.0
174.5,681.5,-1.5707963267948966,39.0,18.0
743.0,657.5,-3.141592653589793,34.0,5.0
965.0,670.0,-3.141592653589793,50.0,18.0
