CoordX,CoordY,Orient,HalfLen,HalfWid
388.5,580.0,-3.141592653589793,39.0,9.0
1025.0,580.5,0.0,39.0,8.0
415.5,771.0,-3.141592653589793,32.0,8.0
699.5,771.0,-3.141592653589793,38.0,8.0
842.5,771.0,0.0,39.0,8.0
1091.0,780.5,0.0,47.0,17.0
254.0,779.5,0.0,43.0,7.0
653.0,836.5,-1.5707963267948966,28.0,5.0
1092.5,906.5,-3.141592653589793,30.0,5.0
1011.5,1047.5,-1.5707963267948966,132.0,12.0
