CoordX,CoordY,Orient,HalfLen,HalfWid
317.5,360.5,-1.5707963267948966,35.0,5.0
217.0,696.5,0.0,30.0,5.0
317.0,748.0,-1.5707963267948966,40.0,6.0
179.5,889.0,0.0,44.0,28.0
