CoordX,CoordY,Orient,HalfLen,HalfWid
812.0,218.0,0.0,44.0,10.0
506.5,452.5,-1.5707963267948966,38.0,9.0
851.5,543.5,0.0,44.0,14.0
728.0,640.5,-1.5707963267948966,42.0,8.0
1418.5,755.0,-3.141592653589793,42.0,8.0
1296.0,1029.0,-3.141592653589793,42.0,8.0
728.0,1089.0,-1.5707963267948966,42.0,8.0
1224.0,1128.0,-1.5707963267948966,41.0,8.0
834.5,1203.5,0.0,43.0,14.0
1299.0,1203.5,-3.141592653589793,45.0,14.0
