CoordX,CoordY,Orient,HalfLen,HalfWid
537.0,217.0,0.0,42.0,15.0
440.5,427.5,-1.5707963267948966,51.0,6.0
606.5,663.0,-1.5707963267948966,28.0,5.0
440.5,677.0,-1.5707963267948966,33.0,6.0
261.5,684.5,-1.5707963267948966,28.0,6.0
794.0,754.5,-3.141592653589793,31.0,5.0
606.5,804.0,-1.5707963267948966,40.0,5.0
440.5,844.0,-1.5707963267948966,38.0,6.0
490.0,1007.5,-3.141592653589793,40.0,5.0
491.5,1125.0,0.0,41.0,15.0
227.5,1220.5,-1.5707963267948966,35.0,5.0
