CoordX,CoordY,Orient,HalfLen,HalfWid
831.5,178.0,-3.141592653589793,38.0,13.0
1050.0,330.5,0.0,37.0,6.0
500.5,424.0,-1.5707963267948966,41.0,5.0
1695.5,493.5,-1.5707963267948966,37.0,3.0
1070.0,533.0,0.0,41.0,4.0
2083.0,582.5,-1.5707963267948966,38.0,5.0
965.5,593.5,-1.5707963267948966,41.0,4.0
1189.0,597.0,-1.5707963267948966,40.0,12.0
1784.0,633.5,-3.141592653589793,38.0,4.0
965.5,898.5,-1.5707963267948966,40.0,4.0
853.0,959.5,-3.141592653589793,47.0,12.0
