CoordX,CoordY,Orient,HalfLen,HalfWid
291.0,113.0,-3.141592653589793,24.0,4.0
519.5,250.0,-1.5707963267948966,47.0,6.0
234.5,578.0,0.0,47.0,6.0
417.5,578.0,0.0,39.0,6.0
519.5,636.5,-1.5707963267948966,48.0,6.0
469.0,694.5,-3.141592653589793,30.0,4.0
231.0,792.5,-3.141592653589793,49.0,7.0
