CoordX,CoordY,Orient,HalfLen,HalfWid
478.0,238.0,0.0,37.0,8.0
424.0,298.5,-1.5707963267948966,42.0,7.0
1131.0,331.5,-1.5707963267948966,33.0,15.0
574.0,389.0,-1.5707963267948966,42.0,12.0
424.0,438.5,-1.5707963267948966,41.0,7.0
574.0,548.5,-1.5707963267948966,37.0,12.0
509.0,628.5,0.0,42.0,13.0
