CoordX,CoordY,Orient,HalfLen,HalfWid
463.5,560.0,-3.141592653589793,39.0,15.0
187.0,928.5,-3.141592653589793,40.0,14.0
856.0,1063.0,-3.141592653589793,40.0,6.0
486.0,1113.5,-1.5707963267948966,39.0,6.0
310.0,1128.5,-1.5707963267948966,39.0,6.0
254.0,1187.0,-3.141592653589793,40.0,6.0
364.5,1383.5,-3.141592653589793,44.0,15.0
