CoordX,CoordY,Orient,HalfLen,HalfWid
1164.5,80.5,-1.5707963267948966,42.0,9.0
393.0,381.5,-3.141592653589793,42.0,5.0
335.5,461.5,-1.5707963267948966,35.0,4.0
437.5,509.0,0.0,30.0,5.0
855.0,629.0,-1.5707963267948966,34.0,5.0
634.0,678.0,0.0,44.0,10.0
