CoordX,CoordY,Orient,HalfLen,HalfWid
1090.5,371.5,-1.5707963267948966,44.0,17.0
505.5,382.5,-1.5707963267948966,39.0,4.0
210.0,435.5,-3.141592653589793,36.0,8.0
505.5,558.5,-1.5707963267948966,30.0,4.0
563.5,882.5,0.0,44.0,10.0
