CoordX,CoordY,Orient,HalfLen,HalfWid
568.0,261.5,-3.141592653589793,25.0,5.0
674.5,261.5,0.0,24.0,5.0
722.5,336.0,-1.5707963267948966,26.0,5.0
503.0,341.0,-1.5707963267948966,27.0,5.0
314.5,382.0,0.0,47.0,5.0
722.5,452.0,-1.5707963267948966,27.0,5.0
503.0,456.0,-1.5707963267948966,30.0,5.0
225.5,469.5,-1.5707963267948966,31.0,6.0
653.0,722.5,-3.141592653589793,30.0,6.0
