CoordX,CoordY,Orient,HalfLen,HalfWid
459.0,272.0,-1.5707963267948966,39.0,6.0
1067.0,308.0,-1.5707963267948966,46.0,12.0
459.0,516.5,-1.5707963267948966,41.0,6.0
459.0,735.0,-1.5707963267948966,36.0,6.0
513.5,783.5,-3.141592653589793,42.0,7.0
