CoordX,CoordY,Orient,HalfLen,HalfWid
282.0,515.5,-1.5707963267948966,40.0,8.0
532.5,590.0,-3.141592653589793,41.0,8.0
715.0,590.0,0.0,37.0,8.0
878.5,590.0,0.0,40.0,8.0
886.0,858.5,-1.5707963267948966,31.0,4.0
964.5,957.0,-3.141592653589793,42.0,8.0
