CoordX,CoordY,Orient,HalfLen,HalfWid
583.5,248.5,0.0,34.0,3.0
483.5,297.0,-1.5707963267948966,38.0,3.0
698.5,353.0,-1.5707963267948966,37.0,3.0
1124.5,356.0,-1.5707963267948966,37.0,9.0
483.5,401.0,-1.5707963267948966,38.0,3.0
651.0,666.5,-3.141592653589793,41.0,7.0
