CoordX,CoordY,Orient,HalfLen,HalfWid
1741.5,298.0,-3.141592653589793,44.0,19.0
512.0,489.5,-3.141592653589793,46.0,17.0
814.5,516.0,0.0,44.0,7.0
778.5,731.0,-3.141592653589793,45.0,7.0
662.5,790.5,-1.5707963267948966,44.0,15.0
1825.0,850.0,-1.5707963267948966,47.0,7.0
966.5,945.0,0.0,44.0,7.0
1311.0,945.0,-3.141592653589793,45.0,7.0
1632.0,1019.0,-1.5707963267948966,47.0,7.0
1825.0,1053.5,-1.5707963267948966,45.0,7.0
1721.5,1347.0,0.0,51.0,19.0
413.5,1538.0,0.0,142.0,19.0
