CoordX,CoordY,Orient,HalfLen,HalfWid
527.5,174.0,0.0,43.0,19.0
1374.0,471.0,0.0,40.0,7.0
1483.5,471.0,-3.141592653589793,40.0,7.0
290.0,632.5,-1.5707963267948966,41.0,7.0
1149.0,631.5,-3.141592653589793,68.0,7.0
1316.5,689.0,-1.5707963267948966,43.0,7.0
445.5,765.5,-1.5707963267948966,39.0,6.0
1433.5,746.5,-3.141592653589793,41.0,7.0
1632.5,834.5,-1.5707963267948966,34.0,9.0
537.5,989.0,0.0,43.0,19.0
1433.5,993.0,0.0,33.0,19.0
751.5,1152.0,-3.141592653589793,42.0,19.0
