CoordX,CoordY,Orient,HalfLen,HalfWid
388.5,345.0,-3.141592653589793,37.0,13.0
1165.0,350.5,0.0,38.0,18.0
645.0,500.5,-1.5707963267948966,37.0,8.0
382.5,622.5,0.0,36.0,6.0
591.5,622.5,0.0,33.0,6.0
442.5,876.0,-1.5707963267948966,42.0,16.0
1078.0,916.0,-1.5707963267948966,38.0,6.0
1402.5,916.5,-1.5707963267948966,38.0,6.0
1181.5,969.5,0.0,33.0,6.0
1281.5,969.5,-3.141592653589793,42.0,6.0
1283.0,1100.0,0.0,43.0,17.0
268.0,1106.5,0.0,114.0,10.0
