CoordX,CoordY,Orient,HalfLen,HalfWid
1184.5,396.0,-1.5707963267948966,47.0,14.0
140.5,501.0,-3.141592653589793,41.0,6.0
1119.5,642.0,-0.7626723796029526,42.54399692634145,5.253764627236914
433.0,679.5,0.0,36.0,5.0
653.0,679.5,0.0,41.0,5.0
896.5,736.0,-1.5707963267948966,39.0,9.0
251.0,770.5,-1.5707963267948966,42.0,6.0
176.5,892.5,0.0,46.0,9.0
