CoordX,CoordY,Orient,HalfLen,HalfWid
422.0,156.5,0.0,54.0,7.0
495.5,261.0,-1.5707963267948966,38.0,6.0
297.0,622.5,0.0,107.0,6.0
165.5,718.0,-1.5707963267948966,34.0,6.0
268.0,792.0,0.0,42.0,7.0
582.5,851.5,-3.141592653589793,69.0,6.0
416.0,923.5,0.0,33.0,6.0
