CoordX,CoordY,Orient,HalfLen,HalfWid
1357.0,126.0,-1.5707963267948966,48.0,20.0
470.5,316.0,0.0,47.0,6.0
409.0,372.0,-1.5707963267948966,48.0,6.0
1355.5,720.0,-1.5707963267948966,47.0,20.0
628.5,762.5,-1.5707963267948966,48.0,6.0
255.0,768.5,-1.5707963267948966,43.0,4.0
554.0,886.5,0.0,48.0,6.0
829.0,886.5,0.0,49.0,6.0
885.5,948.5,-1.5707963267948966,48.0,6.0
229.5,965.0,-1.5707963267948966,48.0,6.0
754.5,1021.5,-3.141592653589793,42.0,6.0
145.5,1150.5,0.0,54.0,20.0
