CoordX,CoordY,Orient,HalfLen,HalfWid
567.5,253.5,0.0,44.0,13.0
745.5,460.5,0.0,44.0,7.0
514.0,776.5,-1.5707963267948966,44.0,6.0
513.5,995.5,-1.5707963267948966,44.0,5.0
364.0,1054.0,-1.5707963267948966,44.0,6.0
761.0,1050.5,0.0,45.0,5.0
513.5,1103.5,-1.5707963267948966,44.0,5.0
434.0,1420.5,-3.141592653589793,49.0,15.0
