CoordX,CoordY,Orient,HalfLen,HalfWid
481.0,123.0,-3.141592653589793,38.0,14.0
397.5,390.0,-1.5707963267948966,39.0,5.0
197.5,471.0,0.0,35.0,5.0
397.5,573.5,-1.5707963267948966,32.0,5.0
241.0,574.0,-1.5707963267948966,32.0,4.0
200.5,637.0,-3.141592653589793,30.0,6.0
397.5,759.0,-1.5707963267948966,31.0,5.0
397.5,853.5,-1.5707963267948966,39.0,5.0
581.5,876.0,-1.5707963267948966,38.0,4.0
516.0,922.5,0.0,45.0,5.0
515.0,1060.0,0.0,48.0,13.0
456.0,1218.5,-1.5707963267948966,40.0,5.0
