CoordX,CoordY,Orient,HalfLen,HalfWid
206.0,185.5,-3.141592653589793,37.0,5.0
784.5,235.5,-3.141592653589793,32.0,5.0
278.0,426.0,-1.5707963267948966,42.0,16.0
798.5,522.5,-3.141592653589793,41.0,5.0
1029.5,575.5,-1.5707963267948966,42.0,5.0
1121.0,737.5,-3.141592653589793,48.0,18.0
