CoordX,CoordY,Orient,HalfLen,HalfWid
588.0,502.0,0.0,34.0,4.0
728.0,502.0,-3.141592653589793,30.0,4.0
539.0,559.5,-1.5707963267948966,41.0,4.0
1342.4935262757044,609.5308453922315,-1.5703109721836757,40.003878125355435,7.980584874037012
538.5,669.0,-1.5707963267948966,39.0,4.0
761.0,772.0,0.0,43.0,5.0
761.0,833.5,0.0,43.0,7.0
