CoordX,CoordY,Orient,HalfLen,HalfWid
747.5,187.5,-3.141592653589793,32.0,5.0
753.0,435.5,-3.141592653589793,42.0,5.0
603.0,622.5,0.0,43.0,8.0
776.0,622.5,-3.141592653589793,46.0,8.0
212.0,694.5,-1.5707963267948966,42.0,9.0
