CoordX,CoordY,Orient,HalfLen,HalfWid
246.0,259.0,-1.5707963267948966,32.0,6.0
186.5,400.5,1.5707963267948966,17.0,5.0
186.5,462.0,-1.5707963267948966,18.0,5.0
141.5,516.0,0.0,35.0,6.0
401.5,582.0,-0.7260550458342553,35.04855173486177,6.33203724022519
87.5,650.0,-3.141592653589793,38.0,6.0
286.0,650.0,0.0,32.0,6.0
88.0,825.0,-3.141592653589793,40.0,10.0
372.5,855.5,-1.5707963267948966,19.0,5.0
