CoordX,CoordY,Orient,HalfLen,HalfWid
1231.5,528.0,0.0,41.0,16.0
226.0,725.0,-3.141592653589793,33.0,10.0
427.5,719.0,-3.141592653589793,42.0,4.0
582.0,778.5,0.0,32.0,3.0
1116.5,965.0,-1.5707963267948966,40.0,5.0
1281.5,978.0,-3.141592653589793,41.0,5.0
388.5,1040.5,-1.5707963267948966,41.0,5.0
539.5,1099.5,-1.5707963267948966,42.0,5.0
456.5,1207.0,-3.141592653589793,48.0,5.0
465.0,1369.5,-3.141592653589793,49.0,15.0
