CoordX,CoordY,Orient,HalfLen,HalfWid
201.5,338.0,-1.5707963267948966,37.0,12.0
657.5,306.0,0.0,28.0,5.0
847.5,306.0,0.0,26.0,5.0
883.0,353.0,-1.5707963267948966,37.0,5.0
600.0,355.0,-1.5707963267948966,36.0,5.0
1131.0,403.5,-3.141592653589793,41.0,6.0
470.5,456.0,-1.5707963267948966,37.0,4.0
827.0,574.5,0.0,43.0,7.0
470.5,728.5,-1.5707963267948966,35.0,4.0
507.0,774.0,-3.141592653589793,27.0,5.0
