CoordX,CoordY,Orient,HalfLen,HalfWid
324.5,234.5,-3.141592653589793,40.0,16.0
862.5,516.5,-1.5707963267948966,40.0,4.0
782.9945828819068,614.4550379198266,1.5711865698230074,41.001948093153835,5.015609340004183
1064.0,610.0,-1.5707963267948966,35.0,7.0
723.0,756.5,-3.141592653589793,46.0,11.0
