CoordX,CoordY,Orient,HalfLen,HalfWid
424.27903159622485,244.67254821501845,-3.118544020437455,48.263809926446484,13.849271018031054
306.5,500.0,-1.5707963267948966,46.0,5.0
306.5,738.5,-1.5707963267948966,46.0,5.0
488.5,785.5,-1.5707963267948966,39.0,5.0
158.5,805.5,-3.141592653589793,35.0,5.0
306.5,870.0,-1.5707963267948966,36.0,5.0
373.0,971.5,-3.141592653589793,46.0,10.0
