CoordX,CoordY,Orient,HalfLen,HalfWid
519.5,497.0,-3.141592653589793,40.0,14.0
180.5,673.5,0.0,29.0,3.0
222.5,715.5,-1.5707963267948966,34.0,3.0
351.0,1004.0,0.0,36.0,4.0
222.5,1046.5,-1.5707963267948966,30.0,3.0
557.0,1085.5,-1.5707963267948966,31.0,3.0
396.5,1235.0,-1.5707963267948966,38.0,3.0
557.0,1261.5,-1.5707963267948966,37.0,3.0
501.0,1336.5,-3.141592653589793,45.0,3.0
502.0,1520.5,-3.141592653589793,45.0,14.0
731.0,1875.0,-1.5707963267948966,38.0,7.0
