CoordX,CoordY,Orient,HalfLen,HalfWid
510.0,191.0,1.5707963267948966,39.0,5.0
317.0,378.5,-3.141592653589793,42.0,5.0
602.5,405.5,-3.141592653589793,51.0,5.0
836.5,562.5,-1.5707963267948966,39.0,23.0
364.0,1103.5,0.0,47.0,11.0
