CoordX,CoordY,Orient,HalfLen,HalfWid
578.5,316.5,-1.5707963267948966,38.0,7.0
1023.5,321.5,-1.5707963267948966,39.0,7.0
941.0,433.5,0.0,43.0,7.0
360.5,697.5,0.0,38.0,7.0
347.5,865.5,0.0,43.0,7.0
