CoordX,CoordY,Orient,HalfLen,HalfWid
300.5,182.0,-3.141592653589793,35.0,14.0
242.5,264.5,-1.5707963267948966,66.0,6.0
289.5,560.5,-3.141592653589793,36.0,5.0
242.5,608.5,-1.5707963267948966,34.0,6.0
396.5,666.0,-1.5707963267948966,34.0,5.0
194.5,868.5,-3.141592653589793,27.0,8.0
242.5,912.5,-1.5707963267948966,33.0,6.0
294.5,993.5,-3.141592653589793,39.0,5.0
296.5,1066.0,0.0,38.0,14.0
179.0,1219.0,-1.5707963267948966,41.0,6.0
