CoordX,CoordY,Orient,HalfLen,HalfWid
420.5,105.0,0.0,40.0,18.0
338.0,228.0,-1.5707963267948966,35.0,4.0
338.0,418.0,-1.5707963267948966,42.0,4.0
447.5,471.0,0.0,25.0,4.0
506.0,471.0,-3.141592653589793,25.0,4.0
338.0,503.0,-1.5707963267948966,24.0,4.0
194.0,531.5,-1.5707963267948966,33.0,10.0
287.5,689.0,-3.141592653589793,42.0,10.0
