CoordX,CoordY,Orient,HalfLen,HalfWid
468.0,202.0,-1.5707963267948966,40.0,6.0
524.0,479.0,0.0,35.0,6.0
758.5,479.0,0.0,40.0,6.0
904.5,479.0,0.0,28.0,6.0
468.0,544.5,-1.5707963267948966,41.0,6.0
841.5,721.5,0.0,41.0,8.0
