CoordX,CoordY,Orient,HalfLen,HalfWid
292.5,336.5,-1.5707963267948966,38.0,14.0
805.5,324.0,-3.141592653589793,32.0,4.0
939.5,324.0,-3.141592653589793,37.0,4.0
988.0,371.5,-1.5707963267948966,39.0,4.0
762.0,395.5,-1.5707963267948966,37.0,4.0
988.0,476.5,-1.5707963267948966,39.0,4.0
816.0,701.5,0.0,45.0,8.0
