CoordX,CoordY,Orient,HalfLen,HalfWid
353.0,196.5,0.0,41.0,10.0
1115.0,452.0,1.5707963267948966,39.0,5.0
627.0,542.5,-1.5707963267948966,39.0,5.0
1115.0,553.0,-1.5707963267948966,40.0,5.0
703.0,603.0,0.0,41.0,5.0
914.0,603.0,0.0,35.0,5.0
702.5,654.5,-3.141592653589793,40.0,10.0
