CoordX,CoordY,Orient,HalfLen,HalfWid
257.5,25.5,-3.141592653589793,209.0,6.0
169.5,286.5,0.0,48.0,21.0
223.5,963.5,-1.5707963267948966,42.0,4.0
164.0,1072.0,0.0,50.0,12.0
