CoordX,CoordY,Orient,HalfLen,HalfWid
1000.5,657.0,-1.5707963267948966,41.0,19.0
618.0,892.0,-1.5707963267948966,39.0,4.0
420.0,1049.5,-1.5707963267948966,28.0,10.0
1029.0,1030.0,-3.141592653589793,40.0,4.0
778.0,1070.5,-1.5707963267948966,38.0,10.0
1162.0,1185.0,-3.141592653589793,45.0,7.0
