CoordX,CoordY,Orient,HalfLen,HalfWid
862.5,353.5,-3.141592653589793,34.0,4.0
1066.5,402.5,-1.5707963267948966,37.0,4.0
267.5,434.5,-1.5707963267948966,38.0,13.0
761.5,491.0,-1.5707963267948966,58.0,5.0
1018.5,455.5,0.0,38.0,4.0
761.5,606.5,-1.5707963267948966,39.0,5.0
675.5,653.5,-3.141592653589793,31.0,3.0
817.0,746.5,-3.141592653589793,42.0,15.0
