CoordX,CoordY,Orient,HalfLen,HalfWid
1050.0,303.0,-1.5707963267948966,47.0,11.0
537.5,457.0,-3.141592653589793,34.0,7.0
439.0,608.0,-1.5707963267948966,34.0,8.0
664.5,1480.0,-3.141592653589793,37.0,8.0
765.0,1480.0,0.0,38.0,8.0
892.5,1480.5,0.0,33.0,7.0
502.0,1550.0,-1.5707963267948966,49.0,8.0
816.0,1617.5,-1.5707963267948966,39.0,10.0
502.0,1661.5,-1.5707963267948966,46.0,8.0
565.5,1743.0,-3.141592653589793,51.0,8.0
568.5,1943.0,0.0,49.0,28.0
759.5,1943.0,0.0,51.0,28.0
