CoordX,CoordY,Orient,HalfLen,HalfWid
329.0,211.5,0.0,41.0,9.0
642.0,476.5,-3.141592653589793,40.0,5.0
798.0,476.5,0.0,35.0,5.0
523.0,604.5,-3.141592653589793,34.0,4.0
804.5,647.5,0.0,40.0,8.0
