CoordX,CoordY,Orient,HalfLen,HalfWid
202.5,100.5,0.0,36.0,7.0
760.5,277.5,0.0,25.0,4.0
756.5,530.5,-3.141592653589793,31.0,5.0
843.5,530.5,-3.141592653589793,33.0,5.0
178.5,572.0,0.0,27.0,5.0
865.0,643.5,-3.141592653589793,34.0,4.0
1019.0,643.5,0.0,26.0,4.0
114.0,943.5,-3.141592653589793,41.0,7.0
119.5,1021.5,-3.141592653589793,40.0,7.0
197.5,1079.0,-1.5707963267948966,38.0,7.0
