CoordX,CoordY,Orient,HalfLen,HalfWid
315.5,136.0,-3.141592653589793,75.0,20.0
228.5,863.5,-1.5707963267948966,40.0,7.0
153.5,937.0,-3.141592653589793,46.0,6.0
