CoordX,CoordY,Orient,HalfLen,HalfWid
635.0,185.0,-3.141592653589793,30.0,6.0
545.0,321.5,-1.5707963267948966,74.0,5.0
614.0,577.0,0.0,44.0,10.0
483.5,687.0,0.0,35.0,5.0
