CoordX,CoordY,Orient,HalfLen,HalfWid
443.5,184.5,0.0,44.0,14.0
358.0,949.5,-1.5707963267948966,30.0,5.0
272.5,1023.5,-3.141592653589793,39.0,7.0
445.5,1021.0,-3.141592653589793,46.0,5.0
440.5,1173.5,0.0,45.0,14.0
322.0,1294.0,-3.141592653589793,36.0,3.0
