CoordX,CoordY,Orient,HalfLen,HalfWid
315.5,108.0,-1.5707963267948966,38.0,11.0
697.5,118.5,-1.5707963267948966,30.0,4.0
321.0,237.5,-1.5707963267948966,37.0,6.0
648.0,445.0,0.0,45.0,5.0
774.5,445.0,0.0,30.0,5.0
518.5,484.0,-1.5707963267948966,29.0,4.0
321.0,486.0,-1.5707963267948966,30.0,6.0
757.0,590.5,0.0,38.0,11.0
