CoordX,CoordY,Orient,HalfLen,HalfWid
873.5,460.0,-1.5707963267948966,43.0,15.0
863.5,600.0,1.570263959023329,55.00265404480758,4.970719065408263
1150.0,825.0,-3.141592653589793,29.0,5.0
510.5,872.5,-1.5707963267948966,38.0,4.0
864.0,864.0,-1.5707963267948966,30.0,5.0
323.0,995.5,-3.141592653589793,45.0,6.0
322.0,1039.5,0.0,46.0,6.0
