CoordX,CoordY,Orient,HalfLen,HalfWid
460.5,287.5,0.0,40.0,17.0
1029.0,287.5,-3.141592653589793,40.0,17.0
240.0,471.0,0.0,40.0,7.0
257.0,646.5,-3.141592653589793,40.0,6.0
411.5,698.5,-1.5707963267948966,40.0,6.0
624.5,838.0,-1.5707963267948966,40.0,6.0
904.5,895.5,-3.141592653589793,41.0,6.0
624.5,950.0,-1.5707963267948966,40.0,6.0
411.5,1004.0,-1.5707963267948966,40.0,6.0
569.0,1055.5,-3.141592653589793,40.0,5.0
561.5,1211.5,-3.141592653589793,44.0,17.0
