CoordX,CoordY,Orient,HalfLen,HalfWid
354.0,395.0,0.0,39.0,14.0
508.0,802.0,-3.141592653589793,30.0,5.0
585.0,802.0,-3.141592653589793,29.0,5.0
489.5,959.0,-3.141592653589793,44.0,8.0
