CoordX,CoordY,Orient,HalfLen,HalfWid
436.0,621.0,0.0,41.0,13.0
854.0,643.0,-3.141592653589793,31.0,10.0
582.5,853.0,-3.141592653589793,38.0,6.0
807.0,906.0,-1.5707963267948966,38.0,6.0
611.5,1023.5,0.0,44.0,10.0
