CoordX,CoordY,Orient,HalfLen,HalfWid
1034.0,649.5,-1.5707963267948966,36.0,7.0
1123.0,684.0,-1.5707963267948966,35.0,7.0
1078.0,752.5,-3.141592653589793,37.0,23.0
1473.0,753.5,-3.141592653589793,44.0,24.0
1760.0,753.5,-3.141592653589793,46.0,24.0
2002.0,753.5,-3.141592653589793,46.0,24.0
