CoordX,CoordY,Orient,HalfLen,HalfWid
633.0,170.0,-1.5707963267948966,46.0,23.0
199.0,241.5,0.0,41.0,8.0
616.0,335.5,-1.5707963267948966,41.0,6.0
202.0,548.5,0.0,41.0,5.0
163.0,884.0,-3.141592653589793,46.0,11.0
