CoordX,CoordY,Orient,HalfLen,HalfWid
481.5,124.0,-1.5707963267948966,33.0,7.0
1176.0,193.5,-1.5707963267948966,33.0,8.0
872.5,194.0,-1.5707963267948966,31.0,6.0
984.5,238.0,0.0,37.0,7.0
529.0,271.0,0.0,31.0,7.0
669.0,375.5,-1.5707963267948966,33.0,7.0
481.5,403.5,-1.5707963267948966,42.0,7.0
992.0,485.0,-3.141592653589793,48.0,7.0
1215.5,523.0,-2.4014675411174355,47.133259285461826,9.914335110399564
481.5,566.0,-1.5707963267948966,43.0,7.0
544.5,625.5,-3.141592653589793,42.0,7.0
