CoordX,CoordY,Orient,HalfLen,HalfWid
1292.0,382.0,-1.5707963267948966,42.0,12.0
401.5,438.5,-3.141592653589793,40.0,5.0
352.5,490.0,-1.5707963267948966,41.0,5.0
586.0,568.5,-3.141592653589793,37.0,5.0
263.5,918.5,-1.5707963267948966,42.0,5.0
209.0,1027.5,-3.141592653589793,41.0,4.0
410.0,1191.5,-3.141592653589793,48.0,7.0
