CoordX,CoordY,Orient,HalfLen,HalfWid
187.5,161.0,-3.141592653589793,37.0,11.0
311.5,681.0,0.0,32.0,5.0
267.0,749.0,-1.5707963267948966,33.0,5.0
165.0,1028.0,0.0,37.0,5.0
165.5,1121.5,-3.141592653589793,37.0,9.0
