CoordX,CoordY,Orient,HalfLen,HalfWid
323.0,1078.5,-1.5707963267948966,29.0,9.0
1193.0,1120.0,-1.5707963267948966,30.0,15.0
584.5,1279.0,-3.141592653589793,40.0,15.0
848.0,1270.5,-3.141592653589793,40.0,4.0
798.2417763157895,1406.7565789473683,-2.356107700987353,35.35497071076085,4.946740357134148
