CoordX,CoordY,Orient,HalfLen,HalfWid
400.5,395.5,-1.5707963267948966,43.0,16.0
412.0,618.0,-1.5707963267948966,130.0,5.0
580.0,855.0,-1.5707963267948966,39.0,6.0
784.5,863.0,-1.5707963267948966,32.0,6.0
412.0,904.5,-1.5707963267948966,38.0,5.0
182.0,956.0,0.0,31.0,5.0
412.0,1006.5,-1.5707963267948966,42.0,5.0
580.0,1081.5,-1.5707963267948966,43.0,6.0
499.0,1157.0,-3.141592653589793,42.0,5.0
500.5,1372.0,0.0,43.0,19.0
