CoordX,CoordY,Orient,HalfLen,HalfWid
1004.5,205.0,-1.5707963267948966,33.0,5.0
925.0,393.5,-3.141592653589793,34.0,5.0
1004.5,507.0,-1.5707963267948966,40.0,5.0
887.5,566.5,-3.141592653589793,43.0,5.0
890.5,682.0,-3.141592653589793,44.0,11.0
