CoordX,CoordY,Orient,HalfLen,HalfWid
1516.5,568.5,-1.5707963267948966,78.0,5.0
539.5,861.0,-1.5707963267948966,46.0,17.0
1776.5,899.0,-1.5707963267948966,42.0,5.0
1194.5,920.5,-1.5707963267948966,41.0,6.0
1516.5,921.0,-1.5707963267948966,41.0,5.0
1251.5,1054.5,0.0,46.0,16.0
