CoordX,CoordY,Orient,HalfLen,HalfWid
741.0,351.5,-3.141592653589793,51.0,17.0
1053.5,792.0,-3.141592653589793,44.0,9.0
1187.5,792.0,-3.141592653589793,46.0,9.0
367.0,799.5,0.0,45.0,5.0
195.0,942.5,-1.5707963267948966,44.0,6.0
615.0,1018.0,0.0,50.0,17.0
698.0,1084.0,-1.5707963267948966,45.0,17.0
