CoordX,CoordY,Orient,HalfLen,HalfWid
403.5,227.5,-3.141592653589793,34.0,10.0
497.5,661.0,-3.141592653589793,34.0,5.0
670.0,661.0,0.0,34.0,5.0
453.0,710.5,-1.5707963267948966,33.0,5.0
747.0,742.5,-1.5707963267948966,33.0,5.0
684.0,829.5,0.0,35.0,10.0
