CoordX,CoordY,Orient,HalfLen,HalfWid
614.5,463.0,0.0,37.0,12.0
334.0,531.0,-1.5707963267948966,53.0,4.0
814.0,1013.0,-1.5707963267948966,30.0,4.0
334.0,1029.5,-1.5707963267948966,36.0,4.0
383.5,1074.5,0.0,37.0,4.0
578.0,1074.5,0.0,36.0,4.0
751.0,1077.0,-3.141592653589793,36.0,7.0
545.6094570928196,1263.6900175131348,-2.2228142854568302,32.23800920144189,4.836598730483119
