CoordX,CoordY,Orient,HalfLen,HalfWid
833.0,315.0,-3.141592653589793,46.0,11.0
382.5,594.5,-1.5707963267948966,40.0,4.0
210.0,675.0,0.0,31.0,5.0
723.0,729.5,-1.5707963267948966,40.0,7.0
403.5,723.0,-1.5707963267948966,31.0,6.0
811.0,862.5,-3.141592653589793,46.0,8.0
