CoordX,CoordY,Orient,HalfLen,HalfWid
1043.0,342.0,-1.5707963267948966,40.0,5.0
846.0,396.0,-3.141592653589793,39.0,4.0
298.5,454.5,-1.5707963267948966,39.0,19.0
897.5,520.0,-1.5707963267948966,40.0,4.0
844.5,697.0,-3.141592653589793,44.0,19.0
