CoordX,CoordY,Orient,HalfLen,HalfWid
168.5,161.0,-3.141592653589793,41.0,17.0
243.5,688.5,-1.5707963267948966,35.0,3.0
243.5,831.5,-1.5707963267948966,35.0,3.0
180.5,935.5,-3.141592653589793,45.0,3.0
181.5,1016.5,-3.141592653589793,45.0,15.0
