CoordX,CoordY,Orient,HalfLen,HalfWid
280.5,427.0,-3.141592653589793,43.0,17.0
332.0,988.0,1.5707963267948966,39.0,5.0
168.0,1045.0,0.0,46.0,9.0
