CoordX,CoordY,Orient,HalfLen,HalfWid
572.5,162.5,-1.5707963267948966,26.0,5.0
683.0,313.5,-1.5707963267948966,27.0,5.0
287.5,401.0,0.0,32.0,9.0
415.5,401.0,-3.141592653589793,34.0,9.0
742.5,401.0,0.0,41.0,9.0
921.0,463.5,-1.5707963267948966,33.0,9.0
243.0,661.0,-1.5707963267948966,29.0,6.0
363.0,986.0,0.0,37.0,9.0
