CoordX,CoordY,Orient,HalfLen,HalfWid
759.0,229.5,-1.5707963267948966,44.0,12.0
593.5,618.0,-3.141592653589793,44.0,11.0
314.5,914.5,-3.141592653589793,129.0,11.0
