CoordX,CoordY,Orient,HalfLen,HalfWid
348.98405797101447,296.0057971014493,-0.0004393189424119258,44.00658553789934,15.018889266407582
732.9021739130435,467.5108695652174,0.0007835324783384564,41.00312154416885,4.031340068080454
683.5,704.0,-1.5707963267948966,42.0,4.0
348.5,885.0,-1.5707963267948966,43.0,4.0
503.5,905.5,-1.5707963267948966,40.0,4.0
402.0,1032.5,-3.141592653589793,42.0,4.0
407.5,1183.5,-3.141592653589793,44.0,16.0
