CoordX,CoordY,Orient,HalfLen,HalfWid
692.5,259.0,0.0,39.0,13.0
388.0,425.0,-1.5707963267948966,41.0,8.0
388.0,753.0,-1.5707963267948966,32.0,8.0
833.5,817.0,0.0,80.0,7.0
144.5,834.5,-3.141592653589793,34.0,7.0
388.0342465753425,917.1369863013699,-1.5678228312154918,34.0206641300028,8.086195878053372
230.5,1019.5,-1.5707963267948966,35.0,7.0
581.5,1165.0,0.0,46.0,14.0
