CoordX,CoordY,Orient,HalfLen,HalfWid
329.5,182.5,0.0,38.0,9.0
855.5,361.0,0.0,30.0,7.0
1002.0,536.5,-3.141592653589793,38.0,3.0
922.0,600.5,-1.5707963267948966,34.0,3.0
378.0,635.0,-1.5707963267948966,32.0,3.0
987.5,725.0,-3.141592653589793,38.0,3.0
1094.5,725.0,0.0,39.0,3.0
378.0,827.5,-1.5707963267948966,32.0,3.0
427.0,942.5,-3.141592653589793,39.0,3.0
529.0,942.5,-3.141592653589793,29.0,3.0
426.0,1059.5,-3.141592653589793,40.0,8.0
490.0,1285.0,-1.5707963267948966,34.0,4.0
