CoordX,CoordY,Orient,HalfLen,HalfWid
988.0,163.0,-1.5707963267948966,25.0,6.0
943.5,360.5,0.0,33.0,6.0
1037.5,360.5,-3.141592653589793,37.0,6.0
231.0,405.0,-1.5707963267948966,35.0,11.0
1086.5,412.5,-1.5707963267948966,37.0,6.0
760.5,422.5,-1.5707963267948966,42.0,6.0
990.5,646.5,-3.141592653589793,38.0,11.0
