CoordX,CoordY,Orient,HalfLen,HalfWid
1291.0,389.5,0.0,43.0,7.0
637.0,740.5,0.0,43.0,7.0
309.5,968.5,-1.5707963267948966,31.0,7.0
226.5,1095.5,0.0,32.0,7.0
1208.5,1289.5,-3.141592653589793,39.0,7.0
