CoordX,CoordY,Orient,HalfLen,HalfWid
947.0,415.0,0.0,44.0,22.0
582.0,720.0,-1.5707963267948966,40.0,5.0
834.0,891.0,1.5707963267948966,39.0,5.0
443.5,896.5,-1.5707963267948966,39.0,9.0
1127.0,1021.5,-3.141592653589793,45.0,9.0
