CoordX,CoordY,Orient,HalfLen,HalfWid
415.5,438.0,-1.5707963267948966,41.0,17.0
1210.0,1257.0,0.0,35.0,5.0
1106.0,1308.0,-1.5707963267948966,39.0,7.0
678.5,1484.5,-3.141592653589793,191.0,15.0
1034.0,1484.5,0.0,43.0,15.0
