CoordX,CoordY,Orient,HalfLen,HalfWid
270.0,384.5,-3.141592653589793,38.0,14.0
224.5,871.0,-1.5707963267948966,31.0,5.0
175.5,946.5,0.0,29.0,4.0
289.5,950.0,0.0,40.0,8.0
