CoordX,CoordY,Orient,HalfLen,HalfWid
555.0,253.0,0.0,43.0,6.0
433.0,306.5,-1.5707963267948966,38.0,6.0
1201.5,379.0,-1.5707963267948966,43.0,14.0
900.5,592.5,-1.5707963267948966,42.0,5.0
732.0,684.5,0.0,35.0,5.0
562.5,690.0,0.0,45.0,10.0
847.0,844.5,0.0,43.0,8.0
793.5,948.0,-1.5707963267948966,36.0,5.0
