CoordX,CoordY,Orient,HalfLen,HalfWid
391.5,307.5,-3.141592653589793,43.0,16.0
476.0,571.0,-1.5707963267948966,42.0,6.0
557.5,633.0,-3.141592653589793,38.0,6.0
668.0,809.0,-3.141592653589793,39.0,9.0
526.0,941.0,-3.141592653589793,38.0,6.0
666.0,1079.0,0.0,43.0,7.0
606.0,1135.5,-1.5707963267948966,41.0,5.0
396.0,1161.5,-1.5707963267948966,41.0,6.0
454.0,1389.0,-3.141592653589793,47.0,16.0
528.5,1533.0,-1.5707963267948966,44.0,12.0
