CoordX,CoordY,Orient,HalfLen,HalfWid
417.5,772.0,0.0,33.0,5.0
350.0,822.0,-1.5707963267948966,25.0,5.0
493.0,1003.5,-1.5707963267948966,26.0,5.0
302.0,1078.0,-3.141592653589793,24.0,5.0
493.0,1129.0,-1.5707963267948966,32.0,5.0
414.5,1177.0,0.0,37.0,5.0
431.5,1280.0,-3.141592653589793,38.0,11.0
787.0,1280.0,0.0,36.0,11.0
489.5,1359.5,-1.5707963267948966,31.0,5.0
