CoordX,CoordY,Orient,HalfLen,HalfWid
266.5,105.5,3.0089051181287254,86.23732086564654,4.439204076131785
220.0,706.0,-1.5707963267948966,42.0,5.0
117.0,778.0,-3.141592653589793,46.0,10.0
