CoordX,CoordY,Orient,HalfLen,HalfWid
358.00904977375563,189.85972850678732,1.5702288120845929,47.00112746064565,3.025537677483408
1188.0,367.5,-1.5707963267948966,37.0,9.0
617.0,343.0,-3.141592653589793,28.0,3.0
358.0,403.5,-1.5707963267948966,34.0,3.0
963.0,448.5,0.0,46.0,6.0
358.0,495.5,-1.5707963267948966,34.0,3.0
837.5,536.5,-1.5707963267948966,38.0,3.0
619.0,597.0,-3.141592653589793,41.0,7.0
