CoordX,CoordY,Orient,HalfLen,HalfWid
901.5,334.5,-1.5707963267948966,39.0,6.0
240.0,406.0,-1.5707963267948966,40.0,13.0
901.5,642.5,-1.5707963267948966,39.0,6.0
734.0,665.5,-1.5707963267948966,35.0,4.0
901.5,748.0,-1.5707963267948966,40.0,6.0
797.5,1003.0,0.0,42.0,11.0
