CoordX,CoordY,Orient,HalfLen,HalfWid
1068.0,322.5,-3.141592653589793,48.0,7.0
969.5,1003.0,-1.5707963267948966,44.0,7.0
1044.5,1142.5,0.0,48.0,7.0
