CoordX,CoordY,Orient,HalfLen,HalfWid
541.5,353.0,-3.141592653589793,35.0,8.0
660.0,353.0,-3.141592653589793,30.0,8.0
495.5,400.0,-1.5707963267948966,37.0,7.0
1145.5,459.5,-1.5707963267948966,42.0,7.0
734.0,483.5,-1.5707963267948966,56.0,8.0
495.5,499.0,-1.5707963267948966,36.0,7.0
734.0,638.0,-1.5707963267948966,40.0,8.0
556.0,785.5,-1.5707963267948966,36.0,7.0
556.0,871.5,-1.5707963267948966,30.0,7.0
617.0,1034.5,0.0,43.0,7.0
