CoordX,CoordY,Orient,HalfLen,HalfWid
706.0,251.0,-1.5707963267948966,30.0,4.0
796.0,370.5,0.0,37.0,3.0
550.0,421.0,-1.5707963267948966,43.0,4.0
549.5,592.0,-1.5698277516168688,41.00385506828139,3.960286547634408
781.5,733.0,0.0,49.0,11.0
