CoordX,CoordY,Orient,HalfLen,HalfWid
1502.0,194.5,-1.5707963267948966,39.0,19.0
689.0,366.0,-1.5707963267948966,31.0,6.0
634.5,466.0,-3.141592653589793,32.0,6.0
837.0,466.0,0.0,32.0,6.0
1389.0,466.0,-3.141592653589793,72.0,6.0
1502.0,577.5,-1.5707963267948966,37.0,19.0
1291.0,609.0,-1.5707963267948966,31.0,6.0
416.0,787.0,-1.5707963267948966,40.0,19.0
1394.0,976.0,0.0,36.0,11.0
978.0,1296.0,-3.141592653589793,37.0,24.0
1681.0,1296.5,-3.141592653589793,66.0,24.0
