CoordX,CoordY,Orient,HalfLen,HalfWid
559.0,221.5,-3.141592653589793,35.0,4.0
702.5,221.5,0.0,31.0,4.0
516.5,278.5,-1.5707963267948966,33.0,4.0
721.2133333333334,410.8466666666667,-1.0694152112414885,94.44636890387436,48.862314727395585
516.5,374.0,-1.5707963267948966,36.0,4.0
1120.5,381.5,-1.5707963267948966,41.0,15.0
516.5,555.5,-1.5707963267948966,32.0,4.0
696.5,628.5,-3.141592653589793,50.0,8.0
