CoordX,CoordY,Orient,HalfLen,HalfWid
142.5,317.0,-1.5707963267948966,39.0,16.0
863.0,403.5,-3.141592653589793,35.0,4.0
916.5,450.5,-1.5707963267948966,34.0,4.0
466.5,526.5,-1.5707963267948966,35.0,4.0
560.0,573.5,0.0,29.0,4.0
753.5,636.0,-1.5707963267948966,37.0,4.0
681.0,768.5,0.0,38.0,10.0
