CoordX,CoordY,Orient,HalfLen,HalfWid
364.3455612619222,446.9798239178283,-0.42156267322292146,42.29239819597202,16.588505382562552
445.0,478.0,-2.020404906820195,45.02600073916736,10.55141427611802
320.97698364627496,1146.4936402180497,-3.14102961115837,37.005624559206474,10.020830983778083
401.0,1227.5,-1.5707963267948966,42.0,6.0
572.0,1262.5,-1.5707963267948966,38.0,6.0
461.0,1366.0,-3.141592653589793,47.0,12.0
