CoordX,CoordY,Orient,HalfLen,HalfWid
942.5,264.0,0.0,27.0,9.0
754.0,604.0,-3.141592653589793,51.0,11.0
355.5,607.5,-3.141592653589793,19.0,7.0
534.5,607.5,0.0,18.0,7.0
314.5,653.0,-1.5707963267948966,17.0,6.0
379.0,684.0,0.0,18.0,8.0
541.5,684.0,-3.141592653589793,16.0,8.0
826.5,786.0,0.0,35.0,10.0
