CoordX,CoordY,Orient,HalfLen,HalfWid
655.0,189.5,-1.5707963267948966,23.0,3.0
394.0,246.5,0.0,37.0,13.0
487.5,785.0,0.0,33.0,6.0
534.0,827.0,-1.5707963267948966,31.0,6.0
271.5,867.0,-1.5707963267948966,29.0,6.0
327.0,906.0,0.0,37.0,6.0
534.0,1009.5,-1.5707963267948966,34.0,6.0
455.0,1082.0,-3.141592653589793,56.0,6.0
586.0,1103.0,0.0,35.0,6.0
455.0,1211.0,0.0,53.0,7.0
547.0,1508.5,-1.5707963267948966,39.0,6.0
