CoordX,CoordY,Orient,HalfLen,HalfWid
441.0,309.5,0.0,41.0,14.0
504.5,608.5,-1.5707963267948966,38.0,5.0
827.5,663.5,-3.141592653589793,30.0,5.0
504.5,792.5,-1.5707963267948966,41.0,5.0
730.0,846.0,0.0,40.0,7.0
504.5,957.5,-1.5707963267948966,40.0,5.0
504.5,1093.5,-1.5707963267948966,39.0,5.0
450.5,1150.5,-3.141592653589793,39.0,5.0
449.5,1277.5,0.0,45.0,14.0
685.0,1370.5,-1.5707963267948966,40.0,10.0
