CoordX,CoordY,Orient,HalfLen,HalfWid
469.5,245.0,-3.141592653589793,37.0,11.0
755.5,442.0,0.0,31.0,5.0
759.0,647.0,0.0,36.0,5.0
710.0,824.0,-1.5707963267948966,38.0,5.0
409.0,833.0,-1.5707963267948966,34.0,5.0
199.0,882.0,-3.141592653589793,33.0,5.0
409.0,931.0,-1.5707963267948966,38.0,5.0
583.0,990.5,-1.5707963267948966,38.0,5.0
523.0,1138.0,0.0,41.0,5.0
522.0,1251.0,0.0,41.0,11.0
