CoordX,CoordY,Orient,HalfLen,HalfWid
343.5,310.0,0.0,41.0,13.0
147.0,697.5,0.0,29.0,4.0
227.5,783.0,-1.5707963267948966,37.0,4.0
286.0,929.5,-3.141592653589793,45.0,9.0
