CoordX,CoordY,Orient,HalfLen,HalfWid
581.0,336.5,-3.141592653589793,39.0,13.0
1361.0,494.0,0.0,36.0,5.0
992.0,607.5,-1.5707963267948966,42.0,5.0
1311.5,727.0,0.0,42.0,5.0
449.5,728.0,0.0,42.0,5.0
1436.5,781.5,-1.5707963267948966,39.0,13.0
391.0,785.5,-1.5707963267948966,42.0,5.0
502.0,848.0,0.0,43.0,5.0
1237.0,1020.5,-1.5707963267948966,42.0,5.0
391.0,1035.5,-1.5707963267948966,42.0,5.0
699.0,999.0,0.0,43.0,5.0
696.0,1146.0,0.0,47.0,14.0
