CoordX,CoordY,Orient,HalfLen,HalfWid
362.0,505.5,-3.141592653589793,44.0,5.0
282.5,563.5,-1.5707963267948966,44.0,5.0
356.5,716.5,0.0,45.0,6.0
