CoordX,CoordY,Orient,HalfLen,HalfWid
557.0,887.0,0.0,48.0,18.0
1219.0,1211.0,0.0,43.0,5.0
1334.0,1211.0,0.0,43.0,5.0
1392.0,1341.5,-1.5707963267948966,43.0,5.0
1277.5,1470.0,0.0,42.0,5.0
1445.0,1536.0,-3.141592653589793,39.0,5.0
432.5,1579.5,-1.5707963267948966,45.0,6.0
487.0,1705.0,0.0,45.0,18.0
1212.5,1708.0,-3.141592653589793,47.0,19.0
