CoordX,CoordY,Orient,HalfLen,HalfWid
461.0,400.5,0.0,40.0,7.0
732.0,653.5,0.0,35.0,5.0
156.5,692.0,-1.5707963267948966,41.0,7.0
841.5,723.5,-1.5707963267948966,39.0,5.0
689.5,817.5,-1.5707963267948966,29.0,8.0
841.5,887.5,-1.5707963267948966,39.0,5.0
790.0,1067.5,0.0,41.0,5.0
789.5,1104.5,0.0,41.0,8.0
