CoordX,CoordY,Orient,HalfLen,HalfWid
391.5,116.5,-3.141592653589793,39.0,7.0
232.0,525.0,-3.141592653589793,39.0,5.0
468.0,641.0,-1.5707963267948966,34.0,5.0
179.0,661.5,-1.5707963267948966,30.0,5.0
669.0,686.0,-3.141592653589793,33.0,5.0
468.0,771.0,-1.5707963267948966,30.0,5.0
339.0,909.0,-1.5707963267948966,41.0,5.0
468.0,910.0,-1.5707963267948966,41.0,5.0
396.5,959.0,-3.141592653589793,45.0,5.0
396.0,1164.5,-3.141592653589793,47.0,7.0
451.0,1325.0,-1.5707963267948966,40.0,3.0
