CoordX,CoordY,Orient,HalfLen,HalfWid
414.5,755.0,-1.5707963267948966,31.0,5.0
159.5,971.0,0.0,33.0,5.0
78.0,1131.5,-3.141592653589793,40.0,11.0
