CoordX,CoordY,Orient,HalfLen,HalfWid
474.0,441.0,-1.5707963267948966,34.0,5.0
353.5,594.5,-1.5707963267948966,30.0,5.0
462.5,732.0,0.0010957405045182865,38.01203033084225,10.958355265601194
