CoordX,CoordY,Orient,HalfLen,HalfWid
190.5,410.5,-3.141592653589793,47.0,19.0
259.0,1049.5,-1.5707963267948966,39.0,6.0
189.5,1182.5,-3.141592653589793,45.0,8.0
