CoordX,CoordY,Orient,HalfLen,HalfWid
630.5,282.0,-1.5707963267948966,28.0,7.0
1773.0,414.0,-1.5707963267948966,45.0,12.0
743.0,377.5,-3.141592653589793,38.0,5.0
462.0,471.5,-1.5707963267948966,44.0,6.0
591.5,530.5,0.0,44.0,7.0
