CoordX,CoordY,Orient,HalfLen,HalfWid
272.0,551.0,-1.5707963267948966,33.0,7.0
213.0,601.0,-3.141592653589793,45.0,7.0
377.0,621.0,-0.8762874817699742,22.78894836741056,7.164865597279701
212.5,743.5,0.0,46.0,12.0
