CoordX,CoordY,Orient,HalfLen,HalfWid
679.0,275.5,0.0,26.0,5.0
859.5,275.5,-3.141592653589793,26.0,5.0
1007.5,335.5,-1.5707963267948966,27.0,5.0
950.5,394.5,-3.141592653589793,27.0,5.0
218.5,447.0,-1.5707963267948966,37.0,10.0
644.5,455.5,-1.5707963267948966,28.0,6.0
784.5,693.0,-3.141592653589793,31.0,11.0
