CoordX,CoordY,Orient,HalfLen,HalfWid
139.0,233.5,-3.141592653589793,30.0,4.0
250.0,233.5,0.0,27.0,4.0
349.0,285.5,-1.5707963267948966,36.0,5.0
783.0,612.0,-1.5707963267948966,37.0,14.0
603.5,662.0,-3.141592653589793,34.0,5.0
198.5,764.5,-1.5707963267948966,30.0,5.0
345.5,766.0,-1.5707963267948966,30.0,4.0
131.0,883.0,0.0,38.0,11.0
