CoordX,CoordY,Orient,HalfLen,HalfWid
398.0,325.0,0.0,43.0,17.0
582.5,817.0,-1.5707963267948966,37.0,6.0
389.0,1052.5,-1.5707963267948966,38.0,4.0
323.5,1138.5,0.0,43.0,10.0
