CoordX,CoordY,Orient,HalfLen,HalfWid
809.5,196.5,-3.141592653589793,31.0,12.0
322.0,585.5,0.0,42.0,6.0
429.5,585.5,-3.141592653589793,37.0,6.0
268.5,638.0,-1.5707963267948966,32.0,6.0
502.0,752.0,-3.141592653589793,35.0,13.0
607.0,744.5,0.0,28.0,5.0
