CoordX,CoordY,Orient,HalfLen,HalfWid
333.0,184.0,-3.141592653589793,41.0,8.0
520.0,253.5,-1.5707963267948966,41.0,6.0
568.0,538.0,0.0,37.0,6.0
616.0,614.0,-1.5707963267948966,32.0,6.0
465.0,711.0,-3.141592653589793,44.0,8.0
