CoordX,CoordY,Orient,HalfLen,HalfWid
1169.5,242.0,-1.5707963267948966,41.0,8.0
668.5,276.0,-1.5707963267948966,32.0,3.0
827.5,403.0,-1.5707963267948966,33.0,3.0
204.5,385.5,0.0,32.0,8.0
726.5,447.5,0.0,29.0,3.0
499.5,495.0,-1.5707963267948966,33.0,3.0
564.5,629.5,0.0,46.0,8.0
