CoordX,CoordY,Orient,HalfLen,HalfWid
498.5,528.0,0.0,56.0,6.0
678.5,528.0,0.0,35.0,6.0
844.0,574.0,-1.5707963267948966,36.0,5.0
432.0,611.5,-1.5707963267948966,26.0,6.0
690.5,691.0,0.0,40.0,9.0
