CoordX,CoordY,Orient,HalfLen,HalfWid
719.0,582.0,-2.347386735040144,63.73678893794683,10.752754804217352
541.5,1156.0,-1.5707963267948966,31.0,6.0
343.0,1209.0,-1.5707963267948966,31.0,7.0
413.5,1345.5,0.0,59.0,21.0
