CoordX,CoordY,Orient,HalfLen,HalfWid
299.5,131.5,0.0,42.0,11.0
188.0,610.5,-1.5707963267948966,36.0,6.0
332.0,626.0,-1.5707963267948966,37.0,6.0
143.0,729.0,-3.141592653589793,31.0,6.0
276.5,729.0,-3.141592653589793,37.0,6.0
277.0,884.5,0.0,37.0,11.0
