CoordX,CoordY,Orient,HalfLen,HalfWid
217.5,497.5,-1.5707963267948966,36.0,7.0
680.5,533.5,-1.5707963267948966,33.0,5.0
720.0,591.5,-3.141592653589793,31.0,5.0
627.0,750.5,0.0,43.0,7.0
