CoordX,CoordY,Orient,HalfLen,HalfWid
937.0,348.0,-1.5707963267948966,114.0,7.0
760.5,483.0,-3.141592653589793,45.0,7.0
455.0,536.0,-3.141592653589793,30.0,7.0
1349.0,563.5,-1.5707963267948966,30.0,15.0
498.0,585.0,-1.5707963267948966,37.0,7.0
937.0,610.5,-1.5707963267948966,38.0,7.0
554.5,683.0,-1.5707963267948966,43.0,2.0
779.5,680.5,0.0,30.0,7.0
497.5,694.5,-1.5707963267948966,14.0,6.0
641.0,794.0,0.0,44.0,9.0
