CoordX,CoordY,Orient,HalfLen,HalfWid
1097.0,387.5,-1.5707963267948966,40.0,5.0
1283.0,540.5,-1.5707963267948966,29.0,6.0
463.5,567.5,-3.141592653589793,39.0,5.0
412.5,611.5,-1.5707963267948966,33.0,5.0
1327.5,748.0,0.0,33.0,6.0
1457.5,807.0,-1.5707963267948966,39.0,15.0
1097.5,813.0,-1.5707963267948966,34.0,5.0
509.5,813.0,0.0,28.0,6.0
649.5,813.0,-3.141592653589793,44.0,6.0
652.0,931.5,0.0,44.0,15.0
