CoordX,CoordY,Orient,HalfLen,HalfWid
693.5,131.0,-3.141592653589793,39.0,14.0
191.27118644067798,297.56844850065187,2.598341420014767,31.400141291548223,6.4304087902080465
244.0,497.0,0.0,34.0,6.0
202.0,582.5,-1.5707963267948966,34.0,6.0
332.5,627.0,-3.141592653589793,38.0,6.0
640.0,751.0,-1.5707963267948966,41.0,6.0
390.0,897.5,-1.5707963267948966,36.0,6.0
585.0,925.0,-3.141592653589793,41.0,6.0
586.5,1001.0,-3.141592653589793,44.0,14.0
