CoordX,CoordY,Orient,HalfLen,HalfWid
1184.0,102.5,-1.5707963267948966,30.0,9.0
928.0,274.5,0.0,39.0,4.0
1049.5,325.0,-1.5707963267948966,42.0,5.0
988.0,441.5,0.0,45.0,4.0
985.5,589.0,0.0,45.0,13.0
876.0,646.0,-1.5707963267948966,40.0,12.0
400.5,709.0,0.0,40.0,12.0
530.5,702.5,-3.141592653589793,40.0,5.0
