CoordX,CoordY,Orient,HalfLen,HalfWid
268.5,273.0,-3.141592653589793,37.0,13.0
863.5,634.5,0.0,37.0,4.0
956.5,634.5,0.0,37.0,4.0
1001.5,732.0,-1.5707963267948966,34.0,4.0
893.5,817.5,0.0,37.0,4.0
353.5,927.5,-1.5707963267948966,39.0,4.0
1073.568085106383,925.7531914893617,-0.01436331598067521,28.097651536619928,7.99917479480329
158.0,983.5,-3.141592653589793,28.0,4.0
303.0,983.5,-3.141592653589793,42.0,4.0
303.5,1100.5,-3.141592653589793,41.0,12.0
