CoordX,CoordY,Orient,HalfLen,HalfWid
649.5,304.0,0.0,31.0,10.0
1220.0,476.5,-3.141592653589793,31.0,5.0
562.5,660.0,0.0,30.0,5.0
649.0,660.0,0.0,31.0,5.0
1177.5,693.0,-1.5707963267948966,30.0,5.0
687.0,724.5,-1.5707963267948966,29.0,5.0
1252.0,1046.5,0.0,35.0,5.0
1251.0,1170.5,-3.141592653589793,34.0,9.0
