CoordX,CoordY,Orient,HalfLen,HalfWid
586.5,203.0,0.0,29.0,6.0
586.5,245.5,-3.141592653589793,29.0,5.0
403.5,642.5,0.0,40.0,6.0
592.0,642.5,-3.141592653589793,45.0,6.0
348.5,735.0,-1.5707963267948966,27.0,6.0
581.0,792.5,0.0,26.0,6.0
421.0,905.0,0.0,42.0,17.0
