CoordX,CoordY,Orient,HalfLen,HalfWid
349.0,199.0,-3.141592653589793,41.0,8.0
349.5,422.0,0.0,41.0,4.0
403.5,473.0,-1.5707963267948966,41.0,6.0
733.5,594.5,-3.141592653589793,41.0,6.0
989.5,594.5,-3.141592653589793,41.0,6.0
503.5,732.0,-3.141592653589793,30.0,4.0
288.0,770.0,-1.5707963267948966,35.0,4.0
162.0,856.5,-1.5707963267948966,31.0,4.0
217.0,980.0,0.0,46.0,8.0
