CoordX,CoordY,Orient,HalfLen,HalfWid
892.5,312.0,0.0,30.0,5.0
982.5,381.5,-1.5707963267948966,40.0,7.0
284.5,388.5,-1.5707963267948966,40.0,12.0
982.5,485.5,-1.5707963267948966,40.0,7.0
798.0,626.0,-1.5707963267948966,26.0,5.0
854.0,726.5,-3.141592653589793,45.0,7.0
