CoordX,CoordY,Orient,HalfLen,HalfWid
805.5,345.5,-1.5707963267948966,41.0,5.0
1172.0,406.5,-1.5707963267948966,41.0,15.0
857.0,459.0,0.0,36.0,6.0
991.0,505.5,-1.5707963267948966,32.0,8.0
664.5,511.0,-1.5707963267948966,37.0,4.0
326.0,554.0,-1.5707963267948966,32.0,5.0
389.0,631.5,0.0,42.0,10.0
