CoordX,CoordY,Orient,HalfLen,HalfWid
583.5,128.0,0.0,41.0,13.0
491.5,301.0,-1.5707963267948966,50.0,4.0
207.0,345.0,0.0,28.0,4.0
379.0,614.0,0.0,41.0,4.0
249.5,658.5,-1.5707963267948966,36.0,3.0
548.0,878.0,-1.5707963267948966,39.0,4.0
358.0,936.0,-1.5707963267948966,40.0,4.0
412.5,1107.5,0.0,45.0,4.0
412.0,1222.0,0.0,44.0,13.0
709.0,1540.5,-1.5707963267948966,8.0,4.0
