CoordX,CoordY,Orient,HalfLen,HalfWid
400.0,295.5,0.0,40.0,16.0
1066.5,301.5,0.0,39.0,13.0
964.0,679.0,0.0,40.0,5.0
1065.0,679.0,0.0,40.0,5.0
895.0,814.5,-1.5707963267948966,40.0,5.0
465.0,914.5,-1.5707963267948966,40.0,5.0
1005.5,888.0,-3.141592653589793,39.0,5.0
508.0,976.0,0.0,36.0,5.0
848.5,991.5,-3.141592653589793,30.0,5.0
387.0,1086.0,0.0,45.0,5.0
386.0,1179.0,-3.141592653589793,45.0,16.0
