CoordX,CoordY,Orient,HalfLen,HalfWid
592.5,269.5,0.0,33.0,4.0
485.5,315.0,-1.5707963267948966,37.0,3.0
1180.0,345.5,-1.5707963267948966,38.0,11.0
567.5,426.0,0.0,42.0,7.0
