CoordX,CoordY,Orient,HalfLen,HalfWid
547.5,475.0,0.0,38.0,17.0
454.0,738.5,-1.5707963267948966,39.0,5.0
211.5,955.0,-1.5707963267948966,31.0,5.0
351.0,993.5,0.0,36.0,4.0
301.0,1116.0,-1.5707963267948966,30.0,5.0
145.5,1155.5,-3.141592653589793,29.0,5.0
349.0,1155.5,-3.141592653589793,39.0,5.0
510.5,1349.0,-3.141592653589793,38.0,5.0
509.5,1474.0,-3.141592653589793,39.0,14.0
257.5,1725.0,-1.5707963267948966,41.0,7.0
