CoordX,CoordY,Orient,HalfLen,HalfWid
568.5,470.0,-3.141592653589793,41.0,6.0
733.5,470.5,-3.141592653589793,41.0,5.0
1090.5,470.5,0.0,86.0,5.0
445.5,582.5,-1.5707963267948966,41.0,5.0
704.0,631.5,0.0,36.0,5.0
522.5,787.0,0.0,41.0,15.0
