CoordX,CoordY,Orient,HalfLen,HalfWid
582.5,212.0,0.0,33.0,6.0
442.0,288.5,-1.5707963267948966,32.0,6.0
1431.5,306.0,-1.5707963267948966,34.0,12.0
512.0,612.5,-1.5707963267948966,33.0,6.0
512.0,730.0,-1.5707963267948966,33.0,6.0
574.5,849.5,-3.141592653589793,35.0,12.0
