CoordX,CoordY,Orient,HalfLen,HalfWid
206.0,215.0,-1.5707963267948966,42.0,13.0
853.0,336.5,0.0,32.0,5.0
895.5,434.0,-1.5707963267948966,42.0,5.0
171.5,485.5,-3.141592653589793,31.0,6.0
662.0,485.5,0.0,58.0,6.0
843.5,485.5,-3.141592653589793,46.0,6.0
593.0,541.5,-1.5707963267948966,41.0,9.0
670.5,658.5,-3.141592653589793,42.0,5.0
672.0,733.5,-3.141592653589793,44.0,11.0
