CoordX,CoordY,Orient,HalfLen,HalfWid
541.0,258.5,-3.141592653589793,44.0,12.0
875.0,258.5,0.0,45.0,12.0
754.028653295129,420.7936962750716,3.1303876051820985,34.076299317028784,7.3581146147203995
765.9017447199266,659.3269054178145,-0.7632374839062415,35.91257298877788,7.821428438960183
931.0,721.5,-1.5707963267948966,32.0,6.0
1217.5,764.0,0.0,33.0,6.0
931.0,819.0,-1.5707963267948966,44.0,6.0
873.5,961.0,-3.141592653589793,44.0,6.0
874.5,1085.0,0.0,45.0,14.0
