CoordX,CoordY,Orient,HalfLen,HalfWid
489.5,200.0,-1.5707963267948966,46.0,10.0
1008.5,319.0,-3.141592653589793,46.0,17.0
1459.5,631.0,-3.141592653589793,41.0,6.0
1515.0,684.5,-1.5707963267948966,41.0,6.0
1457.5,783.0,-3.141592653589793,41.0,6.0
1176.0,839.5,-1.5707963267948966,41.0,6.0
785.5,941.5,-1.5707963267948966,30.0,1.0
971.5,1055.0,-1.5707963267948966,42.0,5.0
1038.0,1177.0,0.0,47.0,17.0
