CoordX,CoordY,Orient,HalfLen,HalfWid
427.5,273.5,0.0,39.0,18.0
1110.0,512.5,-1.5707963267948966,39.0,5.0
843.0,620.5,0.0,37.0,4.0
888.0,660.0,-1.5707963267948966,33.0,5.0
888.0,893.5,-1.5707963267948966,38.0,5.0
924.3296529968454,1002.968454258675,-0.003204370504999368,28.015878073364647,5.076879090556402
822.0,1057.0,0.0,43.0,5.0
821.0,1182.0,0.0,43.0,10.0
