CoordX,CoordY,Orient,HalfLen,HalfWid
709.0,358.0,0.0,36.0,5.0
617.0,420.0,-1.5707963267948966,49.0,5.0
1018.0,423.0,-1.5707963267948966,48.0,5.0
771.5,701.5,0.0,46.0,9.0
