CoordX,CoordY,Orient,HalfLen,HalfWid
539.0,325.5,-3.141592653589793,38.0,12.0
458.5,427.5,-1.5707963267948966,37.0,5.0
245.5,928.0,-1.5707963267948966,30.0,5.0
401.0,966.5,-3.141592653589793,29.0,5.0
585.5,966.5,-3.141592653589793,35.0,5.0
768.5,966.5,-3.141592653589793,29.0,5.0
204.5,982.5,-3.141592653589793,29.0,5.0
310.5,1060.5,-3.141592653589793,41.0,5.0
310.0,1187.5,-3.141592653589793,41.0,12.0
