CoordX,CoordY,Orient,HalfLen,HalfWid
941.5,416.5,-1.5707963267948966,41.0,4.0
226.5,447.5,-1.5707963267948966,45.0,10.0
941.5,521.0,-1.5707963267948966,41.0,4.0
337.0,550.5,-3.141592653589793,46.0,5.0
561.5,600.5,-1.5707963267948966,27.0,4.0
760.992700729927,731.5459854014598,1.569822523716262,30.996090089769492,5.970783067381124
819.5,774.0,-3.141592653589793,46.0,6.0
