CoordX,CoordY,Orient,HalfLen,HalfWid
407.0,168.0,-1.5707963267948966,42.0,10.0
527.0,418.0,-3.141592653589793,33.0,7.0
494.5,700.0,-3.141592653589793,48.0,9.0
