CoordX,CoordY,Orient,HalfLen,HalfWid
455.0,394.0,-3.141592653589793,39.0,11.0
399.5,554.5,-1.5707963267948966,46.0,5.0
458.5,850.5,-3.141592653589793,37.0,5.0
340.5,918.0,-1.5707963267948966,36.0,4.0
558.5,930.5,-1.5707963267948966,38.0,4.0
340.5,1080.5,-1.5707963267948966,36.0,4.0
447.5,1242.0,0.0,39.0,11.0
