CoordX,CoordY,Orient,HalfLen,HalfWid
637.0,280.0,0.0,40.0,16.0
726.0,421.5,-1.5707963267948966,58.0,8.0
300.5,657.5,0.0,40.0,3.0
413.0,657.5,0.0,44.0,3.0
726.0,701.0,-1.5707963267948966,33.0,8.0
465.5,730.0,-1.5707963267948966,38.0,3.0
184.5,840.0,-3.141592653589793,44.0,8.0
