CoordX,CoordY,Orient,HalfLen,HalfWid
615.5,185.5,-1.5707963267948966,32.0,6.0
1095.5,258.5,-1.5707963267948966,37.0,26.0
770.5,390.0,-1.5707963267948966,32.0,5.0
543.0,432.0,0.0,36.0,5.0
288.0,515.5,0.9654746967887697,61.22273781351288,5.32619619660955
853.0,591.0,-3.141592653589793,61.0,5.0
444.0,622.0,-1.5707963267948966,33.0,5.0
543.0,714.0,-3.141592653589793,48.0,6.0
157.5,847.5,-3.141592653589793,28.0,6.0
