CoordX,CoordY,Orient,HalfLen,HalfWid
569.0,285.5,0.0,36.0,5.0
360.5,334.0,-1.5707963267948966,39.0,5.0
1186.0,388.0,-1.5707963267948966,41.0,12.0
410.0,382.5,-3.141592653589793,42.0,5.0
677.0,527.5,-1.5707963267948966,40.0,8.0
761.0,577.5,-3.141592653589793,33.0,4.0
616.0,686.0,0.0,46.0,9.0
