CoordX,CoordY,Orient,HalfLen,HalfWid
565.0,423.0,-3.141592653589793,29.0,9.0
1241.5,468.5,-1.5707963267948966,44.0,14.0
505.0,474.0,-1.5707963267948966,39.0,12.0
646.0,676.0,-1.5707963267948966,39.0,10.0
505.0,749.0,-1.5707963267948966,40.0,12.0
573.5,860.0,-3.141592653589793,53.0,9.0
