CoordX,CoordY,Orient,HalfLen,HalfWid
380.0,472.5,-3.141592653589793,56.0,10.0
194.5,528.5,-1.5707963267948966,39.0,12.0
811.0,542.5,0.0,33.0,6.0
964.5,692.0,-3.141592653589793,37.0,8.0
735.0,740.5,-1.5707963267948966,38.0,7.0
1041.4607329842931,758.5863874345549,-1.5731542564006749,29.016424874418785,7.068360435800999
894.0,856.5,-3.141592653589793,44.0,12.0
