CoordX,CoordY,Orient,HalfLen,HalfWid
1384.5,325.5,-1.5707963267948966,30.0,12.0
395.0,407.5,0.0,29.0,6.0
510.5,487.5,-1.5707963267948966,27.0,6.0
641.5,558.0,-1.5707963267948966,57.0,6.0
271.5,571.5,-3.141592653589793,28.0,6.0
510.5,660.5,-1.5707963267948966,28.0,6.0
440.0,837.0,-1.5707963267948966,28.0,6.0
583.5,1101.0,-3.141592653589793,28.0,12.0
