CoordX,CoordY,Orient,HalfLen,HalfWid
282.5,150.0,1.5707963267948966,34.0,7.0
320.5,695.0,0.0,41.0,13.0
1037.0,698.0,0.0,41.0,13.0
1049.0,1101.5,0.0,42.0,7.0
1183.0,1101.5,0.0,42.0,7.0
1192.0,1236.5,0.0,42.0,7.0
376.5,1378.5,-1.5707963267948966,50.0,7.0
930.0,1335.5,0.0,42.0,7.0
1121.5,1375.0,-1.5707963267948966,41.0,7.0
499.0,1418.5,-1.291846168930748,34.48258737094305,7.826065726073546
424.5,1504.0,-3.141592653589793,37.0,13.0
