CoordX,CoordY,Orient,HalfLen,HalfWid
331.0,541.0,-1.5707963267948966,42.0,21.0
943.0,531.0,-3.141592653589793,42.0,6.0
1055.0,531.0,-3.141592653589793,41.0,6.0
1106.5,591.0,-1.5707963267948966,42.0,6.0
1154.0,770.5,0.0,33.0,6.0
1003.0,842.0,-1.5707963267948966,37.0,5.0
927.0,942.0,0.0,49.0,11.0
