CoordX,CoordY,Orient,HalfLen,HalfWid
437.0,264.0,0.0,38.0,16.0
492.0,420.0,-1.5707963267948966,61.0,5.0
389.0,763.5,-1.5707963267948966,26.0,5.0
538.5,809.0,-1.5707963267948966,31.0,5.0
179.5,823.0,0.0,23.0,5.0
389.0,869.5,-1.5707963267948966,38.0,5.0
606.0,983.0,0.0,27.0,6.0
442.0,1015.0,-3.141592653589793,40.0,6.0
450.5,1157.0,0.0,38.0,15.0
506.5,1258.0,-1.5707963267948966,30.0,4.0
