CoordX,CoordY,Orient,HalfLen,HalfWid
312.0,91.0,0.0,46.0,21.0
190.0,499.5,0.0,40.0,7.0
479.5,499.5,-3.141592653589793,34.0,7.0
240.0,638.5,-1.5707963267948966,37.0,4.0
182.0,772.5,0.0,47.0,8.0
