CoordX,CoordY,Orient,HalfLen,HalfWid
207.0,170.0,-1.5707963267948966,31.0,6.0
542.5,215.5,0.0,33.0,4.0
427.5,262.0,-1.5707963267948966,39.0,4.0
976.0,354.5,-1.5707963267948966,41.0,12.0
586.5,360.5,-1.5707963267948966,40.0,4.0
586.5,460.5,-1.5707963267948966,37.0,4.0
537.5,507.5,0.0,38.0,4.0
537.5,592.0,0.0,38.0,16.0
586.5,789.5,-1.5707963267948966,40.0,4.0
