CoordX,CoordY,Orient,HalfLen,HalfWid
1058.5,676.5,-3.141592653589793,43.0,16.0
1048.5,1169.0,-1.5707963267948966,40.0,5.0
907.5,1200.5,-1.5707963267948966,40.0,5.0
1285.5,1245.5,-3.141592653589793,40.0,5.0
1048.5,1326.0,-1.5707963267948966,41.0,5.0
818.0,1389.5,-3.141592653589793,40.0,5.0
993.5,1389.5,-3.141592653589793,44.0,5.0
994.5,1561.5,-3.141592653589793,44.0,16.0
