CoordX,CoordY,Orient,HalfLen,HalfWid
316.5,160.5,-1.5707963267948966,34.0,7.0
226.0,274.0,0.0,37.0,11.0
1079.0,280.0,0.0,33.0,13.0
1317.5,606.0,-3.141592653589793,40.0,7.0
351.5,829.5,-1.5707963267948966,30.0,7.0
1420.0,837.0,-1.5707963267948966,36.0,6.0
1366.5,899.0,0.0,27.0,6.0
313.5,996.0,-1.5707963267948966,27.0,7.0
1098.5,1106.5,-3.141592653589793,36.0,15.0
