CoordX,CoordY,Orient,HalfLen,HalfWid
399.5,249.0,-3.141592653589793,40.0,15.0
325.0,756.5,0.0,41.0,5.0
580.0,842.5,-1.5707963267948966,40.0,4.0
766.0,952.0,-3.141592653589793,32.0,4.0
525.5,1123.0,0.0,41.0,10.0
