CoordX,CoordY,Orient,HalfLen,HalfWid
401.5,226.0,-3.141592653589793,42.0,16.0
455.5,355.0,-1.5707963267948966,95.0,5.0
769.0,573.5,-3.141592653589793,37.0,5.0
818.5,615.0,-1.5707963267948966,30.0,5.0
573.5,653.0,0.0,36.0,6.0
324.0,795.0,0.0,40.0,9.0
559.0,791.5,0.0,35.0,5.0
738.5,795.0,-3.141592653589793,38.0,9.0
