CoordX,CoordY,Orient,HalfLen,HalfWid
1202.0,155.0,-1.5707963267948966,35.0,12.0
597.5,240.5,-3.141592653589793,33.0,5.0
700.5,328.0,-1.5707963267948966,60.0,5.0
516.0,351.5,-1.5707963267948966,42.0,7.0
395.0,443.5,0.0,27.0,5.0
700.5,481.5,-1.5707963267948966,34.0,5.0
516.0,565.5,-1.5707963267948966,57.0,7.0
591.5,743.5,0.0,43.0,11.0
