CoordX,CoordY,Orient,HalfLen,HalfWid
444.0,360.0,0.0,38.0,8.0
642.0,360.0,-3.141592653589793,42.0,8.0
911.0,360.0,-3.141592653589793,43.0,8.0
681.5,512.5,-3.141592653589793,37.0,7.0
1241.5,681.5,-3.141592653589793,37.0,7.0
966.5,726.0,-1.5707963267948966,33.0,7.0
205.0,789.0,1.5699776505271374,44.006534664333,7.963975567319236
898.5,805.0,0.0,48.0,8.0
