CoordX,CoordY,Orient,HalfLen,HalfWid
626.0,323.5,0.0,48.0,12.0
483.5,328.0,-3.141592653589793,46.0,8.0
339.5,717.0,-3.141592653589793,51.0,8.0
669.0,763.0,-1.5707963267948966,32.0,8.0
432.0,826.5,-1.5707963267948966,40.0,8.0
349.0,924.0,0.0,49.0,13.0
