CoordX,CoordY,Orient,HalfLen,HalfWid
659.0,162.5,0.0,37.0,13.0
356.0,495.0,-1.5707963267948966,36.0,8.0
415.0,758.5,-1.5707963267948966,36.0,8.0
654.0,758.0,0.0,36.0,6.0
801.5,758.0,-3.141592653589793,30.0,6.0
415.0,864.0,-1.5707963267948966,36.0,8.0
751.0,923.5,-1.5707963267948966,29.0,9.0
473.5,934.0,-3.141592653589793,37.0,6.0
1032.0,1002.0,0.0,31.0,7.0
473.0,1055.0,-3.141592653589793,37.0,16.0
241.0,1246.5,0.0,42.0,7.0
