CoordX,CoordY,Orient,HalfLen,HalfWid
677.0,317.0,-1.5707963267948966,29.0,5.0
806.0,317.5,-1.5707963267948966,29.0,5.0
420.0,389.0,0.0,41.0,5.0
855.5,510.0,-3.141592653589793,38.0,5.0
948.0,630.0,-1.5707963267948966,31.0,5.0
298.0,681.0,-1.5707963267948966,39.0,14.0
985.5,829.0,-3.141592653589793,29.0,5.0
889.0,991.0,-3.141592653589793,39.0,9.0
