CoordX,CoordY,Orient,HalfLen,HalfWid
554.5,139.5,-3.141592653589793,44.0,16.0
786.5,574.0,-1.5707963267948966,40.0,5.0
298.5,597.5,0.0,38.0,6.0
597.5,646.0,-1.5707963267948966,38.0,6.0
786.5,780.0,-1.5707963267948966,39.0,5.0
838.5,876.5,-3.141592653589793,39.0,5.0
723.0,887.5,-3.141592653589793,43.0,5.0
723.0,1056.5,0.0,43.0,16.0
698.5,1397.5,-1.5707963267948966,39.0,8.0
