CoordX,CoordY,Orient,HalfLen,HalfWid
167.5,147.0,0.0,41.0,16.0
228.0,894.5,-1.5707963267948966,31.0,6.0
381.0,904.5,-1.5707963267948966,30.0,6.0
228.0,1065.5,-1.5707963267948966,42.0,6.0
161.5,1125.5,-3.141592653589793,45.0,5.0
161.5,1269.5,0.0,45.0,16.0
340.5,1422.5,-1.5707963267948966,38.0,7.0
