CoordX,CoordY,Orient,HalfLen,HalfWid
839.4962468723936,323.5496246872394,-1.5709841835121232,59.00075038580519,4.0110834756708895
201.5,327.0,-1.5707963267948966,39.0,10.0
1093.0,392.0,-3.141592653589793,36.0,9.0
367.5,396.5,0.0,56.0,9.0
510.5,439.5,-1.5707963267948966,30.0,4.0
669.5,439.5,-1.5707963267948966,30.0,4.0
1043.0,516.5,-1.5707963267948966,42.0,4.0
929.0,576.0,-3.141592653589793,30.0,4.0
782.0,779.5,0.0,43.0,8.0
