CoordX,CoordY,Orient,HalfLen,HalfWid
592.0,321.0,-1.5707963267948966,40.0,10.0
812.0,544.0,-1.5707963267948966,40.0,7.0
596.5,656.5,-1.5707963267948966,39.0,5.0
596.5,762.5,-1.5707963267948966,39.0,5.0
812.0,913.0,-1.5707963267948966,36.0,7.0
1103.0,942.5,-1.5707963267948966,31.0,8.0
741.0,1026.5,0.0,47.0,8.0
