CoordX,CoordY,Orient,HalfLen,HalfWid
450.5,280.0,0.0,40.0,20.0
358.5,776.5,-1.5707963267948966,40.0,5.0
299.5,911.0,-3.141592653589793,45.0,11.0
