CoordX,CoordY,Orient,HalfLen,HalfWid
745.0,330.0,-3.141592653589793,39.0,17.0
1078.0,499.0,-1.5707963267948966,39.0,6.0
366.5,662.0,-3.141592653589793,40.0,11.0
1078.0,847.0,-1.5707963267948966,40.0,6.0
450.5,908.0,-1.5707963267948966,39.0,8.0
584.0,959.5,0.0,40.0,7.0
949.5,961.0,0.0,45.0,9.0
655.5,1010.5,-1.5707963267948966,39.0,6.0
