CoordX,CoordY,Orient,HalfLen,HalfWid
297.5,283.5,-1.5707963267948966,39.0,4.0
244.5,554.5,0.0,33.0,4.0
197.5,592.5,-1.5707963267948966,30.0,4.0
372.0,665.0,0.0,45.0,9.0
