CoordX,CoordY,Orient,HalfLen,HalfWid
521.5,281.0,0.0,25.0,6.0
1352.5,328.5,-1.5707963267948966,34.0,11.0
461.0,334.5,-1.5707963267948966,35.0,6.0
432.5,443.5,-3.141592653589793,21.0,5.0
461.0,495.5,-1.5707963267948966,34.0,6.0
519.5,662.5,-3.141592653589793,34.0,11.0
