CoordX,CoordY,Orient,HalfLen,HalfWid
681.0,281.0,-3.141592653589793,45.0,24.0
383.5,628.5,-1.5707963267948966,41.0,5.0
254.0,802.0,-1.5707963267948966,35.0,8.0
543.0,870.5,-1.5707963267948966,40.0,7.0
616.5,962.0,0.0,45.0,9.0
