CoordX,CoordY,Orient,HalfLen,HalfWid
948.5,101.5,0.0,33.0,7.0
889.5,332.0,-1.5707963267948966,34.0,5.0
127.48598130841121,368.9392523364486,1.5720947934099214,33.00906144449839,7.041545018951278
490.0,513.0,-1.5707963267948966,32.0,6.0
941.5,517.5,-3.141592653589793,26.0,5.0
812.5,723.0,-1.5707963267948966,33.0,5.0
490.0,747.5,-1.5707963267948966,33.0,6.0
1033.5,766.5,0.0,23.0,5.0
812.5,816.0,-1.5707963267948966,34.0,5.0
595.5,792.5,0.0,32.0,6.0
681.5,1071.5,0.0,33.0,7.0
