CoordX,CoordY,Orient,HalfLen,HalfWid
417.0,212.0,-1.5707963267948966,35.0,6.0
1232.0,210.0,-3.141592653589793,41.0,6.0
475.0,265.0,-3.141592653589793,40.0,6.0
597.0,323.5,-1.5707963267948966,41.0,6.0
237.0,329.0,-1.5707963267948966,42.0,14.0
1292.5,401.0,-1.5707963267948966,41.0,6.0
1292.5,512.5,-1.5707963267948966,40.0,6.0
552.0,569.5,-1.5707963267948966,42.0,6.0
1229.5,700.0,-3.141592653589793,46.0,6.0
1233.5,862.0,0.0,47.0,14.0
