CoordX,CoordY,Orient,HalfLen,HalfWid
387.5,185.5,-1.5707963267948966,39.0,9.0
915.5,510.0,-1.5707963267948966,37.0,6.0
404.0,521.0,-1.5707963267948966,39.0,8.0
847.0,635.0,-3.141592653589793,43.0,11.0
