CoordX,CoordY,Orient,HalfLen,HalfWid
861.5,510.0,0.0,43.0,5.0
514.5,600.0,-1.5707963267948966,44.0,19.0
1066.5,666.5,0.0,43.0,7.0
1015.0,964.5,-3.141592653589793,42.0,5.0
1009.0,1143.5,0.0,49.0,10.0
