CoordX,CoordY,Orient,HalfLen,HalfWid
592.801756587202,385.97616060225846,-2.2392286133878745,39.69788858192262,5.375833561163761
620.0,613.5,-1.5707963267948966,39.0,5.0
620.0,823.0,-1.5707963267948966,35.0,5.0
563.0,902.0,0.0,44.0,5.0
563.0,932.0,0.0,44.0,5.0
