CoordX,CoordY,Orient,HalfLen,HalfWid
239.5,450.5,-3.141592653589793,41.0,7.0
760.5,450.5,0.0,55.0,7.0
187.5,493.0,-1.5707963267948966,31.0,7.0
249.5,807.0,-1.5707963267948966,38.0,7.0
1173.0,884.0,0.0,47.0,8.0
197.5,884.5,-3.141592653589793,39.0,7.0
