CoordX,CoordY,Orient,HalfLen,HalfWid
382.0,417.5,0.0,33.0,6.0
528.5,487.5,-1.5707963267948966,36.0,6.0
327.5,571.0,-1.5707963267948966,31.0,6.0
414.5,720.5,0.0,33.0,13.0
