CoordX,CoordY,Orient,HalfLen,HalfWid
542.0,306.5,-3.141592653589793,38.0,12.0
220.0,492.0,0.0,28.0,6.0
217.0,703.0,-3.141592653589793,31.0,6.0
443.5,703.0,0.0,35.0,6.0
540.5,703.0,0.0,35.0,6.0
849.0,703.0,0.0,39.0,6.0
396.5,763.5,-1.5707963267948966,31.0,5.0
396.5,978.0,-1.5707963267948966,37.0,5.0
452.0,1027.5,0.0,39.0,4.0
540.0,1027.5,-3.141592653589793,28.0,4.0
449.5,1168.0,0.0,38.0,16.0
196.5,1815.5,-3.141592653589793,42.0,6.0
