CoordX,CoordY,Orient,HalfLen,HalfWid
1625.0,974.0,-3.141592653589793,40.0,17.0
1361.401287553648,1457.293991416309,-2.353465414885904,40.314585160866855,7.722183015179192
1549.5,1480.5,-1.5707963267948966,40.0,5.0
1899.0,1503.5,-3.141592653589793,39.0,5.0
1733.691159586682,1579.0424799081516,-0.7781455314575525,40.26812811313279,6.091991622962218
1549.5,1641.5,-1.5707963267948966,39.0,5.0
1624.5,1737.5,-3.141592653589793,41.0,4.0
1623.0,1896.0,0.0,42.0,15.0
1325.5,1962.5,-1.5707963267948966,39.0,9.0
