CoordX,CoordY,Orient,HalfLen,HalfWid
376.5,447.5,-3.141592653589793,41.0,12.0
713.0,775.0,-1.5707963267948966,42.0,6.0
830.2253521126761,1045.966800804829,-2.3929026960499105,41.97665374190798,6.477509714281394
410.0,1075.0,-1.5707963267948966,32.0,6.0
608.0,1090.0,-1.5707963267948966,42.0,6.0
211.5,1156.0,0.0,36.0,6.0
410.0,1221.5,-1.5707963267948966,42.0,6.0
608.0,1265.5,-1.5707963267948966,42.0,6.0
542.5,1406.5,-3.141592653589793,49.0,5.0
541.5,1537.0,0.0,47.0,14.0
