CoordX,CoordY,Orient,HalfLen,HalfWid
701.0,267.0,0.0,40.0,12.0
258.5,689.5,0.0,40.0,4.0
498.5,689.5,-3.141592653589793,41.0,4.0
209.5,814.0,-1.5707963267948966,41.0,4.0
164.0,970.0,0.0,31.0,3.0
277.0,970.0,0.0,46.0,3.0
281.5,1126.0,0.0,45.0,13.0
