CoordX,CoordY,Orient,HalfLen,HalfWid
222.0,172.5,-1.5707963267948966,29.0,6.0
1007.0,203.0,-1.5707963267948966,41.0,10.0
1086.0,267.5,0.0,39.0,8.0
396.5,282.0,0.0,34.0,6.0
493.0,282.0,-3.141592653589793,40.0,6.0
352.0,354.0,-1.5707963267948966,40.0,6.0
417.5,504.0,-3.141592653589793,43.0,6.0
417.0,629.5,0.0,44.0,17.0
345.5,899.5,-1.5707963267948966,39.0,9.0
