CoordX,CoordY,Orient,HalfLen,HalfWid
935.5,313.0,-1.5707963267948966,32.0,15.0
492.5,398.0,-1.5707963267948966,47.0,13.0
316.0,1099.5,-1.5707963267948966,34.0,6.0
201.5,1653.5,0.0,45.0,27.0
714.0,1653.5,-3.141592653589793,68.0,27.0
1018.0,1653.5,-3.141592653589793,47.0,27.0
