CoordX,CoordY,Orient,HalfLen,HalfWid
725.5,299.5,0.0,36.0,6.0
837.5,369.0,-1.5707963267948966,41.0,6.0
178.5,369.0,-1.5707963267948966,40.0,9.0
350.5,431.5,-3.141592653589793,72.0,11.0
837.5,488.5,-1.5707963267948966,40.0,6.0
678.5,557.0,-1.5707963267948966,40.0,6.0
736.5,683.0,-3.141592653589793,44.0,9.0
