CoordX,CoordY,Orient,HalfLen,HalfWid
1067.0,354.0,-1.5707963267948966,32.0,7.0
872.0,504.0,0.6336347697540685,32.53132327816245,7.285885602180929
232.0,554.5,-1.5707963267948966,41.0,7.0
1067.0,692.5,-1.5707963267948966,36.0,7.0
1010.5,848.0,0.0,42.0,7.0
