CoordX,CoordY,Orient,HalfLen,HalfWid
552.5,235.5,0.0,33.0,4.0
432.0,335.5,-1.5707963267948966,34.0,4.0
1144.0,345.0,-1.5707963267948966,39.0,14.0
432.0,495.5,-1.5707963267948966,40.0,4.0
487.0,736.5,-3.141592653589793,44.0,9.0
