CoordX,CoordY,Orient,HalfLen,HalfWid
623.0,205.0,-3.141592653589793,38.0,3.0
964.0,582.5,-3.141592653589793,49.0,7.0
