CoordX,CoordY,Orient,HalfLen,HalfWid
437.0,209.0,-3.141592653589793,39.0,12.0
349.5,792.5,-1.5707963267948966,64.0,9.0
233.5,793.5,-1.5707963267948966,37.0,5.0
404.5,863.0,-3.141592653589793,41.0,5.0
288.0,949.5,-3.141592653589793,46.0,9.0
