CoordX,CoordY,Orient,HalfLen,HalfWid
330.0,450.5,-1.5707963267948966,60.0,20.0
425.5,852.5,0.0,62.0,9.0
549.0,981.5,-1.5707963267948966,72.0,10.0
366.0,1289.0,-1.5707963267948966,54.0,21.0
254.5,1381.5,-3.141592653589793,51.0,8.0
