CoordX,CoordY,Orient,HalfLen,HalfWid
494.0,384.0,0.0,27.0,7.0
432.0,434.0,-1.5707963267948966,28.0,7.0
516.0,490.0,0.0,27.0,7.0
691.5,669.5,-3.141592653589793,35.0,11.0
