CoordX,CoordY,Orient,HalfLen,HalfWid
193.98627787307032,335.49399656946827,-0.0005478752955837766,40.009307876212326,17.02136458403649
559.0,335.5,-3.141592653589793,38.0,17.0
282.5,578.0,-1.5707963267948966,40.0,5.0
233.0,726.5,-3.141592653589793,39.0,5.0
640.5,941.0,-1.5707963267948966,40.0,5.0
373.5,1014.5,-1.5707963267948966,39.0,5.0
847.0,990.5,0.0,35.0,5.0
640.5,1042.0,-1.5707963267948966,41.0,5.0
555.5,1348.0,0.0,44.0,17.0
492.0,1579.0,-1.5707963267948966,40.0,9.0
