CoordX,CoordY,Orient,HalfLen,HalfWid
1498.0,325.5,-1.5707963267948966,39.0,5.0
1848.5,422.0,-1.5707963267948966,40.0,7.0
768.0,569.0,0.0,40.0,5.0
1443.5,569.0,-3.141592653589793,39.0,5.0
1555.5,569.0,-3.141592653589793,40.0,5.0
1792.0,569.0,0.0,40.0,5.0
638.0,622.5,-1.5707963267948966,40.0,5.0
1903.0,621.0,0.0,40.0,5.0
1663.0,676.0,-1.5707963267948966,40.0,5.0
625.5,815.5,-1.5707963267948966,45.0,17.0
1663.0,861.0,-1.5707963267948966,40.0,5.0
1603.0,1131.5,0.0,45.0,17.0
