CoordX,CoordY,Orient,HalfLen,HalfWid
701.0,341.0,-3.141592653589793,30.0,5.0
621.0,388.0,1.5707963267948966,39.0,5.0
779.0,387.5,-1.5707963267948966,38.0,5.0
225.0,434.5,-1.5707963267948966,42.0,11.0
850.0,619.5,-1.5707963267948966,34.0,5.0
678.5,654.5,-1.5707963267948966,55.0,8.0
946.0,791.5,-1.5707963267948966,30.0,4.0
850.0,795.5,-1.5707963267948966,31.0,5.0
731.5,894.0,-3.141592653589793,42.0,8.0
