CoordX,CoordY,Orient,HalfLen,HalfWid
544.5,272.5,-3.141592653589793,39.0,7.0
489.5,381.5,-1.5707963267948966,45.0,6.0
136.5,593.5,-3.141592653589793,31.0,6.0
233.5,776.0,-1.5707963267948966,33.0,7.0
456.31772268135904,896.99173553719,-0.8755694937445841,41.09645567563796,6.934070298196009
366.5,1128.5,-1.5707963267948966,38.0,6.0
447.0,1194.5,-2.728691461590466,32.23303919686535,8.662054267513122
553.5,1218.0,-3.141592653589793,44.0,8.0
555.5,1318.5,0.0,44.0,7.0
