CoordX,CoordY,Orient,HalfLen,HalfWid
785.5,174.0,-1.5707963267948966,32.0,5.0
382.5,188.5,-1.5707963267948966,32.0,6.0
530.0,194.0,-2.3261892670849478,32.38498854615066,5.406479370480537
535.7424657534247,365.741095890411,-0.7853217338003774,31.81942675325297,5.659232163968231
1379.0,416.0,-1.5707963267948966,36.0,11.0
440.5,409.5,-3.141592653589793,32.0,5.0
441.0,508.5,0.0,41.0,11.0
544.5,640.5,-3.141592653589793,32.0,5.0
