CoordX,CoordY,Orient,HalfLen,HalfWid
263.0,141.5,-3.141592653589793,42.0,9.0
321.5,718.0,-1.5707963267948966,41.0,4.0
264.5,828.5,-3.141592653589793,44.0,8.0
