CoordX,CoordY,Orient,HalfLen,HalfWid
561.5,526.5,-1.5707963267948966,46.0,5.0
351.0,779.0,-1.5707963267948966,48.0,6.0
522.5,948.0,-3.141592653589793,51.0,12.0
