CoordX,CoordY,Orient,HalfLen,HalfWid
265.5,513.0,-3.141592653589793,31.0,7.0
353.0,741.0,0.0,26.0,7.0
533.0,741.0,-3.141592653589793,34.0,7.0
730.0,855.5,-1.5707963267948966,41.0,8.0
296.0,936.5,-3.141592653589793,40.0,10.0
482.5,931.5,0.0,38.0,5.0
800.5,1165.0,-3.141592653589793,34.0,15.0
