CoordX,CoordY,Orient,HalfLen,HalfWid
533.0,311.5,0.0,47.0,20.0
434.5,714.5,-1.5707963267948966,42.0,5.0
729.0,861.5,0.0,58.0,5.0
356.5,931.5,-1.5707963267948966,42.0,5.0
725.5,1136.0,0.0,46.0,12.0
