CoordX,CoordY,Orient,HalfLen,HalfWid
342.5,262.5,-3.141592653589793,39.0,14.0
456.0,413.0,-1.5707963267948966,53.0,7.0
279.0,666.5,0.0,57.0,6.0
703.0,887.5,0.0,43.0,10.0
