CoordX,CoordY,Orient,HalfLen,HalfWid
340.5,259.5,0.0,38.0,12.0
998.0,269.5,0.0,39.0,12.0
343.0,674.5,0.0,35.0,5.0
452.5,674.5,-3.141592653589793,34.0,5.0
346.0,795.5,-3.141592653589793,34.0,5.0
445.5,795.5,-3.141592653589793,33.0,5.0
533.1313131313132,839.3549783549784,0.8102583477500448,30.99762263031205,5.704028758476766
910.5,936.5,-1.5707963267948966,26.0,5.0
982.0,984.5,-3.141592653589793,38.0,5.0
982.0,1070.5,-3.141592653589793,38.0,12.0
