CoordX,CoordY,Orient,HalfLen,HalfWid
601.5,316.0,-3.141592653589793,46.0,13.0
330.5,577.5,-1.5707963267948966,47.0,5.0
330.0,818.5,-1.5707963267948966,46.0,6.0
513.5055951169888,865.4587995930824,1.570381832455206,40.002069035528,5.016579343598995
173.5,888.5,-3.141592653589793,36.0,9.0
330.0,952.0,-1.5707963267948966,37.0,6.0
397.5,1054.5,0.0,46.0,10.0
