CoordX,CoordY,Orient,HalfLen,HalfWid
487.5,542.0,-1.5707963267948966,33.0,6.0
409.5,605.0,-3.141592653589793,46.0,8.0
