CoordX,CoordY,Orient,HalfLen,HalfWid
556.0,186.5,0.0,26.0,4.0
984.0,213.5,-3.141592653589793,40.0,10.0
522.5,491.0,-3.141592653589793,29.0,5.0
760.5,491.0,-3.141592653589793,38.0,5.0
420.5,537.5,-1.5707963267948966,36.0,7.0
872.0,537.5,-1.5707963267948966,35.0,10.0
649.5,648.0,-3.141592653589793,49.0,9.0
