CoordX,CoordY,Orient,HalfLen,HalfWid
840.5,286.0,0.0,35.0,5.0
951.0,332.5,-1.5707963267948966,38.0,5.0
312.0,361.0,-1.5707963267948966,40.0,16.0
951.0,483.5,-1.5707963267948966,38.0,5.0
848.5,743.0,-3.141592653589793,42.0,9.0
