CoordX,CoordY,Orient,HalfLen,HalfWid
760.5,386.5,-3.141592653589793,35.0,8.0
239.0,463.0,-1.5707963267948966,40.0,9.0
905.0,926.5,-1.5707963267948966,31.0,5.0
1052.0970245795602,1007.5472186287193,2.0506601731663925,31.409612760387745,6.753289810790541
826.0,1138.0,0.0,44.0,9.0
