CoordX,CoordY,Orient,HalfLen,HalfWid
976.0,278.0,-3.141592653589793,37.0,10.0
728.0,459.0,0.0,32.0,5.0
595.0,632.0,-3.141592653589793,33.0,5.0
476.5,679.5,-1.5707963267948966,32.0,4.0
1470.5,672.0,0.0,31.0,5.0
476.5,782.0,-1.5707963267948966,32.0,4.0
1472.5,793.0,0.0,32.0,5.0
1621.5,794.5,0.0,48.0,3.0
751.0,953.0,-3.141592653589793,33.0,5.0
607.0,1109.0,-3.141592653589793,39.0,10.0
710.0,1251.0,-1.5707963267948966,35.0,5.0
