CoordX,CoordY,Orient,HalfLen,HalfWid
900.5,365.0,-3.141592653589793,29.0,5.0
939.0,421.5,-1.5707963267948966,42.0,4.0
197.5,419.5,-1.5707963267948966,37.0,15.0
847.0,551.5,-3.141592653589793,46.0,9.0
