CoordX,CoordY,Orient,HalfLen,HalfWid
791.0,358.0,0.0,41.0,14.0
801.0,900.5,-1.5707963267948966,34.0,6.0
972.0,896.5,-1.5707963267948966,28.0,6.0
801.0,1046.0,-1.5707963267948966,30.0,6.0
632.0,1096.0,-1.5707963267948966,38.0,6.0
1050.5,1099.0,-3.141592653589793,30.0,6.0
801.0,1146.5,-1.5707963267948966,37.0,6.0
744.5,1350.0,-3.141592653589793,43.0,6.0
745.5,1455.5,-3.141592653589793,43.0,13.0
1034.0,1581.5,-1.5707963267948966,40.0,7.0
