CoordX,CoordY,Orient,HalfLen,HalfWid
650.5,446.5,-3.141592653589793,42.0,15.0
528.5,765.5,-1.5707963267948966,40.0,5.0
528.5,932.5,-1.5707963267948966,41.0,5.0
301.0,983.5,0.0,32.0,5.0
528.5,1084.0,-1.5707963267948966,42.0,5.0
528.5,1186.5,-1.5707963267948966,41.0,5.0
679.5,1213.5,-1.5707963267948966,40.0,5.0
623.5,1270.5,-3.141592653589793,41.0,5.0
621.5,1444.0,0.0,41.0,16.0
