CoordX,CoordY,Orient,HalfLen,HalfWid
1193.5,620.0,-1.5707963267948966,37.0,8.0
1105.0,686.5,0.0,43.0,8.0
1283.0,686.5,-3.141592653589793,44.0,8.0
388.0,693.5,0.0,51.0,11.0
