CoordX,CoordY,Orient,HalfLen,HalfWid
1036.5,665.5,-1.5707963267948966,42.0,6.0
1232.0,670.5,-1.5707963267948966,37.0,6.0
1091.5,726.5,-3.141592653589793,42.0,5.0
1287.0,732.5,-3.141592653589793,40.0,4.0
1118.5,881.5,-3.141592653589793,50.0,13.0
1306.0,985.0,-1.5707963267948966,46.0,6.0
