CoordX,CoordY,Orient,HalfLen,HalfWid
348.0,241.5,-1.5707963267948966,40.0,13.0
356.0,405.5,-1.5707963267948966,41.0,5.0
573.0,508.5,-1.5707963267948966,39.0,7.0
798.0,536.0,-1.5707963267948966,40.0,4.0
880.5,714.5,-3.141592653589793,45.0,10.0
