CoordX,CoordY,Orient,HalfLen,HalfWid
673.0,506.0,-3.141592653589793,39.0,17.0
606.0,958.0,-1.5707963267948966,40.0,7.0
850.0,988.0,-3.141592653589793,38.0,6.0
606.0,1136.5,-1.5707963267948966,37.0,7.0
565.0,1225.0,0.0,28.0,6.0
657.0,1254.0,0.0,36.0,6.0
660.0,1412.5,0.0,40.0,16.0
571.5,1673.5,-1.5707963267948966,39.0,6.0
