CoordX,CoordY,Orient,HalfLen,HalfWid
175.0,291.5,-1.5707963267948966,39.0,8.0
779.0,257.5,0.0,28.0,3.0
732.5,306.5,-1.5707963267948966,40.0,2.0
937.0,307.0,-1.5707963267948966,39.0,4.0
261.0,360.5,0.0,72.0,6.0
834.5,360.5,-3.141592653589793,92.0,6.0
678.0,717.0,-1.5707963267948966,29.0,7.0
938.5,903.0,-1.5707963267948966,38.0,3.0
893.0,950.5,0.0,39.0,4.0
790.5,988.0,-3.141592653589793,38.0,6.0
791.0,1028.0,0.0,38.0,7.0
