CoordX,CoordY,Orient,HalfLen,HalfWid
573.5,497.0,-3.141592653589793,57.0,21.0
850.0,1030.5,0.0,65.0,8.0
1169.0,1030.5,0.0,47.0,8.0
676.5,1093.0,-1.5707963267948966,53.0,8.0
1230.5,1101.5,-1.5707963267948966,58.0,8.0
780.5,1269.0,0.0,56.0,12.0
