CoordX,CoordY,Orient,HalfLen,HalfWid
281.0,328.0,-1.5707963267948966,40.0,6.0
778.5,336.0,0.0,40.0,6.0
1095.0,389.5,-1.5707963267948966,40.0,23.0
140.0,380.0,-3.141592653589793,41.0,6.0
408.0,550.0,-1.5707963267948966,40.0,6.0
585.9274193548387,552.7880184331797,1.682487895897746,34.56836168466435,10.829365691278484
341.0,681.0,-3.141592653589793,48.0,11.0
