CoordX,CoordY,Orient,HalfLen,HalfWid
384.5,293.5,0.0,42.0,14.0
290.5,1047.0,-1.5707963267948966,35.0,4.0
186.5,1091.0,0.0,46.0,4.0
369.5,1095.5,-3.141592653589793,31.0,8.0
185.5,1273.5,-3.141592653589793,47.0,15.0
220.0,1537.5,-1.5707963267948966,40.0,7.0
