CoordX,CoordY,Orient,HalfLen,HalfWid
249.5,471.5,-3.141592653589793,28.0,4.0
169.5,530.0,-1.5707963267948966,28.0,4.0
338.5,534.5,-1.5707963267948966,26.0,4.0
121.0,681.5,-1.5707963267948966,20.0,4.0
338.5,722.5,-1.5707963267948966,30.0,4.0
121.0,736.0,-1.5707963267948966,21.0,4.0
186.3464566929134,844.8110236220473,0.9106664516817845,33.675169040331696,5.144762427416168
151.0,875.0,-2.2111029174716705,38.36402552315166,11.680465016518179
