CoordX,CoordY,Orient,HalfLen,HalfWid
455.5,242.5,0.0,48.0,7.0
416.0,524.0,-3.141592653589793,37.0,15.0
808.5,686.5,0.0,24.0,6.0
915.5,917.5,0.0,38.0,9.0
370.5,923.0,-3.141592653589793,55.0,8.0
859.5,1013.0,-1.5707963267948966,55.0,6.0
1055.0,1077.0,-1.5707963267948966,30.0,7.0
982.0,1129.5,-1.5707963267948966,49.0,7.0
922.5,1188.5,-3.141592653589793,39.0,8.0
390.0,1342.0,0.0,37.0,8.0
491.5,1342.0,-3.141592653589793,32.0,8.0
390.0,1521.5,0.0,37.0,14.0
