CoordX,CoordY,Orient,HalfLen,HalfWid
804.5,437.0,-3.141592653589793,39.0,15.0
313.0,654.5,-3.141592653589793,31.0,8.0
363.5,842.0,-1.5707963267948966,36.0,4.0
714.0,941.0,-1.5707963267948966,41.0,5.0
564.5,1004.5,-1.5707963267948966,40.0,4.0
655.0,1088.5,0.0,47.0,4.0
647.0,1199.0,0.0,44.0,12.0
977.5,1273.0,-1.5707963267948966,38.0,8.0
