CoordX,CoordY,Orient,HalfLen,HalfWid
300.0,244.0,-3.141592653589793,46.0,15.0
369.5,570.5,-1.5707963267948966,40.0,5.0
543.5,621.5,0.0,113.0,4.0
539.0,872.5,-3.141592653589793,40.0,5.0
423.5,1024.0,-1.5707963267948966,40.0,5.0
359.0,1155.5,-3.141592653589793,46.0,14.0
