CoordX,CoordY,Orient,HalfLen,HalfWid
483.0,523.5,-1.5707963267948966,44.0,6.0
431.0,742.5,0.0,32.0,5.0
539.0,742.5,-3.141592653589793,38.0,5.0
595.0,1027.0,-1.5707963267948966,31.0,6.0
527.0,1079.0,0.0,47.0,4.0
412.5,1177.0,-3.141592653589793,41.0,8.0
