CoordX,CoordY,Orient,HalfLen,HalfWid
761.5,332.5,0.0,38.0,14.0
986.5,332.5,0.0,37.0,14.0
886.0,549.0,-1.5707963267948966,31.0,7.0
886.0,686.5,-1.5707963267948966,24.0,7.0
1020.0,760.5,-1.5707963267948966,27.0,6.0
1434.0,781.0,0.0,38.0,8.0
887.5,960.0,-1.5707963267948966,40.0,6.0
611.0422322775264,1061.4917043740572,0.0012282383461750329,27.007349062539355,5.968061285320871
943.5,1123.0,0.0,44.0,5.0
945.5,1257.0,0.0,43.0,16.0
