CoordX,CoordY,Orient,HalfLen,HalfWid
968.0,390.5,-1.5707963267948966,33.0,5.0
968.0,516.0,-1.5707963267948966,28.0,5.0
968.0,604.0,-1.5707963267948966,28.0,5.0
898.5,653.5,-3.141592653589793,40.0,10.0
413.0,979.0,-3.141592653589793,29.0,5.0
