CoordX,CoordY,Orient,HalfLen,HalfWid
1088.5,483.5,0.0,37.0,14.0
1172.0,599.5,-1.5707963267948966,30.0,7.0
1307.0,674.0,-3.141592653589793,31.0,6.0
784.5,733.5,0.0,31.0,4.0
258.5,802.0,-1.5707963267948966,31.0,5.0
353.0,853.5,-3.141592653589793,46.0,5.0
726.5,853.5,-3.141592653589793,34.0,5.0
816.0,853.5,-3.141592653589793,34.0,5.0
1110.0,853.5,0.0,33.0,5.0
187.0,889.5,-1.5707963267948966,28.0,5.0
348.0,991.5,-3.141592653589793,45.0,14.0
