CoordX,CoordY,Orient,HalfLen,HalfWid
835.5,242.0,0.0,31.0,6.0
709.0,316.0,-1.5707963267948966,66.0,6.0
889.0,290.5,-1.5707963267948966,38.0,6.0
889.0,392.5,-1.5707963267948966,37.0,6.0
494.0,391.0,0.0,43.0,7.0
709.0,441.0,-1.5707963267948966,35.0,6.0
760.5,674.5,-3.141592653589793,35.0,11.0
