CoordX,CoordY,Orient,HalfLen,HalfWid
860.5,167.0,-1.5707963267948966,45.0,5.0
450.0,234.0,-3.141592653589793,30.0,12.0
530.5,299.0,-1.5707963267948966,30.0,5.0
530.5,551.5,-1.5707963267948966,29.0,5.0
860.5,553.5,-1.5707963267948966,31.0,5.0
473.5,609.5,-3.141592653589793,29.0,5.0
765.5,733.0,-1.5707963267948966,30.0,5.0
716.5,811.5,0.0,29.0,11.0
