CoordX,CoordY,Orient,HalfLen,HalfWid
408.5,423.5,-3.141592653589793,43.0,5.0
776.0,423.5,-3.141592653589793,48.0,5.0
354.0,1658.0,0.0,43.0,9.0
