CoordX,CoordY,Orient,HalfLen,HalfWid
919.0,231.5,0.0,41.0,10.0
760.5,601.0,0.0,38.0,4.0
713.0,639.0,-1.5707963267948966,29.0,4.0
910.5,817.0,-3.141592653589793,44.0,8.0
