CoordX,CoordY,Orient,HalfLen,HalfWid
869.0,349.0,0.0,28.0,6.0
968.0,349.0,0.0,32.0,6.0
194.99384930804715,418.5202460276781,1.5713295347359284,39.00585974301474,12.020260194934885
1070.0,417.5,-1.5707963267948966,32.0,7.0
959.5,540.0,-1.5707963267948966,36.0,7.0
914.0,853.5,-1.5707963267948966,33.0,6.0
846.5,1090.0,-3.141592653589793,38.0,11.0
