CoordX,CoordY,Orient,HalfLen,HalfWid
1015.5,479.5,-1.5707963267948966,25.0,4.0
1015.5,562.5,-1.5707963267948966,32.0,4.0
1084.0,607.5,-3.141592653589793,31.0,4.0
337.5,709.0,-1.5707963267948966,76.0,14.0
975.0,730.0,-3.141592653589793,33.0,5.0
1144.0,862.5,0.0,37.0,10.0
