CoordX,CoordY,Orient,HalfLen,HalfWid
99.0,295.0,-1.5707963267948966,37.0,11.0
177.5,360.0,0.0,66.0,9.0
448.0,360.0,0.0,41.0,9.0
383.5,416.0,-1.5707963267948966,36.0,5.0
522.0,513.0,-3.141592653589793,33.0,5.0
618.5,513.0,-3.141592653589793,39.0,5.0
