CoordX,CoordY,Orient,HalfLen,HalfWid
483.0,202.5,-3.139948282795093,32.01804480731492,10.947365286532367
616.0,746.0,-1.5707963267948966,33.0,6.0
435.0,749.0,-1.5707963267948966,33.0,6.0
435.0,918.5,-1.5707963267948966,33.0,6.0
360.0,1025.0,0.0,32.0,6.0
365.5,1193.0,0.0,33.0,11.0
454.0,1452.5,-1.5707963267948966,33.0,7.0
