CoordX,CoordY,Orient,HalfLen,HalfWid
524.0,400.0,-3.141592653589793,47.0,25.0
1551.5,400.0,0.0,46.0,25.0
1066.0,740.0,0.0,44.0,6.0
1329.5,740.0,-3.141592653589793,44.0,6.0
1446.5,805.0,-1.5707963267948966,46.0,5.0
1124.5,890.0,-3.141592653589793,46.0,5.0
1602.5,890.0,0.0,33.0,5.0
1294.0,987.0,-1.5707963267948966,41.0,10.0
319.0,990.5,-1.5707963267948966,40.0,6.0
547.5,1118.5,0.0,47.0,10.0
