CoordX,CoordY,Orient,HalfLen,HalfWid
985.5,361.0,-1.5707963267948966,38.0,7.0
359.0,351.5,0.0,37.0,7.0
493.5,423.5,0.0,65.0,7.0
573.5,477.5,-1.5707963267948966,37.0,7.0
314.5,474.0,-1.5707963267948966,27.0,7.0
314.5,633.0,-1.5707963267948966,27.0,7.0
369.5,711.5,-3.141592653589793,42.0,7.0
