CoordX,CoordY,Orient,HalfLen,HalfWid
1185.5,391.5,-1.5707963267948966,40.0,14.0
457.5,475.0,-3.141592653589793,38.0,10.0
409.5,528.5,-1.5707963267948966,38.0,5.0
468.5,579.0,0.0,28.0,8.0
562.0,774.0,-1.5707963267948966,30.0,7.0
614.0,853.5,0.0,41.0,10.0
