CoordX,CoordY,Orient,HalfLen,HalfWid
364.0,551.0,-3.141592653589793,26.0,5.0
511.5,551.0,0.0,27.0,5.0
243.5,754.0,0.0,26.0,5.0
304.0,829.5,-1.5707963267948966,28.0,5.0
217.0,1057.5,-3.141592653589793,29.0,11.0
