CoordX,CoordY,Orient,HalfLen,HalfWid
355.0,102.0,-1.5707963267948966,41.0,5.0
693.5,427.5,-3.141592653589793,47.0,22.0
577.5,673.5,-1.5707963267948966,93.0,5.0
358.0,1022.5,-3.141592653589793,40.0,5.0
552.5,1136.5,-1.5707963267948966,39.0,5.0
642.5,1263.5,0.0,45.0,11.0
