CoordX,CoordY,Orient,HalfLen,HalfWid
1431.0,576.5,0.0,45.0,16.0
496.0,580.0,0.0,45.0,17.0
1535.5,795.0,0.0,29.0,10.0
1332.5,902.5,0.0,40.0,4.0
1485.0,950.5,-1.5707963267948966,39.0,4.0
399.5,1090.5,-1.5707963267948966,40.0,4.0
1330.5,1160.0,-3.141592653589793,40.0,4.0
1430.5,1160.0,-3.141592653589793,40.0,4.0
292.5,1341.0,-3.141592653589793,45.0,5.0
286.5,1497.5,0.0,49.0,16.0
596.0,1821.0,-1.5707963267948966,42.0,7.0
