CoordX,CoordY,Orient,HalfLen,HalfWid
435.0,409.0,-1.5707963267948966,38.0,12.0
1099.5,415.5,-1.5707963267948966,38.0,5.0
1099.5,688.0,-1.5707963267948966,39.0,5.0
1099.5,805.0,-1.5707963267948966,38.0,5.0
937.0,896.0,-1.5707963267948966,37.0,5.0
994.5,1016.5,0.0,37.0,10.0
