CoordX,CoordY,Orient,HalfLen,HalfWid
506.0,322.5,-3.141592653589793,43.0,13.0
584.5,765.0,-1.5707963267948966,37.0,6.0
451.0,787.5,-1.5707963267948966,30.0,6.0
184.0,827.0,0.0,33.0,6.0
451.0,877.0,-1.5707963267948966,41.0,6.0
698.0,1036.0,0.0,28.0,6.0
584.0,1084.5,-1.5707963267948966,36.0,6.0
516.5,1128.0,-3.141592653589793,44.0,6.0
516.5,1201.0,-3.141592653589793,44.0,9.0
585.5,1360.5,-1.5707963267948966,42.0,7.0
