CoordX,CoordY,Orient,HalfLen,HalfWid
420.5,224.5,-1.5707963267948966,40.0,5.0
420.5,584.5,-1.5707963267948966,39.0,5.0
420.5,944.5,-1.5707963267948966,40.0,5.0
482.5,1073.0,-3.141592653589793,41.0,11.0
377.0,1228.0,-1.5707963267948966,42.0,11.0
