CoordX,CoordY,Orient,HalfLen,HalfWid
628.5,333.0,-3.141592653589793,41.0,17.0
517.5,670.5,-1.5707963267948966,42.0,5.0
386.5,727.5,-3.141592653589793,32.0,5.0
517.5,923.0,-1.5707963267948966,42.0,5.0
695.5,1013.0,-1.5707963267948966,43.0,5.0
877.1802679658953,1075.6479902557855,-0.8479696831246211,36.52073259580235,5.78362491293501
634.0,1234.5,0.0,47.0,15.0
827.5,1442.0,-1.5707963267948966,43.0,7.0
