CoordX,CoordY,Orient,HalfLen,HalfWid
251.96781437125748,335.44236526946105,-0.001383043526506008,113.00680714171429,5.152129957392129
525.5,534.0,0.0,35.0,6.0
352.0,660.5,-3.141592653589793,40.0,5.0
525.0,660.5,0.0,36.0,5.0
