CoordX,CoordY,Orient,HalfLen,HalfWid
438.5,223.0,-3.141592653589793,39.0,15.0
368.5,566.0,-1.5707963267948966,40.0,5.0
232.5,823.0,-0.7844140970266308,34.653086380941325,4.983841226361557
368.5,840.5,-1.5707963267948966,39.0,5.0
434.0,890.5,0.0,45.0,5.0
433.5,1037.0,-3.141592653589793,45.0,15.0
