CoordX,CoordY,Orient,HalfLen,HalfWid
733.0,270.5,-3.141592653589793,29.0,3.0
834.0,317.5,-1.5707963267948966,39.0,4.0
834.0,426.0,-1.5707963267948966,40.0,4.0
90.0,425.5,-1.5707963267948966,38.0,9.0
721.0,670.0,-3.141592653589793,44.0,8.0
