CoordX,CoordY,Orient,HalfLen,HalfWid
395.0,350.0,0.0,39.0,8.0
513.5,817.5,-1.5707963267948966,33.0,6.0
340.5,825.5,-1.5707963267948966,38.0,6.0
550.4710830704522,946.9915878023133,-0.0009780699516128103,27.007811643985203,8.025425988204468
399.5,985.0,-3.141592653589793,45.0,5.0
397.0,1097.0,-3.141592653589793,44.0,7.0
454.0,1294.0,-1.5707963267948966,37.0,5.0
