CoordX,CoordY,Orient,HalfLen,HalfWid
779.5,303.5,-1.5707963267948966,40.0,12.0
724.5,447.0,-3.141592653589793,39.0,5.0
413.0,591.0,-1.5707963267948966,42.0,6.0
195.5,741.5,-3.141592653589793,45.0,8.0
