CoordX,CoordY,Orient,HalfLen,HalfWid
499.0,349.0,0.0,33.0,6.0
694.9251396648044,349.01340782122907,0.001181260966384431,34.005882582044094,6.037796156001418
456.5,441.5,-1.5707963267948966,41.0,5.0
784.5,445.0,-1.5707963267948966,37.0,6.0
456.5,551.0,-1.5707963267948966,40.0,5.0
1157.5,767.0,-1.5707963267948966,44.0,8.0
180.5,865.5,-3.141592653589793,33.0,5.0
456.5,905.5,-1.5707963267948966,31.0,5.0
508.0,990.5,0.0,41.0,8.0
