CoordX,CoordY,Orient,HalfLen,HalfWid
343.5,245.5,-3.141592653589793,37.0,9.0
426.0,580.0,-1.5707963267948966,33.0,4.0
529.5,625.5,0.0,28.0,8.0
375.0,783.0,0.0,38.0,8.0
