CoordX,CoordY,Orient,HalfLen,HalfWid
365.5,443.0,-3.141592653589793,42.0,16.0
454.0,541.5,-1.5707963267948966,38.0,10.0
821.0,546.5,-1.5707963267948966,33.0,6.0
1036.5,679.5,-1.5707963267948966,30.0,7.0
454.0,707.5,-1.5707963267948966,40.0,10.0
821.0,706.0,-1.5707963267948966,36.0,6.0
771.5,823.5,-3.141592653589793,40.0,10.0
