CoordX,CoordY,Orient,HalfLen,HalfWid
395.0,398.0,-3.141592653589793,40.0,15.0
570.5,862.5,0.0,28.0,9.0
465.0,912.0,-1.5707963267948966,34.0,4.0
406.5,956.0,-3.141592653589793,42.0,4.0
408.5,1040.0,-3.141592653589793,42.0,16.0
535.5,1251.0,-1.5707963267948966,35.0,6.0
