CoordX,CoordY,Orient,HalfLen,HalfWid
373.5,566.5,-1.5707963267948966,40.0,10.0
436.0,670.0,-3.141592653589793,39.0,11.0
705.0,719.0,-1.5707963267948966,39.0,8.0
1003.5,745.0,-1.5707963267948966,40.0,5.0
1062.0,969.0,-3.141592653589793,46.0,11.0
