CoordX,CoordY,Orient,HalfLen,HalfWid
709.0,338.5,0.0,44.0,6.0
1288.0,410.5,0.0,44.0,6.0
642.5,523.5,-1.5707963267948966,44.0,11.0
743.0,765.0,0.0,50.0,10.0
1058.0,927.5,-3.141592653589793,51.0,13.0
