CoordX,CoordY,Orient,HalfLen,HalfWid
268.5,420.0,-3.141592653589793,41.0,5.0
366.0,460.5,-1.5707963267948966,31.0,5.0
210.50710900473933,503.4691943127962,1.5701182235824969,32.00473936493984,7.021697691749994
271.5,578.5,0.0,45.0,6.0
