CoordX,CoordY,Orient,HalfLen,HalfWid
201.5,264.0,0.0,39.0,19.0
1446.5,298.5,-1.5707963267948966,30.0,5.0
307.5,519.0,-1.5707963267948966,43.0,5.0
1279.0,560.0,0.0,32.0,5.0
261.0,570.0,0.0,36.0,5.0
1446.5,605.0,-1.5707963267948966,37.0,5.0
307.5,658.0,-1.5707963267948966,27.0,5.0
1446.5,706.0,-1.5707963267948966,37.0,5.0
692.0,742.5,-1.5707963267948966,40.0,10.0
254.5,807.0,0.0,29.0,13.0
1387.0,903.5,-3.141592653589793,47.0,5.0
1387.5,1051.5,0.0,46.0,18.0
