CoordX,CoordY,Orient,HalfLen,HalfWid
1399.5,191.5,-1.5707963267948966,48.0,5.0
896.5,1284.0,-3.141592653589793,47.0,7.0
1272.5,1284.0,-3.141592653589793,211.0,7.0
