CoordX,CoordY,Orient,HalfLen,HalfWid
933.0,172.0,0.0,42.0,15.0
874.0,311.0,-1.5707963267948966,35.0,7.0
710.0,358.0,0.0,37.0,6.0
940.5,514.5,-3.141592653589793,42.0,6.0
465.5,689.0,-1.5707963267948966,39.0,6.0
519.0,756.5,-3.141592653589793,43.0,6.0
628.0,756.5,0.0,35.0,6.0
522.0,911.5,0.0,42.0,13.0
