CoordX,CoordY,Orient,HalfLen,HalfWid
165.53288846520496,275.0066730219256,3.14100006188054,34.00414217191829,7.019554296183593
260.0,414.5,-3.141592653589793,39.0,11.0
434.5,414.5,-3.141592653589793,38.0,11.0
