CoordX,CoordY,Orient,HalfLen,HalfWid
553.5,310.0,-1.5707963267948966,43.0,7.0
1245.0,385.0,-1.5707963267948966,42.0,11.0
279.5,454.5,-3.141592653589793,34.0,5.0
553.5,591.5,-1.5707963267948966,40.0,7.0
553.5,758.0,-1.5707963267948966,43.0,7.0
726.0,808.0,-1.5707963267948966,32.0,4.0
887.5,902.5,-1.5707963267948966,40.0,5.0
667.5,1033.5,0.0,46.0,9.0
