CoordX,CoordY,Orient,HalfLen,HalfWid
457.0,253.0,0.0,48.0,19.0
362.0,645.5,-1.5707963267948966,41.0,5.0
287.0,858.5,-1.5707963267948966,41.0,5.0
646.5,1057.0,0.0,46.0,11.0
