CoordX,CoordY,Orient,HalfLen,HalfWid
212.0,155.5,0.0,38.0,13.0
655.507514450867,214.45895953757224,1.5714293541809534,35.00379115139866,5.9778428407967725
337.5,494.5,-1.5707963267948966,38.0,5.0
518.5,622.5,-3.141592653589793,37.0,13.0
