CoordX,CoordY,Orient,HalfLen,HalfWid
917.0,291.0,-1.5707963267948966,29.0,8.0
315.0,396.0,-1.5707963267948966,38.0,13.0
969.5,380.0,-3.141592653589793,33.0,4.0
760.5,433.5,-1.5707963267948966,40.0,4.0
1028.0,436.5,-1.5707963267948966,36.0,4.0
760.5,543.0,-1.5707963267948966,40.0,4.0
1028.0,595.5,-1.5707963267948966,37.0,4.0
706.0,698.5,-1.5707963267948966,30.0,5.0
1028.0,785.0,-1.5707963267948966,37.0,4.0
958.0,888.5,-3.141592653589793,40.0,6.0
