CoordX,CoordY,Orient,HalfLen,HalfWid
587.0,347.0,-1.5707963267948966,45.0,5.0
242.5,373.5,-1.5707963267948966,43.0,10.0
651.5,432.5,-3.141592653589793,43.0,5.0
185.5,656.5,-3.141592653589793,43.0,6.0
1005.0,735.5,-1.5707963267948966,43.0,17.0
186.0,852.0,0.0,49.0,11.0
