CoordX,CoordY,Orient,HalfLen,HalfWid
397.5,197.0,0.0,42.0,12.0
434.5,738.5,-1.5707963267948966,34.0,4.0
434.5,866.0,-1.5707963267948966,40.0,4.0
266.5,879.0,-1.5707963267948966,41.0,4.0
210.0,1075.5,-3.141592653589793,41.0,6.0
377.5,1108.5,-3.141592653589793,45.0,5.0
377.0,1232.0,0.0,45.0,12.0
