CoordX,CoordY,Orient,HalfLen,HalfWid
131.0,562.5,-1.5707963267948966,44.0,15.0
321.5,564.0,-1.5707963267948966,44.0,4.0
475.0,633.5,-3.141592653589793,127.0,15.0
759.5,633.5,0.0,123.0,15.0
