CoordX,CoordY,Orient,HalfLen,HalfWid
516.0,205.5,-3.141592653589793,34.0,13.0
511.5,541.0,-3.141592653589793,34.0,5.0
596.0,586.0,-1.5707963267948966,35.0,5.0
265.5,587.0,-1.5707963267948966,35.0,7.0
515.5,691.0,0.0,34.0,8.0
