CoordX,CoordY,Orient,HalfLen,HalfWid
602.5,286.5,-1.5707963267948966,39.0,9.0
598.0,608.0,1.5707963267948966,39.0,5.0
823.0,657.0,0.0,35.0,5.0
756.0,830.0,-1.5707963267948966,35.0,5.0
598.0,831.5,-1.5707963267948966,35.0,5.0
598.0,1078.0,1.5707963267948966,39.0,5.0
532.0,1162.5,0.0,46.0,6.0
530.5,1257.5,0.0,45.0,9.0
