CoordX,CoordY,Orient,HalfLen,HalfWid
793.5,564.5,0.0,41.0,16.0
843.5,737.5,-1.5707963267948966,49.0,4.0
843.5,1069.0,-1.5707963267948966,40.0,4.0
435.5,1083.0,-1.5707963267948966,43.0,4.0
533.0,1145.5,0.0,43.0,4.0
843.5,1301.0,-1.5707963267948966,43.0,4.0
719.0,1370.5,-3.141592653589793,41.0,4.0
894.5,1437.0,0.0,33.0,6.0
718.5,1518.5,-3.141592653589793,41.0,14.0
850.0,1765.5,-1.5707963267948966,43.0,12.0
