CoordX,CoordY,Orient,HalfLen,HalfWid
187.0,247.0,0.0,33.0,16.0
326.5,934.5,-1.5707963267948966,33.0,5.0
394.0,1000.0,-3.141592653589793,34.0,15.0
