CoordX,CoordY,Orient,HalfLen,HalfWid
730.0,231.0,-3.141592653589793,30.0,5.0
857.5,296.5,-1.5707963267948966,35.0,6.0
150.0,398.0,-1.5707963267948966,35.0,8.0
855.5,460.0,-1.5707963267948966,35.0,8.0
858.5,622.5,-1.5707963267948966,35.0,5.0
797.5,715.5,-3.141592653589793,44.0,5.0
