CoordX,CoordY,Orient,HalfLen,HalfWid
505.5,46.5,-3.141592653589793,42.0,23.0
338.5,541.5,-1.5707963267948966,42.0,5.0
502.0,662.0,-3.141592653589793,48.0,11.0
