CoordX,CoordY,Orient,HalfLen,HalfWid
304.5,162.0,0.0,32.0,5.0
501.5,208.5,-3.141592653589793,32.0,5.0
445.0,300.0,-1.5707963267948966,42.0,5.0
650.0,303.5,-1.5707963267948966,42.0,6.0
1531.5,335.0,-1.5707963267948966,47.0,19.0
327.5,354.5,0.0,42.0,4.0
502.0,406.5,-1.5707963267948966,41.0,5.0
1925.0,451.5,0.0,43.0,4.0
2079.5,451.5,0.0,54.0,4.0
328.5,525.0,-3.141592653589793,40.0,5.0
650.0,565.5,-1.5707963267948966,42.0,6.0
559.5,709.5,-3.141592653589793,47.0,20.0
