CoordX,CoordY,Orient,HalfLen,HalfWid
928.0,349.5,-1.5707963267948966,36.0,7.0
1141.0,397.5,-3.141592653589793,40.0,8.0
290.0,427.0,-1.5707963267948966,36.0,9.0
864.5,500.5,0.0,55.0,7.0
582.0,548.5,-1.5707963267948966,35.0,7.0
653.5,625.0,0.0,30.0,7.0
928.5,757.0,-1.5707963267948966,36.0,5.0
863.5,915.0,-3.141592653589793,45.0,8.0
