CoordX,CoordY,Orient,HalfLen,HalfWid
104.5,453.0,0.0,43.0,5.0
591.0,453.0,-3.141592653589793,42.0,5.0
739.5,453.0,-3.141592653589793,36.0,5.0
854.0,453.0,0.0,44.0,5.0
1438.5,534.0,-1.5707963267948966,49.0,19.0
378.5,602.5,-3.141592653589793,43.0,6.0
597.0054347826087,724.0265700483092,1.5712613778264477,43.00418080927525,9.980466776016609
107.5,881.5,0.0,49.0,10.0
