CoordX,CoordY,Orient,HalfLen,HalfWid
1318.5,448.0,-3.141592653589793,37.0,10.0
1732.5,500.5,-1.5707963267948966,34.0,5.0
1572.5,501.0,-1.5707963267948966,34.0,5.0
643.0,624.0,0.0,37.0,6.0
1774.0,689.5,0.0,31.0,6.0
595.0,727.0,-1.5707963267948966,34.0,6.0
1687.0,751.5,0.0,33.0,5.0
679.0,791.0,-3.141592653589793,30.0,6.0
814.5,791.0,-3.141592653589793,44.0,6.0
1009.0,790.5,0.0,53.0,5.0
1583.0,957.5,-1.5707963267948966,37.0,16.0
814.5,979.0,-3.141592653589793,42.0,9.0
