CoordX,CoordY,Orient,HalfLen,HalfWid
594.0,224.0,-3.141592653589793,24.0,2.0
594.5,307.5,-3.141592653589793,32.0,3.0
668.0,362.0,-1.5707963267948966,33.0,3.0
146.5,492.5,-3.141592653589793,37.0,9.0
668.0,549.0,-1.5707963267948966,33.0,3.0
603.5,767.0,0.0,36.0,9.0
