CoordX,CoordY,Orient,HalfLen,HalfWid
823.0,297.0,-1.5707963267948966,64.0,6.0
1386.5,334.0,-1.5707963267948966,41.0,15.0
823.0,480.5,-1.5707963267948966,39.0,6.0
948.5,669.5,-1.5707963267948966,40.0,5.0
823.0,734.0,-1.5707963267948966,40.0,6.0
1057.5,817.5,-1.5707963267948966,39.0,5.0
1337.0,818.5,-1.5693751303444081,33.00849384914872,5.953094473524768
998.5131164742917,955.1873032528856,3.0278948172751154,42.041646351015814,11.358572621964104
