CoordX,CoordY,Orient,HalfLen,HalfWid
381.0,229.5,-3.141592653589793,41.0,19.0
1162.0,326.5,-1.5707963267948966,31.0,4.0
494.0,588.0,-3.141592653589793,40.0,4.0
825.0,588.0,-3.141592653589793,39.0,4.0
1203.5,588.0,-3.141592653589793,29.0,4.0
951.0,638.5,-1.5707963267948966,34.0,4.0
664.0,750.5,-3.141592653589793,40.0,8.0
