CoordX,CoordY,Orient,HalfLen,HalfWid
573.0,208.0,0.0,40.0,7.0
678.0,620.0,0.0,38.0,5.0
731.0,665.0,-1.5707963267948966,34.0,5.0
257.0,672.5,-1.5707963267948966,34.0,5.0
509.0,798.0,0.0,38.0,10.0
