CoordX,CoordY,Orient,HalfLen,HalfWid
541.0,230.5,-3.141592653589793,44.0,5.0
426.0,302.5,-1.5707963267948966,44.0,6.0
361.5,366.5,-3.141592653589793,41.0,7.0
531.5,366.5,0.0,48.0,7.0
727.0,366.5,-3.141592653589793,46.0,7.0
838.0,539.5,-1.5707963267948966,44.0,9.0
426.0,640.0,-1.5707963267948966,43.0,6.0
947.0,618.5,-3.141592653589793,51.0,8.0
426.0,949.5,-1.5707963267948966,42.0,6.0
