CoordX,CoordY,Orient,HalfLen,HalfWid
756.0,514.5,0.0,38.0,16.0
1156.5,514.5,0.0,37.0,16.0
1302.0,695.5,0.0,28.0,5.0
477.0,824.0,-1.5707963267948966,38.0,6.0
1259.5,828.5,-1.5707963267948966,32.0,5.0
352.0,873.5,-3.141592653589793,34.0,5.0
1259.5,954.0,-1.5707963267948966,28.0,5.0
1088.5,1000.0,-3.141592653589793,37.0,11.0
