CoordX,CoordY,Orient,HalfLen,HalfWid
327.0,308.5,-3.141592653589793,48.0,15.0
181.5,915.0,-1.5707963267948966,45.0,4.0
181.5,1222.5,-1.5707963267948966,46.0,4.0
524.5,1216.5,-1.5707963267948966,34.0,8.0
115.0,1310.5,-3.141592653589793,46.0,10.0
