CoordX,CoordY,Orient,HalfLen,HalfWid
399.5,177.0,-1.5707963267948966,40.0,7.0
269.5,303.5,0.0,44.0,7.0
399.5064267352185,425.03084832904887,-1.5702476686372493,36.003835188447056,7.019201980964038
904.0,461.5,-3.141592653589793,41.0,7.0
1202.0,461.5,0.0,37.0,7.0
1008.5,536.5,-1.5707963267948966,40.0,7.0
348.0,547.5,0.0,38.0,7.0
