CoordX,CoordY,Orient,HalfLen,HalfWid
618.0,353.5,0.0,27.0,4.0
888.5,353.5,0.0,27.0,4.0
1050.0,353.5,0.0,26.0,4.0
214.5,400.5,-1.5707963267948966,26.0,11.0
926.5,410.0,-1.5707963267948966,27.0,4.0
890.0,449.5,0.0,26.0,4.0
774.0,630.0,0.0,27.0,11.0
