CoordX,CoordY,Orient,HalfLen,HalfWid
547.5,417.5,-1.5707963267948966,35.0,10.0
551.0,735.0,-1.5707963267948966,40.0,7.0
702.0,966.0,-1.5707963267948966,40.0,7.0
381.0,1026.5,0.0,24.0,5.0
475.5,1026.5,-3.141592653589793,32.0,5.0
702.0,1080.5,-1.5707963267948966,37.0,7.0
490.0,1180.0,-3.141592653589793,40.0,8.0
622.5,1179.0,0.0,30.0,7.0
