CoordX,CoordY,Orient,HalfLen,HalfWid
809.5,763.5,0.0,46.0,20.0
1132.5,1091.5,-1.5707963267948966,40.0,7.0
1132.5,1266.5,-1.5707963267948966,41.0,7.0
712.5,1362.0,-1.5707963267948966,35.0,7.0
270.0,1373.0,-1.5707963267948966,41.0,18.0
1284.5,1442.5,-1.5707963267948966,41.0,4.0
913.5,1451.0,-1.5707963267948966,41.0,7.0
270.5,1555.5,-1.5707963267948966,115.0,18.0
481.0,1457.5,0.0,32.0,7.0
712.5,1508.0,-1.5707963267948966,39.0,7.0
772.0,1748.0,0.0,46.0,20.0
1335.0,1748.0,0.0,41.0,20.0
