CoordX,CoordY,Orient,HalfLen,HalfWid
772.5,493.0,0.0,41.0,13.0
778.0,889.0,0.0,41.0,13.0
890.0,936.5,-1.5707963267948966,31.0,13.0
707.0,969.0,-1.5707963267948966,31.0,13.0
502.5,1017.0,-3.141592653589793,27.0,13.0
890.0,1100.5,-1.5707963267948966,34.0,13.0
707.0,1120.5,-1.5707963267948966,36.0,13.0
941.0,1237.0,0.0,31.0,13.0
773.5,1334.0,0.0,41.0,10.0
770.5,1414.0,0.0,41.0,13.0
862.0,1771.5,-1.5707963267948966,41.0,13.0
