CoordX,CoordY,Orient,HalfLen,HalfWid
477.0,313.5,-1.5707963267948966,42.0,19.0
1015.5,809.5,-3.141592653589793,43.0,13.0
