CoordX,CoordY,Orient,HalfLen,HalfWid
571.5,387.5,0.0,33.0,4.0
687.0,477.5,-1.5707963267948966,32.0,5.0
1266.5,485.0,-1.5707963267948966,34.0,10.0
515.5,653.5,-1.5707963267948966,35.0,4.0
474.5,752.5,-1.5707963267948966,32.0,4.0
592.5,954.5,0.0,32.0,8.0
