CoordX,CoordY,Orient,HalfLen,HalfWid
552.5,220.0,-3.141592653589793,41.0,8.0
221.5,421.5,0.0,32.0,7.0
383.5,696.0,-3.141592653589793,47.0,7.0
266.0,747.0,-1.5707963267948966,36.0,8.0
603.0,822.5,-1.5707963267948966,41.0,8.0
392.5,887.0,-2.2844209779307865,40.30735786597798,8.454184280570894
544.0,1077.5,-3.141592653589793,41.0,6.0
541.0,1198.0,-3.141592653589793,41.0,8.0
251.0,1285.0,-1.5707963267948966,42.0,8.0
