CoordX,CoordY,Orient,HalfLen,HalfWid
563.5,147.5,-3.141592653589793,44.0,16.0
425.5,529.5,-1.5707963267948966,43.0,5.0
152.5,588.0,-3.141592653589793,45.0,5.0
425.5,639.0,-1.5707963267948966,44.0,5.0
425.5,838.5,-1.5707963267948966,45.0,5.0
830.0,900.5,-1.5707963267948966,46.0,6.0
642.0,960.5,-1.5707963267948966,46.0,6.0
882.0,978.5,0.0,38.0,9.0
486.0,1019.5,0.0,50.0,6.0
487.0,1165.5,0.0,50.0,16.0
561.5,1264.5,-1.5707963267948966,28.0,7.0
