CoordX,CoordY,Orient,HalfLen,HalfWid
440.0,222.0,-3.141592653589793,32.0,14.0
666.0,349.5,-1.5707963267948966,35.0,6.0
161.0,680.5,0.0,26.0,6.0
296.0,680.5,-3.141592653589793,30.0,6.0
346.5,746.5,-1.5707963267948966,52.0,6.0
400.0,810.0,0.0,23.0,6.0
571.5,810.0,0.0,28.0,6.0
743.0,810.0,-3.141592653589793,29.0,6.0
288.5,854.0,0.0,29.0,13.0
526.0,881.0,-1.5707963267948966,29.0,6.0
