CoordX,CoordY,Orient,HalfLen,HalfWid
474.0,299.5,-3.141592653589793,47.0,18.0
623.5,462.0,0.0,33.0,6.0
578.0,668.0,-1.5707963267948966,44.0,6.0
640.0,917.0,0.0,48.0,10.0
507.0,996.5,0.0,43.0,7.0
