CoordX,CoordY,Orient,HalfLen,HalfWid
578.5,126.0,-3.141592653589793,36.0,13.0
652.5,269.5,-1.5707963267948966,72.0,5.0
652.5,635.5,-1.5707963267948966,34.0,5.0
827.0,706.0,0.0,33.0,9.0
652.5,840.0,-1.5707963267948966,33.0,5.0
490.0,886.0,-3.141592653589793,39.0,7.0
604.5,886.0,0.0,38.0,7.0
488.5,1062.5,-3.141592653589793,37.0,9.0
547.0,1256.5,-1.5707963267948966,35.0,9.0
949.5,1258.5,-1.5707963267948966,35.0,15.0
