CoordX,CoordY,Orient,HalfLen,HalfWid
846.0,288.0,0.0,34.0,5.0
959.0,334.5,-1.5707963267948966,35.0,4.0
209.5,344.5,-1.5707963267948966,38.0,9.0
799.5,379.5,-1.5707963267948966,41.0,4.0
959.0,609.0,-1.5707963267948966,33.0,4.0
959.0,768.0,-1.5707963267948966,33.0,4.0
912.0,1049.5,-3.141592653589793,36.0,8.0
