CoordX,CoordY,Orient,HalfLen,HalfWid
572.0,307.0,-1.5707963267948966,35.0,5.0
248.5,375.0,-3.141592653589793,34.0,5.0
548.0,497.0,-1.5707963267948966,35.0,5.0
548.0,611.0,-1.5707963267948966,34.0,5.0
627.5,666.5,-3.141592653589793,33.0,11.0
