CoordX,CoordY,Orient,HalfLen,HalfWid
147.0,174.0,0.0,39.0,3.0
147.0,185.0,0.0,39.0,3.0
147.0,472.0,-3.141592653589793,39.0,5.0
186.0,1098.5,-1.5707963267948966,34.0,6.0
132.0,1170.0,0.0,42.0,4.0
133.0,1182.5,-3.141592653589793,41.0,4.0
