CoordX,CoordY,Orient,HalfLen,HalfWid
582.0,250.0,0.0,42.0,15.0
361.5,398.0,-1.5707963267948966,51.0,4.0
398.0,665.0,-1.5707963267948966,41.0,6.0
235.0,667.5,-1.5707963267948966,30.0,4.0
453.5,794.5,0.0,46.0,8.0
