CoordX,CoordY,Orient,HalfLen,HalfWid
895.0,327.5,-1.5707963267948966,40.0,5.0
199.5,370.0,-3.141592653589793,41.0,6.0
481.5,473.0,-3.141592653589793,40.0,5.0
147.5,660.0,0.0,46.0,10.0
