CoordX,CoordY,Orient,HalfLen,HalfWid
669.0,239.0,0.0,42.0,13.0
391.0,452.0,-1.5707963267948966,42.0,5.0
161.0,583.5,-3.141592653589793,33.0,2.0
505.5,772.0,-3.141592653589793,40.0,5.0
675.0,772.0,-3.141592653589793,50.0,5.0
391.0,821.5,-1.5707963267948966,42.0,5.0
732.0,886.5,-1.5707963267948966,34.0,5.0
917.0,887.0,-1.5707963267948966,33.0,5.0
519.5,932.0,-3.141592653589793,45.0,5.0
519.0,1001.0,-3.141592653589793,47.0,16.0
