CoordX,CoordY,Orient,HalfLen,HalfWid
619.0,433.5,0.0,40.0,15.0
416.5,974.5,0.0,38.0,4.0
561.5,1026.5,-1.5707963267948966,39.0,4.0
688.5,1099.5,-1.5707963267948966,39.0,4.0
793.0,1154.5,0.0,39.0,4.0
623.0,1330.0,0.0,43.0,15.0
679.5,1474.5,-1.5707963267948966,38.0,4.0
