CoordX,CoordY,Orient,HalfLen,HalfWid
174.0,245.0,0.0,32.0,6.0
217.5,429.5,-1.5707963267948966,42.0,5.0
440.5,529.0,-1.5707963267948966,42.0,6.0
373.0,580.0,-3.141592653589793,49.0,6.0
371.5,792.5,-3.141592653589793,48.0,20.0
615.5,792.5,0.0,42.0,20.0
550.5,944.5,-1.5707963267948966,38.0,4.0
