CoordX,CoordY,Orient,HalfLen,HalfWid
324.5,121.0,-3.141592653589793,40.0,16.0
1139.5,627.0,0.0,29.0,6.0
902.0,652.0,0.0,35.0,6.0
993.5,652.0,0.0,35.0,6.0
454.0,684.5,-1.5707963267948966,26.0,7.0
1042.9850746268658,723.5746268656717,-1.5722687362467194,30.00880193368074,6.041220945786647
454.0,757.0,-1.5707963267948966,28.0,7.0
261.0,853.0,0.0,40.0,16.0
505.5,1071.0,-3.141592653589793,39.0,7.0
