CoordX,CoordY,Orient,HalfLen,HalfWid
590.0,63.0,-3.141592653589793,39.0,7.0
576.0,441.5,-3.141592653589793,47.0,5.0
642.5,590.5,-1.5707963267948966,40.0,5.0
259.5,565.5,-3.141592653589793,35.0,5.0
449.5,681.0,-1.5707963267948966,40.0,5.0
642.5,685.5,-1.5707963267948966,34.0,5.0
577.0,740.5,-3.141592653589793,46.0,5.0
577.5,879.5,-3.141592653589793,45.0,8.0
642.5,1028.0,-1.5707963267948966,43.0,5.0
