CoordX,CoordY,Orient,HalfLen,HalfWid
272.5,725.0,-1.5707963267948966,27.0,4.0
313.0,774.5,-3.141592653589793,28.0,4.0
216.5,856.0,-3.141592653589793,45.0,5.0
813.0,886.0,0.0,45.0,8.0
861.0,1321.5,-3.141592653589793,55.0,6.0
