CoordX,CoordY,Orient,HalfLen,HalfWid
408.5,300.0,-3.141592653589793,40.0,14.0
1050.5,301.0,0.0,38.0,12.0
1060.0,656.0,0.0,37.0,7.0
994.0,703.5,-1.5707963267948966,34.0,7.0
994.0,817.0,-1.5707963267948966,29.0,7.0
1056.5,856.0,0.0,32.0,7.0
991.5,958.5,-1.5707963267948966,29.0,9.0
398.5,981.0,0.0,37.0,7.0
553.0,981.0,0.0,32.0,7.0
398.0,1086.0,0.0,37.0,12.0
448.5,1306.0,-1.5707963267948966,38.0,8.0
