CoordX,CoordY,Orient,HalfLen,HalfWid
615.5,128.5,-3.141592653589793,34.0,11.0
250.5,382.0,0.0,35.0,6.0
183.5,438.0,-1.5707963267948966,26.0,6.0
356.5,535.0,-2.35529034520995,34.65397205870549,6.358204486829473
435.5,665.0,0.0,34.0,12.0
