CoordX,CoordY,Orient,HalfLen,HalfWid
264.0,307.0,-3.141592653589793,41.0,22.0
416.5,955.0,-1.5707963267948966,41.0,5.0
290.0,1016.5,0.0,44.0,10.0
