CoordX,CoordY,Orient,HalfLen,HalfWid
1136.0,379.5,0.0,46.0,13.0
870.5,689.5,-1.5707963267948966,39.0,7.0
870.5,857.0,-1.5707963267948966,38.0,7.0
1024.5,895.5,-1.5707963267948966,33.0,7.0
1238.0,931.5,0.0,31.0,7.0
1024.5,998.0,-1.5707963267948966,31.0,7.0
934.0,1122.5,-3.141592653589793,43.0,13.0
