CoordX,CoordY,Orient,HalfLen,HalfWid
559.0,313.5,-3.141592653589793,44.0,20.0
1111.0,488.0,-3.141592653589793,44.0,20.0
411.0,492.0,0.0,46.0,20.0
1399.5,497.5,-3.141592653589793,40.0,10.0
1399.0,693.0,-3.141592653589793,40.0,6.0
562.5,695.0,-3.141592653589793,38.0,6.0
617.4935225169648,744.9753238741517,1.5702925716896596,40.00452872037136,9.980352282880698
1315.5,918.0,-1.5707963267948966,38.0,5.0
1400.5,974.0,-3.141592653589793,40.0,5.0
583.5,1316.5,0.0,45.0,19.0
