CoordX,CoordY,Orient,HalfLen,HalfWid
734.0,183.0,-3.141592653589793,39.0,12.0
443.0,442.0,-1.5707963267948966,36.0,5.0
783.5,442.5,-1.5707963267948966,35.0,5.0
444.5,729.0,-1.5707963267948966,35.0,3.0
784.5,732.0,-1.5707963267948966,35.0,6.0
784.5,905.5,-1.5707963267948966,25.0,6.0
784.5,1012.5,-1.5707963267948966,25.0,6.0
727.0,1076.0,0.0,40.0,9.0
