CoordX,CoordY,Orient,HalfLen,HalfWid
665.5,276.0,-3.141592653589793,47.0,22.0
754.0,597.5,-1.5707963267948966,41.0,6.0
754.0,701.5,-1.5707963267948966,41.0,6.0
596.5,882.5,-1.5707963267948966,43.0,9.0
320.5,912.5,-1.5707963267948966,42.0,7.0
193.0,1041.5,0.0,47.0,10.0
