CoordX,CoordY,Orient,HalfLen,HalfWid
491.0,596.5,0.0,44.0,15.0
543.0,686.0,-1.5707963267948966,70.0,5.0
593.5,923.0,-3.141592653589793,38.0,5.0
796.0,923.0,-3.141592653589793,29.0,5.0
543.0,970.5,-1.5707963267948966,39.0,5.0
699.0,1111.5,-1.5707963267948966,39.0,9.0
144.5,1396.5,0.0,43.0,10.0
