CoordX,CoordY,Orient,HalfLen,HalfWid
384.0,502.5,0.0,37.0,10.0
375.0,877.0,0.0,44.0,5.0
449.0,968.5,-1.5707963267948966,40.0,5.0
265.0,1002.0,-1.5707963267948966,38.0,3.0
451.5,1144.5,-1.5715084391829586,47.003548644694646,4.966529452829745
219.5,1160.5,-3.141592653589793,29.0,5.0
383.5,1284.5,-3.141592653589793,43.0,4.0
381.5,1360.5,0.0,44.0,10.0
227.5,1663.5,-1.5707963267948966,44.0,7.0
