CoordX,CoordY,Orient,HalfLen,HalfWid
853.0,411.5,-3.141592653589793,44.0,9.0
325.0,469.5,-1.5707963267948966,53.0,31.0
685.5,478.0,-1.5707963267948966,44.0,9.0
813.0,533.0,0.0,45.0,4.0
442.5,600.5,-3.141592653589793,34.0,6.0
1331.5,742.5,-1.5707963267948966,52.0,17.0
537.0,775.0,-3.141592653589793,40.0,4.0
802.0,798.0,-3.141592653589793,45.0,7.0
685.5,899.0,-1.5707963267948966,44.0,9.0
754.0,997.0,-3.141592653589793,51.0,12.0
