CoordX,CoordY,Orient,HalfLen,HalfWid
825.5,408.5,-3.141592653589793,39.0,5.0
678.0,409.0,-3.141592653589793,39.0,5.0
1883.0,409.5,-3.141592653589793,39.0,5.0
760.0,493.5,-1.5707963267948966,38.0,5.0
875.5,590.0,-3.141592653589793,34.0,5.0
872.0,698.0,-3.141592653589793,30.0,5.0
1043.0,925.0,-1.5707963267948966,40.0,5.0
760.0,1050.5,-1.5707963267948966,38.0,5.0
565.5,1156.0,-3.141592653589793,38.0,5.0
711.5,1156.0,-3.141592653589793,34.0,5.0
565.0,1277.5,-3.141592653589793,40.0,5.0
