CoordX,CoordY,Orient,HalfLen,HalfWid
405.5,446.0,0.0,41.0,13.0
460.5,843.0,-1.5707963267948966,34.0,5.0
1027.0,868.0,0.0,39.0,6.0
1131.0,868.0,-3.141592653589793,41.0,6.0
1195.0,919.0,1.5707963267948966,39.0,5.0
400.5,1061.0,-1.5707963267948966,33.0,4.0
995.0,1103.0,0.8009744740311766,36.87522886578035,6.497499218647104
513.0,1108.5,0.0,31.0,6.0
1086.5,1145.0,0.0,44.0,5.0
1085.5,1274.5,0.0,44.0,13.0
