CoordX,CoordY,Orient,HalfLen,HalfWid
278.5,366.5,-1.5707963267948966,42.0,10.0
727.0,398.0,-0.8229247807283196,37.00895633344229,5.686576396159785
806.5,398.0,-2.341973506812073,38.1195726869619,5.8303805424546225
683.5,548.0,-1.5707963267948966,37.0,5.0
935.5,559.0,-1.5707963267948966,37.0,5.0
935.5,807.0,-1.5707963267948966,24.0,5.0
862.0,915.0,0.0,41.0,11.0
