CoordX,CoordY,Orient,HalfLen,HalfWid
812.5,334.5,0.0,33.0,4.0
684.5,381.0,-1.5707963267948966,35.0,4.0
894.5,390.0,-1.5707963267948966,37.0,4.0
1401.0,425.5,-1.5707963267948966,40.0,11.0
684.5,532.5,-1.5707963267948966,37.0,4.0
744.5,842.5,-3.141592653589793,41.0,7.0
