CoordX,CoordY,Orient,HalfLen,HalfWid
377.5,60.0,-3.141592653589793,40.0,16.0
286.0,318.5,-1.5707963267948966,52.0,5.0
201.5,456.5,-3.141592653589793,52.0,7.0
528.5,759.5,0.0,47.0,6.0
