CoordX,CoordY,Orient,HalfLen,HalfWid
84.5,15.5,-3.141592653589793,48.0,6.0
301.0,259.5,0.0,46.0,13.0
201.5,727.5,-1.5707963267948966,41.0,4.0
158.5,1014.0,-3.141592653589793,47.0,10.0
