CoordX,CoordY,Orient,HalfLen,HalfWid
472.0,1547.5,-1.5707963267948966,36.0,4.0
1170.5,1582.5,-1.5707963267948966,40.0,9.0
141.0,1602.5,-3.141592653589793,29.0,7.0
447.0,1691.0,-1.5707963267948966,28.0,5.0
448.0,1879.5,-1.5707963267948966,38.0,4.0
549.0,2002.5,-3.141592653589793,46.0,8.0
