CoordX,CoordY,Orient,HalfLen,HalfWid
490.5,866.5,0.0,43.0,18.0
505.0,1522.5,-1.5707963267948966,40.0,5.0
335.0,1577.0,-1.5707963267948966,40.0,5.0
279.8401727861771,1660.4082073434124,-3.1354391404446367,38.04850834799921,8.233680561388113
435.5,1716.0,-3.141592653589793,46.0,6.0
434.0,1834.5,0.0,48.0,16.0
353.5,2016.0,-3.141592653589793,40.0,7.0
