CoordX,CoordY,Orient,HalfLen,HalfWid
862.0,223.0,0.0,43.0,15.0
229.5,328.5,-1.5707963267948966,37.0,5.0
1635.0,369.0,-1.5707963267948966,41.0,16.0
938.5,600.0,-1.5707963267948966,42.0,6.0
177.0,580.5,0.0,36.0,6.0
466.0,580.0,-3.141592653589793,41.0,6.0
938.5,714.0,-1.5707963267948966,41.0,6.0
301.5,800.0,-1.5707963267948966,42.0,7.0
301.5,1029.0,-1.5707963267948966,43.0,7.0
369.0,1094.5,0.0,48.0,16.0
