CoordX,CoordY,Orient,HalfLen,HalfWid
635.5,221.0,-1.5707963267948966,31.0,7.0
1312.5,333.0,-1.5707963267948966,42.0,12.0
540.5,322.0,-3.141592653589793,34.0,5.0
439.0,395.0,-1.5707963267948966,35.0,5.0
904.0,437.0,0.0,34.0,8.0
856.0,485.0,-1.5707963267948966,31.0,5.0
511.0,492.5,-1.5707963267948966,35.0,5.0
582.5,738.5,0.0,39.0,9.0
