CoordX,CoordY,Orient,HalfLen,HalfWid
469.5,251.5,0.0,40.0,17.0
406.5,317.0,-1.5707963267948966,41.0,5.0
406.5,640.0,-1.5707963267948966,40.0,5.0
406.5,814.0,-1.5707963267948966,41.0,5.0
576.0,829.5,-1.5707963267948966,35.0,5.0
890.5,829.5,-1.5707963267948966,35.0,4.0
527.0,875.0,0.0,40.0,5.0
705.0,991.0,-1.5707963267948966,41.0,5.0
1016.5,1117.5,-3.141592653589793,45.0,10.0
