CoordX,CoordY,Orient,HalfLen,HalfWid
304.0,196.5,0.0,30.0,7.0
913.0,198.5,0.0,31.0,7.0
916.5,602.5,0.0,27.0,7.0
1004.0,602.5,-3.141592653589793,28.0,7.0
1060.5,704.5,-1.5707963267948966,25.0,7.0
883.0,786.5,-3.141592653589793,26.0,7.0
1005.5,786.5,0.0,26.0,7.0
337.5,916.5,-1.5707963267948966,55.0,7.0
785.5,942.5,-3.141592653589793,31.0,7.0
184.0,1002.5,-3.141592653589793,33.0,7.0
279.0,1002.5,0.0,31.0,7.0
286.0,1139.5,-3.141592653589793,33.0,7.0
