CoordX,CoordY,Orient,HalfLen,HalfWid
861.0,247.0,-1.5707963267948966,31.0,4.0
272.5,346.0,-1.5707963267948966,42.0,16.0
903.5,363.0,0.0,34.0,4.0
826.5,601.0,-1.5707963267948966,31.0,5.0
826.5,680.5,-1.5707963267948966,30.0,5.0
984.0,826.0,-1.5707963267948966,41.0,4.0
877.5,881.0,0.0,43.0,9.0
