CoordX,CoordY,Orient,HalfLen,HalfWid
495.5,289.5,-1.5707963267948966,45.0,3.0
495.5,619.5,-1.5707963267948966,30.0,3.0
360.0,682.5,-3.141592653589793,34.0,3.0
405.0,774.0,-1.5707963267948966,31.0,4.0
356.5,902.0,0.0,37.0,9.0
