CoordX,CoordY,Orient,HalfLen,HalfWid
220.0,462.5,-1.5707963267948966,40.0,23.0
915.5,506.5,-3.141592653589793,40.0,5.0
630.0,612.0,-3.141592653589793,40.0,4.0
968.0,800.0,0.0,45.0,10.0
