CoordX,CoordY,Orient,HalfLen,HalfWid
515.5,314.5,-3.141592653589793,39.0,10.0
98.5,547.0,0.0,31.0,4.0
445.0,599.0,-1.5707963267948966,40.0,5.0
698.5,846.0,0.0,68.0,6.0
580.0,887.5,-1.5707963267948966,30.0,5.0
230.0,889.0,-1.5707963267948966,31.0,3.0
684.0,1188.0,0.0,48.0,9.0
