CoordX,CoordY,Orient,HalfLen,HalfWid
332.0,321.0,-1.5707963267948966,41.0,11.0
339.0,595.0,-1.5707963267948966,40.0,4.0
339.0,819.5,-1.5707963267948966,39.0,4.0
175.5,803.5,-0.35182260208574895,29.88543229901946,5.644549255762073
467.5,872.0,-3.141592653589793,46.0,6.0
469.5,941.0,0.0,45.0,14.0
