CoordX,CoordY,Orient,HalfLen,HalfWid
652.0,257.5,-1.5707963267948966,30.0,8.0
755.5,354.5,0.0,31.0,4.0
900.5,354.5,0.0,37.0,4.0
518.5,400.5,-1.5707963267948966,36.0,4.0
1382.5,438.5,-1.5707963267948966,41.0,16.0
562.3068340306834,488.30822873082286,0.7854656604898889,38.18405246300409,4.947217891488502
738.0,636.5,-1.5707963267948966,29.0,5.0
789.5,740.0,-3.141592653589793,38.0,9.0
