CoordX,CoordY,Orient,HalfLen,HalfWid
217.5,406.0,-1.5707963267948966,40.0,7.0
333.5,471.5,-3.141592653589793,39.0,7.0
746.5,471.5,-3.141592653589793,41.0,7.0
849.0,471.5,-3.141592653589793,41.0,7.0
902.0,526.5,-1.5707963267948966,41.0,5.0
455.0,594.5,-1.5707963267948966,35.0,5.0
695.0,594.0,-1.5707963267948966,35.0,5.0
695.0,742.5,-1.5707963267948966,30.0,5.0
755.0,827.0,0.0,46.0,9.0
