CoordX,CoordY,Orient,HalfLen,HalfWid
352.0,337.5,0.0,41.0,15.0
510.0,512.5,-3.141592653589793,32.0,8.0
513.0,760.0,-2.356194490192345,42.42640687119285,7.071067811865479
474.5,953.5,-1.5707963267948966,38.0,6.0
528.5,1185.0,0.0,41.0,7.0
