CoordX,CoordY,Orient,HalfLen,HalfWid
343.5,353.5,0.0,67.0,4.0
660.0,353.5,-3.141592653589793,34.0,4.0
814.5,353.5,0.0,36.0,4.0
183.5,400.5,-1.5707963267948966,38.0,8.0
916.5,404.5,-1.5707963267948966,34.0,4.0
916.5,497.5,-1.5707963267948966,34.0,4.0
703.5,506.5,0.0,29.0,4.0
858.0,662.0,0.0,36.0,5.0
854.0,781.0,-3.141592653589793,36.0,7.0
