CoordX,CoordY,Orient,HalfLen,HalfWid
212.5,214.5,-1.5707963267948966,40.0,7.0
545.5,384.5,-3.141592653589793,42.0,5.0
175.5,386.5,-3.141592653589793,30.0,3.0
334.5,386.5,0.0,41.0,3.0
911.0,401.5,0.0,41.0,11.0
188.5,529.0,-3.141592653589793,47.0,10.0
745.5,820.5,-3.141592653589793,41.0,5.0
547.5,924.0,-1.5707963267948966,33.0,5.0
