CoordX,CoordY,Orient,HalfLen,HalfWid
1408.0,213.5,-1.5707963267948966,40.0,5.0
1357.0,508.0,0.0,41.0,5.0
1523.5,508.0,-3.141592653589793,40.0,5.0
679.0,598.0,-1.5707963267948966,41.0,24.0
1579.0,714.0,-1.5707963267948966,40.0,5.0
1449.0,805.0,-1.5707963267948966,40.0,5.0
1579.0,814.0,1.5707963267948966,39.0,5.0
1873.5,1253.5,-1.5690779356912157,30.00854765828104,4.948440910092329
1664.0,1283.0,-1.5707963267948966,38.0,5.0
1510.0,1343.5,-3.141592653589793,46.0,11.0
