CoordX,CoordY,Orient,HalfLen,HalfWid
379.5,1037.5,-3.141592653589793,33.0,5.0
1003.5,1183.0,-1.5707963267948966,64.0,5.0
307.5,1179.5,-1.5707963267948966,44.0,5.0
1334.5,1186.5,-1.5707963267948966,33.0,5.0
940.5,1268.5,0.0,38.0,5.0
381.0,2398.0,0.0,31.0,5.0
1078.5,2399.0,0.0,44.0,5.0
530.0,2468.0,-1.5707963267948966,36.0,6.0
319.0,2475.5,-1.5707963267948966,41.0,6.0
429.0,2623.0,0.0,36.0,5.0
608.0,2623.0,0.0,44.0,5.0
942.5,2623.0,0.0,37.0,5.0
609.0,2736.0,0.0,44.0,6.0
