CoordX,CoordY,Orient,HalfLen,HalfWid
431.5,219.0,-3.141592653589793,42.0,19.0
600.0,696.5,-3.141592653589793,40.0,3.0
481.0,751.0,-1.5707963267948966,47.0,4.0
647.0,892.0,-1.5707963267948966,38.0,4.0
481.0,912.5,-1.5707963267948966,42.0,4.0
532.0,1062.0,-3.141592653589793,44.0,4.0
546.5,1289.5,0.0,46.0,12.0
