CoordX,CoordY,Orient,HalfLen,HalfWid
210.5,303.5,-3.141592653589793,36.0,9.0
286.5,359.5,-1.5707963267948966,33.0,5.0
286.5,525.0,-1.5707963267948966,34.0,5.0
286.5,683.0,-1.5707963267948966,29.0,5.0
340.5,810.0,0.0,36.0,10.0
