CoordX,CoordY,Orient,HalfLen,HalfWid
703.5,388.5,-1.5707963267948966,35.0,7.0
620.5,447.5,-3.141592653589793,40.0,7.0
503.5,601.5,-1.5707963267948966,42.0,7.0
