CoordX,CoordY,Orient,HalfLen,HalfWid
525.0,533.0,-1.5707963267948966,41.0,6.0
1463.5,546.5,-1.5707963267948966,46.0,18.0
525.0,711.5,-1.5707963267948966,41.0,6.0
749.5,883.0,0.0,36.0,6.0
1015.0,883.0,-3.141592653589793,41.0,6.0
1132.5,1002.0,-1.5707963267948966,41.0,9.0
596.5,1000.5,0.0,45.0,9.0
