CoordX,CoordY,Orient,HalfLen,HalfWid
563.0,372.5,-3.141592653589793,43.0,17.0
657.0,517.0,-1.5707963267948966,43.0,6.0
1324.5,567.5,-2.3561944901923444,41.7193000900063,4.949747468305846
348.5,579.0,0.0,43.0,5.0
1589.5,611.0,0.0,32.0,5.0
445.5,699.0,-1.5707963267948966,43.0,8.0
1361.0,729.0,-1.5707963267948966,44.0,5.0
1361.0,841.0,-1.5707963267948966,42.0,5.0
657.0,899.5,-1.5707963267948966,43.0,6.0
1277.5,1157.5,-3.141592653589793,48.0,17.0
