CoordX,CoordY,Orient,HalfLen,HalfWid
718.0,394.5,-1.5707963267948966,40.0,5.0
320.0,435.0,0.0,41.0,5.0
718.0,623.0,-1.5707963267948966,41.0,5.0
881.046218487395,742.6596638655462,-0.008769085414161035,38.077459726300056,8.868119370920825
718.0,783.0,-1.5707963267948966,35.0,5.0
647.0,829.0,0.0,45.0,5.0
647.0,948.0,0.0,45.0,12.0
