CoordX,CoordY,Orient,HalfLen,HalfWid
603.5,364.0,0.0,40.0,17.0
674.0,653.0,-1.5707963267948966,40.0,5.0
734.0,816.0,-1.5707963267948966,33.0,5.0
325.0,858.0,-1.5707963267948966,30.0,8.0
500.5,881.0,-1.5707963267948966,36.0,5.0
920.5,979.0,0.0,31.0,5.0
709.9440476190476,1025.0238095238096,-1.0595336550760028,43.20283658225845,5.510685127818695
563.5,1242.0,0.0,43.0,5.0
562.5,1369.0,0.0,42.0,15.0
