CoordX,CoordY,Orient,HalfLen,HalfWid
290.0,218.0,-1.5707963267948966,25.0,5.0
238.0,283.0,0.0,25.0,5.0
1030.5,451.5,-1.5707963267948966,33.0,4.0
209.0,531.5,-1.5707963267948966,24.0,5.0
896.5,567.0,-1.5707963267948966,25.0,4.0
209.0,617.5,-1.5707963267948966,24.0,5.0
286.0,773.0,-1.5707963267948966,45.0,5.0
394.0,885.5,-1.5707963267948966,49.0,5.0
338.5,978.0,0.0,33.0,5.0
333.5,1076.5,-3.141592653589793,34.0,10.0
1008.5,1077.0,0.0,36.0,11.0
