CoordX,CoordY,Orient,HalfLen,HalfWid
359.0,276.0,0.0,38.0,15.0
748.0,456.0,-3.141592653589793,30.0,5.0
706.0,830.0,-1.5707963267948966,35.0,5.0
361.5,933.5,-1.5707963267948966,40.0,4.0
605.5,1009.5,-1.5707963267948966,39.0,4.0
427.5,1114.5,0.0,37.0,4.0
525.0,1114.5,-3.141592653589793,30.0,4.0
428.0,1265.0,-3.141592653589793,38.0,14.0
490.0,1454.5,-1.5707963267948966,39.0,6.0
