CoordX,CoordY,Orient,HalfLen,HalfWid
458.5,233.5,0.0,32.0,6.0
517.0,359.0,-1.5707963267948966,69.0,7.0
828.0,418.0,-1.5707963267948966,36.0,12.0
386.5,675.5,-1.5707963267948966,32.0,6.0
386.5,956.5,-1.5707963267948966,32.0,6.0
463.5,1064.0,0.0,34.0,12.0
