CoordX,CoordY,Orient,HalfLen,HalfWid
842.0,241.5,0.0,29.0,4.0
588.5,395.5,-3.141592653589793,40.0,5.0
830.5,395.5,-3.141592653589793,39.0,5.0
1001.0,395.5,-3.141592653589793,40.0,5.0
1523.0,478.5,-1.5707963267948966,41.0,13.0
603.0,529.5,-3.141592653589793,39.0,5.0
484.0,670.5,-3.141592653589793,44.0,5.0
483.5,759.0,-3.141592653589793,44.0,19.0
