CoordX,CoordY,Orient,HalfLen,HalfWid
799.5,369.0,-3.141592653589793,45.0,24.0
419.5,693.5,-1.5707963267948966,42.0,6.0
684.5,871.5,-1.5707963267948966,40.0,6.0
277.5,878.0,-1.5707963267948966,41.0,11.0
991.0,1009.0,-3.141592653589793,47.0,11.0
