CoordX,CoordY,Orient,HalfLen,HalfWid
471.5,274.0,0.0,40.0,10.0
356.0,520.5,-1.5707963267948966,39.0,5.0
768.0,699.5,-1.5707963267948966,40.0,5.0
409.0,759.0,-1.5707963267948966,40.0,5.0
213.98600508905852,820.7290076335878,0.8055470159343421,38.289987005141384,5.636101526347986
493.0,829.0,0.0,35.0,5.0
688.5,968.5,-3.141592653589793,45.0,5.0
