CoordX,CoordY,Orient,HalfLen,HalfWid
651.5,384.0,0.7472777327767626,35.84760582168512,6.3205345385566565
1302.0,559.5,-1.5707963267948966,42.0,6.0
622.5,543.0,-3.141592653589793,37.0,6.0
494.0,609.0,-1.5707963267948966,37.0,6.0
494.0,765.0,-1.5707963267948966,37.0,6.0
242.5,810.0,-3.141592653589793,37.0,6.0
494.0,863.5,-1.5707963267948966,41.0,6.0
593.5,1159.5,0.0,38.0,7.0
