CoordX,CoordY,Orient,HalfLen,HalfWid
543.0,599.0,-1.5707963267948966,40.0,5.0
941.5,646.5,-1.5707963267948966,43.0,15.0
573.0,836.0,-1.5707963267948966,40.0,6.0
350.5,973.5,-3.141592653589793,35.0,7.0
573.0,1079.5,-1.5707963267948966,39.0,6.0
573.0,1271.0,-1.5707963267948966,41.0,6.0
635.0,1416.0,-3.141592653589793,43.0,16.0
848.5,1416.0,0.0,38.0,16.0
415.5,1514.5,-1.5707963267948966,37.0,11.0
