CoordX,CoordY,Orient,HalfLen,HalfWid
1303.0,218.5,-1.5707963267948966,71.0,16.0
598.0,384.5,0.0,37.0,10.0
454.5,438.0,-1.5707963267948966,38.0,10.0
715.5,460.5,-1.5707963267948966,56.0,11.0
551.5,545.0,-1.5707963267948966,40.0,10.0
659.0,825.0,0.0,44.0,10.0
