CoordX,CoordY,Orient,HalfLen,HalfWid
669.0,322.0,-3.141592653589793,41.0,16.0
352.0,622.0,-1.5707963267948966,39.0,6.0
192.50588235294117,799.964705882353,1.5703397059172726,39.00273565936941,6.01735096723887
519.5,804.0,-1.5707963267948966,39.0,5.0
853.5,818.0,0.0,31.0,6.0
683.5,942.0,-3.141592653589793,45.0,11.0
