CoordX,CoordY,Orient,HalfLen,HalfWid
542.5,173.5,0.0,38.0,9.0
216.5,523.5,0.0,33.0,4.0
360.5,523.5,-3.141592653589793,34.0,4.0
489.5,591.5,-1.5707963267948966,55.0,7.0
162.5,584.0,-1.5707963267948966,33.0,4.0
376.5,672.0,-3.141592653589793,41.0,8.0
