CoordX,CoordY,Orient,HalfLen,HalfWid
411.5,179.0,-3.141592653589793,38.0,8.0
167.0,179.5,-3.141592653589793,29.0,7.0
308.5,707.0,-3.141592653589793,35.0,7.0
264.0,804.5,-1.5707963267948966,28.0,8.0
309.5,850.5,0.0,36.0,7.0
574.5,850.0,0.0,38.0,7.0
