CoordX,CoordY,Orient,HalfLen,HalfWid
951.0,882.0,-1.5707963267948966,41.0,7.0
499.5,1030.0,0.0,41.0,7.0
996.0,1030.0,-3.141592653589793,36.0,7.0
1293.0,1030.0,-3.141592653589793,41.0,7.0
316.0,1087.5,-1.5707963267948966,41.0,7.0
962.0,1184.0,0.0,32.0,7.0
1094.0,1184.0,0.0,27.0,7.0
1178.8507462686566,1183.94776119403,-0.007089204110847536,22.041982045736248,7.12033956230906
1291.0,1258.0,-3.141592653589793,41.0,7.0
