CoordX,CoordY,Orient,HalfLen,HalfWid
421.5,300.5,-3.141592653589793,47.0,16.0
615.5,574.5,-1.5707963267948966,61.0,5.0
544.5,819.5,-1.5707963267948966,42.0,5.0
414.5,853.5,-1.5707963267948966,43.0,5.0
299.0,906.5,-3.141592653589793,43.0,5.0
472.0,1080.0,0.0,47.0,13.0
