CoordX,CoordY,Orient,HalfLen,HalfWid
1124.5,373.5,-1.5707963267948966,28.0,5.0
228.5,617.0,-1.5707963267948966,36.0,12.0
877.0,590.5,-3.141592653589793,34.0,4.0
734.5,626.5,-0.7853981633974481,37.47665940288702,4.9497474683058424
1027.5,608.0,0.0,28.0,5.0
1155.4605568445475,649.1937354988399,0.9874931440942674,37.190570363247886,6.206935652760452
703.5,711.5,-1.5707963267948966,38.0,4.0
1182.5,729.0,-1.5707963267948966,33.0,5.0
