CoordX,CoordY,Orient,HalfLen,HalfWid
454.0,155.5,0.0,46.0,13.0
384.5,794.5,-1.5707963267948966,42.0,6.0
437.0,950.0,-3.141592653589793,45.0,16.0
