CoordX,CoordY,Orient,HalfLen,HalfWid
1081.005253104107,485.97803247373446,-1.5704228176716926,45.004105461305784,11.016433633739005
1430.5,880.5,-1.5707963267948966,46.0,19.0
575.5,1142.0,-1.5707963267948966,42.0,4.0
312.5,1393.0,-3.141592653589793,41.0,5.0
514.0,1393.0,0.0,40.0,5.0
462.0,1480.0,-1.5707963267948966,36.0,7.0
513.5,1557.0,-3.141592653589793,40.0,5.0
635.0,1684.5,-3.141592653589793,46.0,9.0
