CoordX,CoordY,Orient,HalfLen,HalfWid
158.5,259.5,0.0,41.0,11.0
660.0,259.5,0.0,41.0,11.0
302.0,463.0,-1.5707963267948966,41.0,5.0
160.5,513.0,0.0,37.0,5.0
165.5,714.0,0.0,30.0,7.0
362.0,855.0,-1.5707963267948966,32.0,5.0
718.5,905.5,-1.5707963267948966,40.0,5.0
434.5,897.5,0.0,42.0,4.0
718.5,1007.0,-1.5707963267948966,41.0,5.0
636.0,1070.0,-3.141592653589793,48.0,6.0
635.5,1212.5,-3.141592653589793,47.0,11.0
256.5,1529.5,-1.5707963267948966,40.0,6.0
