CoordX,CoordY,Orient,HalfLen,HalfWid
659.5,424.0,-3.141592653589793,37.0,8.0
609.0,564.5,-1.5707963267948966,39.0,8.0
770.0,705.0,-3.141592653589793,23.0,10.0
609.0,811.5,-1.5707963267948966,32.0,8.0
824.0,813.5,-1.5707963267948966,30.0,8.0
666.5,926.0,0.0,45.0,9.0
