CoordX,CoordY,Orient,HalfLen,HalfWid
354.0,123.0,-1.5707963267948966,40.0,7.0
781.0,363.0,-1.5707963267948966,41.0,14.0
260.5,525.0,-1.5707963267948966,41.0,4.0
443.0,644.0,-1.5707963267948966,41.0,5.0
206.5,647.0,-3.141592653589793,41.0,8.0
379.5,703.0,-3.141592653589793,45.0,5.0
380.5,826.0,0.0,45.0,14.0
1347.0,1286.5,-1.5707963267948966,47.0,15.0
993.5,1286.0,-1.5707963267948966,43.0,6.0
