CoordX,CoordY,Orient,HalfLen,HalfWid
344.5,166.5,-3.141592653589793,40.0,10.0
496.5,588.5,0.0,39.0,6.0
365.5,701.0,-3.141592653589793,64.0,7.0
448.0,760.0,-1.5707963267948966,41.0,7.0
651.0,748.5,-3.141592653589793,32.0,6.0
610.5,907.5,-1.5707963267948966,38.0,6.0
336.5,999.0,0.0,41.0,7.0
561.0,1002.5,0.0,39.0,10.0
