CoordX,CoordY,Orient,HalfLen,HalfWid
1428.0,450.5,-1.5707963267948966,31.0,13.0
1290.0,506.0,-3.141592653589793,43.0,4.0
590.5,563.0,-1.5707963267948966,43.0,5.0
1423.5,564.5,-1.5707963267948966,40.0,8.0
286.0,560.5,-1.5707963267948966,33.0,15.0
