CoordX,CoordY,Orient,HalfLen,HalfWid
447.5,360.0,-3.141592653589793,45.0,19.0
396.5,849.0,-1.5707963267948966,41.0,6.0
460.5,976.0,0.0,45.0,10.0
