CoordX,CoordY,Orient,HalfLen,HalfWid
467.0,352.0,-3.141592653589793,44.0,19.0
660.5,875.0,-1.5707963267948966,43.0,5.0
469.5,889.0,-1.5707963267948966,43.0,5.0
715.9536585365854,1022.8243902439025,-0.00819573552651595,44.064087416697234,9.09804546163369
593.5,1168.5,-3.141592653589793,48.0,10.0
