CoordX,CoordY,Orient,HalfLen,HalfWid
512.5,216.5,-1.5707963267948966,41.0,5.0
512.5,323.5,-1.5707963267948966,32.0,5.0
512.5,431.5,-1.5707963267948966,35.0,5.0
454.5,502.0,-3.141592653589793,42.0,9.0
749.6374622356495,528.6132930513595,0.009023727808285389,31.061903117196078,7.270423165469586
