CoordX,CoordY,Orient,HalfLen,HalfWid
837.5,277.5,0.0,39.0,18.0
406.0,448.5,0.0,29.0,6.0
273.5,709.5,-1.5707963267948966,37.0,17.0
484.5,758.5,-3.141592653589793,28.0,6.0
1046.0,813.5,0.0,31.0,6.0
859.5,863.5,-1.5707963267948966,37.0,7.0
614.5,887.0,-3.141592653589793,38.0,6.0
802.0,1019.0,0.0,44.0,6.0
806.0,1216.0,-3.141592653589793,42.0,18.0
