CoordX,CoordY,Orient,HalfLen,HalfWid
721.5,240.0,0.0,42.0,15.0
883.0,750.5,-3.141592653589793,28.0,7.0
320.5,751.0,-3.141592653589793,39.0,7.0
924.5,803.0,-1.5707963267948966,27.0,6.0
266.5,834.0,-1.5707963267948966,31.0,7.0
321.5,875.5,0.0,38.0,7.0
607.0,875.5,0.0,40.0,7.0
853.5,990.0,-1.5707963267948966,37.0,7.0
908.0,1062.5,0.0,36.0,9.0
790.5,1101.5,-3.141592653589793,44.0,6.0
790.5,1243.0,0.0,40.0,13.0
886.0,1365.5,0.0,29.0,6.0
849.5,1517.5,-1.5707963267948966,32.0,6.0
