CoordX,CoordY,Orient,HalfLen,HalfWid
366.0,352.0,-3.141592653589793,33.0,4.0
455.0,392.5,-1.5707963267948966,32.0,4.0
499.5,670.0,-3.141592653589793,32.0,6.0
456.5,718.5,-1.5707963267948966,37.0,5.0
381.0,827.5,0.0,43.0,7.0
