CoordX,CoordY,Orient,HalfLen,HalfWid
942.5,405.0,-3.141592653589793,40.0,19.0
802.5,1013.5,-1.5707963267948966,36.0,6.0
607.0,1025.5,-1.5707963267948966,30.0,11.0
995.0,1058.5,-1.5707963267948966,33.0,7.0
1169.5,1117.5,-3.141592653589793,31.0,6.0
934.5,1177.5,-1.5707963267948966,45.0,6.0
802.5,1194.0,-1.5707963267948966,41.0,6.0
858.0,1298.5,0.0,44.0,6.0
859.0,1448.0,0.0,43.0,17.0
