CoordX,CoordY,Orient,HalfLen,HalfWid
494.0,160.5,0.0,35.0,6.0
549.5,252.5,-1.5707963267948966,40.0,8.0
1289.0,260.0,-1.5707963267948966,40.0,6.0
110.5,268.5,-3.141592653589793,37.0,6.0
233.0,326.0,-1.5707963267948966,44.0,17.0
403.0,381.5,0.0,38.0,11.0
1216.0,385.5,-3.141592653589793,42.0,8.0
137.0,441.0,0.0,40.0,12.0
549.5,592.0,-1.5707963267948966,99.0,8.0
724.0,1105.5,0.0,43.0,9.0
832.0063211125158,1378.4551201011377,1.5702624937491991,35.00266417799172,5.018149610247355
