CoordX,CoordY,Orient,HalfLen,HalfWid
435.5,221.0,-3.141592653589793,39.0,15.0
287.0,776.0,-1.5707963267948966,38.0,5.0
229.5,881.5,0.0,33.0,4.0
432.5,920.0,-1.5707963267948966,38.0,5.0
193.5,1118.0,-1.5707963267948966,66.0,6.0
324.0,1199.5,0.0,45.0,11.0
