CoordX,CoordY,Orient,HalfLen,HalfWid
292.0,115.5,-1.5707963267948966,39.0,7.0
665.0,292.5,-1.5707963267948966,46.0,21.0
292.0,358.0,-1.5707963267948966,41.0,7.0
292.0,573.5,-1.5707963267948966,42.0,7.0
369.5,694.5,0.0,47.0,10.0
