CoordX,CoordY,Orient,HalfLen,HalfWid
152.0,421.0,0.0,37.0,17.0
504.0,429.0,-3.141592653589793,39.0,9.0
176.0,804.0,0.0,49.0,9.0
537.0,804.0,0.0,74.0,9.0
323.0,860.5,-1.5707963267948966,38.0,5.0
413.04483695652175,908.9932065217391,-3.1409743058312785,33.00246708203645,5.019786171126684
564.5,1170.5,-3.141592653589793,43.0,9.0
