CoordX,CoordY,Orient,HalfLen,HalfWid
594.5,219.5,-3.141592653589793,41.0,12.0
460.5,628.5,-3.141592653589793,42.0,5.0
518.5,686.5,-1.5707963267948966,45.0,9.0
515.5,798.0,-1.5707963267948966,37.0,6.0
209.0,862.0,-1.5707963267948966,31.0,6.0
382.0,908.5,-1.5707963267948966,29.0,5.0
324.0,1053.5,-3.141592653589793,44.0,9.0
