CoordX,CoordY,Orient,HalfLen,HalfWid
426.5,244.0,-3.141592653589793,35.0,24.0
398.0,842.5,0.0,65.0,5.0
276.0,915.5,-1.5707963267948966,31.0,4.0
555.5,953.5,-1.5707963267948966,38.0,5.0
276.0,1033.0,-1.5707963267948966,32.0,4.0
392.0,1153.5,-1.5707963267948966,36.0,6.0
339.0,1299.0,0.0,44.0,14.0
