CoordX,CoordY,Orient,HalfLen,HalfWid
463.0,245.5,-3.141592653589793,42.0,4.0
132.5,301.5,-1.5707963267948966,44.0,17.0
515.5,392.0,-1.5707963267948966,40.0,4.0
580.0,567.5,0.0,44.0,17.0
230.5,577.0,0.0,40.0,8.0
