CoordX,CoordY,Orient,HalfLen,HalfWid
343.5,545.0,0.0,40.0,17.0
360.0,1064.5,-1.5707963267948966,41.0,5.0
550.0,1060.0,-1.5707963267948966,34.0,5.0
592.5,1156.0,-3.141592653589793,29.0,5.0
474.5,1254.0,0.0,46.0,4.0
475.5,1346.5,-3.141592653589793,45.0,15.0
536.5,1499.5,-1.5707963267948966,41.0,6.0
