CoordX,CoordY,Orient,HalfLen,HalfWid
185.5,488.0,-3.141592653589793,41.0,6.0
814.0060115002614,616.0109775222164,-1.5713785459368532,42.01280170183787,22.023867254701273
183.5,729.5,0.0,47.0,10.0
