CoordX,CoordY,Orient,HalfLen,HalfWid
203.0,224.0,-1.5707963267948966,28.0,4.0
115.5,500.0,-3.141592653589793,30.0,4.0
249.5,500.0,-3.141592653589793,37.0,4.0
257.5,741.0,0.0,37.0,5.0
