CoordX,CoordY,Orient,HalfLen,HalfWid
500.5,144.0,-3.141592653589793,42.0,16.0
215.0,371.5,-1.5707963267948966,35.0,5.0
115.0,552.0,0.0,38.0,5.0
374.0,799.0,-1.5707963267948966,35.0,5.0
545.0,831.5,-1.5707963267948966,34.0,5.0
153.5,844.0,-3.141592653589793,34.0,5.0
374.0,893.5,-1.5707963267948966,34.0,5.0
483.0,1097.0,0.0,51.0,5.0
482.0,1218.5,0.0,50.0,15.0
