CoordX,CoordY,Orient,HalfLen,HalfWid
653.5,89.5,-3.141592653589793,37.0,7.0
1279.5,250.5,-1.5707963267948966,33.0,6.0
1336.5,295.5,-3.141592653589793,37.0,7.0
1453.5,395.5,-1.5707963267948966,38.0,7.0
450.5,368.0,-3.141592653589793,39.0,7.0
399.0,415.0,-1.5707963267948966,38.0,7.0
1338.0,498.5,0.0,38.0,7.0
399.0,577.5,-1.5707963267948966,38.0,7.0
483.5,623.0,0.0,33.0,7.0
585.5,623.0,-3.141592653589793,48.0,7.0
686.0,623.0,-3.141592653589793,34.0,7.0
585.5,813.5,0.0,47.0,7.0
