CoordX,CoordY,Orient,HalfLen,HalfWid
324.5,266.0,0.0,37.0,9.0
969.5,657.0,0.0,34.0,4.0
1061.5,657.0,-3.141592653589793,35.0,4.0
418.5,753.5,-1.5707963267948966,28.0,4.0
1105.0,796.0,-1.5707963267948966,31.0,4.0
1007.5,839.5,-3.141592653589793,36.0,3.0
418.5,873.5,-1.5707963267948966,30.0,4.0
1144.0,988.0,-3.141592653589793,29.0,7.0
270.0,1072.5,-3.141592653589793,41.0,3.0
268.5,1181.0,-3.141592653589793,38.0,9.0
294.0,1333.5,0.0,37.0,7.0
