CoordX,CoordY,Orient,HalfLen,HalfWid
422.5,164.5,-1.5707963267948966,35.0,3.0
517.0,210.5,-3.141592653589793,34.0,5.0
631.5,297.5,-1.5707963267948966,43.0,5.0
325.5,354.5,-1.5707963267948966,43.0,5.0
1152.0,452.5,-1.5707963267948966,41.0,12.0
472.5,669.5,-1.5707963267948966,42.0,6.0
577.0,730.0,0.0,42.0,10.0
