CoordX,CoordY,Orient,HalfLen,HalfWid
417.0,208.0,0.0,44.0,18.0
1206.0,213.0,-3.141592653589793,44.0,19.0
1101.5,609.5,-3.141592653589793,42.0,5.0
1211.5,609.5,-3.141592653589793,41.0,5.0
1269.0,776.5,-1.5707963267948966,43.0,5.0
136.0,814.5,0.0,27.0,5.0
1126.0,830.5,-3.141592653589793,43.0,5.0
233.5,895.0,-1.5707963267948966,41.0,5.0
305.5,947.5,-3.141592653589793,47.0,5.0
1305.5,957.5,-3.141592653589793,41.0,5.0
302.0,1101.5,0.0,47.0,19.0
206.0,1269.0,-1.5707963267948966,42.0,6.0
