CoordX,CoordY,Orient,HalfLen,HalfWid
384.5,446.5,-3.141592653589793,46.0,15.0
525.5,964.5,-1.5707963267948966,42.0,4.0
165.0,1060.5,0.0,45.0,4.0
348.6606896551724,1109.624827586207,-1.9830939509052532,40.99760120205171,4.693814072167374
525.5,1142.0,-1.5707963267948966,42.0,4.0
584.0,1267.5,0.0,43.0,7.0
456.0,1324.5,-3.141592653589793,46.0,4.0
458.5,1445.5,-3.141592653589793,45.0,15.0
572.0,1619.5,-1.5707963267948966,41.0,7.0
