CoordX,CoordY,Orient,HalfLen,HalfWid
745.5,1044.5,0.0,33.0,9.0
876.9753547423451,1044.5070948469006,0.0006886087388389988,33.006189654157154,9.022033344082482
957.5,1108.5,-1.5707963267948966,37.0,9.0
1466.5,1114.0,-1.5707963267948966,43.0,9.0
658.5,1123.0,-1.5707963267948966,38.0,9.0
658.5,1315.5,-1.5707963267948966,37.0,9.0
727.0,1549.5,0.0,43.0,9.0
