CoordX,CoordY,Orient,HalfLen,HalfWid
730.5,171.5,0.0,37.0,17.0
424.0,384.0,-1.5707963267948966,40.0,7.0
373.0,634.5,0.0,35.0,3.0
746.0,634.5,-3.141592653589793,43.0,3.0
304.00754716981135,725.0547169811321,-1.5700195850504495,29.002321476747266,4.021747560002163
424.0,746.5,-1.5707963267948966,42.0,7.0
692.0,753.5,-1.5707963267948966,42.0,4.0
367.0,810.0,0.0,41.0,4.0
780.0,829.0,0.0,34.0,4.0
890.0,833.5,0.0,43.0,8.0
462.5,1045.0,-3.141592653589793,24.0,4.0
