CoordX,CoordY,Orient,HalfLen,HalfWid
828.5,450.5,-3.141592653589793,32.0,5.0
1490.5,552.0,-1.5707963267948966,38.0,18.0
784.0,562.0,-1.5707963267948966,43.0,6.0
784.0,673.5,-1.5707963267948966,36.0,6.0
838.0,820.0,0.0,41.0,10.0
