CoordX,CoordY,Orient,HalfLen,HalfWid
496.5,460.5,-3.141592653589793,47.0,21.0
332.5,1094.0,-1.5707963267948966,41.0,5.0
492.0,1430.0,-3.141592653589793,49.0,10.0
