CoordX,CoordY,Orient,HalfLen,HalfWid
168.0,182.0,-1.5707963267948966,26.0,10.0
626.5,208.0,0.0,25.0,5.0
626.0,505.0,-3.141592653589793,28.0,5.0
583.0,572.5,-1.5707963267948966,26.0,5.0
583.0,666.5,-1.5707963267948966,26.0,5.0
644.0,871.5,0.0,29.0,10.0
