CoordX,CoordY,Orient,HalfLen,HalfWid
323.5,204.5,-3.141592653589793,40.0,12.0
583.0,637.0,-3.141592653589793,39.0,4.0
752.5,637.0,-3.141592653589793,42.0,4.0
813.0,684.5,-1.5707963267948966,33.0,6.0
475.5,805.5,-3.141592653589793,42.0,7.0
