CoordX,CoordY,Orient,HalfLen,HalfWid
1078.5,382.5,-3.141592653589793,37.0,7.0
917.0,624.5,0.0,43.0,7.0
1096.0,624.5,-3.141592653589793,44.0,7.0
489.5,708.0,-1.5707963267948966,43.0,7.0
