CoordX,CoordY,Orient,HalfLen,HalfWid
278.0,346.5,-1.5707963267948966,39.0,8.0
791.5,439.0,-3.141592653589793,38.0,9.0
883.4991843393149,439.5146818923328,-3.141535898815358,33.99954590704599,8.998127077949672
701.5,490.0,-1.5707963267948966,37.0,5.0
929.5,655.5,-1.5707963267948966,33.0,4.0
929.5,807.5,-1.5707963267948966,30.0,4.0
854.5,891.0,0.0,36.0,9.0
