CoordX,CoordY,Orient,HalfLen,HalfWid
526.0,263.5,-3.141592653589793,43.0,18.0
386.0,580.0,0.0,38.0,4.0
205.0,725.0,-3.141592653589793,40.0,4.0
436.0,802.5,-1.5707963267948966,62.0,4.0
298.0,807.5,-1.5707963267948966,38.0,4.0
436.0,980.0,-1.5707963267948966,39.0,4.0
142.5,1118.5,0.0,43.0,10.0
347.5,1113.0,-3.141592653589793,34.0,5.0
