CoordX,CoordY,Orient,HalfLen,HalfWid
213.5,399.0,-1.5707963267948966,43.0,15.0
1021.0,459.5,0.0,42.0,10.0
1082.0,514.0,-1.5707963267948966,40.0,6.0
984.0,570.0,0.0,39.0,6.0
790.5,807.5,0.0,42.0,8.0
