CoordX,CoordY,Orient,HalfLen,HalfWid
747.0,596.0,0.0,41.0,18.0
1064.5,918.0,-1.5707963267948966,41.0,5.0
1005.0,1153.0,-1.5707963267948966,40.0,5.0
680.0,1165.5,-1.5707963267948966,39.0,6.0
539.5,1270.5,-1.5707963267948966,40.0,7.0
737.0,1244.5,0.0,45.0,5.0
906.0,1244.5,0.0,41.0,5.0
739.5,1404.5,0.0,44.0,18.0
624.0,1682.0,-1.5707963267948966,41.0,6.0
