CoordX,CoordY,Orient,HalfLen,HalfWid
385.5,339.0,0.0,42.0,13.0
549.5,848.5,-3.141592653589793,37.0,5.0
293.5122494432071,918.9187082405346,1.569811189797208,37.00490773003743,5.0354624999433035
484.0,1025.5,-3.141592653589793,47.0,7.0
