CoordX,CoordY,Orient,HalfLen,HalfWid
148.5,116.0,-1.5707963267948966,27.0,3.0
245.0,394.0,0.0,27.0,4.0
353.0,534.5,0.0,47.0,4.0
294.5,585.0,-1.5707963267948966,37.0,6.0
349.5,830.0,-3.141592653589793,43.0,8.0
