CoordX,CoordY,Orient,HalfLen,HalfWid
411.0,303.5,0.0,39.0,12.0
360.5,390.5,-1.5707963267948966,59.0,5.0
186.5,736.5,-3.141592653589793,30.0,4.0
469.5,846.0,-1.5707963267948966,39.0,4.0
243.5,875.5,-1.5707963267948966,29.0,4.0
664.5,1020.5,0.0,43.0,8.0
