CoordX,CoordY,Orient,HalfLen,HalfWid
216.5,420.5,-1.5707963267948966,40.0,15.0
993.5,596.5,-1.5707963267948966,41.0,6.0
1146.5,598.5,-1.5707963267948966,40.0,6.0
1146.5,731.0,-1.5707963267948966,41.0,6.0
1086.0,785.5,0.0,41.0,8.0
