CoordX,CoordY,Orient,HalfLen,HalfWid
202.0,478.5,-1.5707963267948966,33.0,12.0
646.5,594.0,-1.5707963267948966,34.0,4.0
821.0,641.5,-3.141592653589793,25.0,5.0
559.5,685.0,-1.5707963267948966,36.0,5.0
696.5,798.5,0.0,44.0,3.0
816.5,806.5,-3.141592653589793,34.0,11.0
