CoordX,CoordY,Orient,HalfLen,HalfWid
179.5,39.0,-3.141592653589793,94.0,9.0
484.0,39.0,0.0,166.0,9.0
382.0,310.0,0.0,44.0,16.0
322.5,715.0,-1.5707963267948966,41.0,4.0
322.5,964.0,-1.5707963267948966,41.0,4.0
181.5,1066.5,-3.141592653589793,40.0,7.0
369.5,1245.5,-3.141592653589793,44.0,17.0
