CoordX,CoordY,Orient,HalfLen,HalfWid
459.0,165.5,0.0,27.0,11.0
398.5,285.0,-1.5707963267948966,26.0,6.0
398.5,553.0,-1.5707963267948966,27.0,6.0
243.5,596.5,-3.141592653589793,26.0,5.0
682.5,644.5,-1.5707963267948966,26.0,5.0
398.5,656.5,-1.5707963267948966,26.0,6.0
515.5,803.5,-1.5707963267948966,27.0,5.0
398.5,829.5,-1.5707963267948966,26.0,6.0
445.0,864.5,0.0,27.0,5.0
454.0,999.5,0.0,27.0,11.0
