CoordX,CoordY,Orient,HalfLen,HalfWid
529.5,251.5,0.0,36.0,11.0
391.5,761.5,-1.5707963267948966,32.0,4.0
222.0,769.0,-0.7853981633974483,27.577164466275356,3.53553390593274
563.5,936.5,-1.5707963267948966,31.0,3.0
391.5,989.5,-1.5707963267948966,33.0,4.0
507.5,1091.5,0.0,44.0,3.0
506.0,1248.5,0.0,47.0,11.0
