CoordX,CoordY,Orient,HalfLen,HalfWid
507.0,277.5,0.0,41.0,8.0
579.0,378.0,-1.5707963267948966,41.0,8.0
755.5,670.0,0.0,31.0,5.0
854.5,670.0,-3.141592653589793,39.0,5.0
579.0,723.0,-1.5707963267948966,40.0,8.0
910.5,724.0,-1.5707963267948966,31.0,5.0
716.5,838.5,0.0,44.0,7.0
