CoordX,CoordY,Orient,HalfLen,HalfWid
51.5,368.5,-1.5707963267948966,29.0,15.0
1087.0,497.0,0.0,55.0,11.0
585.5,496.5,-3.140572659136345,39.00813966663506,7.960216061658891
752.0,618.0,-1.5707963267948966,31.0,8.0
752.0,759.5,-1.5707963267948966,43.0,8.0
689.0,879.5,0.0,42.0,17.0
