CoordX,CoordY,Orient,HalfLen,HalfWid
904.5,232.5,0.0,43.0,7.0
1325.0,573.5,0.0,38.0,7.0
1017.5,667.5,0.0,38.0,7.0
1074.5,725.5,-1.5707963267948966,38.0,7.0
1277.5,779.0,1.5707963267948966,34.0,7.0
1128.5,971.0,-1.5707963267948966,38.0,7.0
1017.5,1030.5,0.0,38.0,7.0
1022.0,1216.5,-3.141592653589793,48.0,7.0
