CoordX,CoordY,Orient,HalfLen,HalfWid
1191.5,289.5,-1.5707963267948966,24.0,5.0
940.0,342.5,0.0,24.0,5.0
269.0,521.5,0.0,34.0,11.0
997.5,570.5,-1.5707963267948966,32.0,5.0
997.5,676.0,-1.5707963267948966,31.0,5.0
943.5,916.0,-3.141592653589793,34.0,9.0
857.5,993.0,-1.5707963267948966,33.0,9.0
649.5,1015.0,-1.5707963267948966,32.0,5.0
747.5,1069.5,0.0,24.0,5.0
