CoordX,CoordY,Orient,HalfLen,HalfWid
694.5,281.0,-3.141592653589793,26.0,7.0
801.5,331.5,-1.5707963267948966,33.0,7.0
173.5,395.0,-1.5707963267948966,32.0,11.0
526.5,624.5,-1.5707963267948966,32.0,5.0
801.5,637.0,-1.5707963267948966,33.0,7.0
752.5,784.5,-3.141592653589793,32.0,11.0
