CoordX,CoordY,Orient,HalfLen,HalfWid
302.0,377.0,-1.5707963267948966,36.0,8.0
900.0,365.0,-3.141592653589793,40.0,8.0
631.5,499.5,-1.5707963267948966,39.0,5.0
787.0,604.5,-1.5707963267948966,31.0,4.0
735.0,722.5,0.0,41.0,8.0
