CoordX,CoordY,Orient,HalfLen,HalfWid
777.5,143.0,-1.5707963267948966,30.0,7.0
581.5,215.0,-3.141592653589793,34.0,5.0
627.0,272.0,-1.5707963267948966,35.0,7.0
515.5,430.0,0.0,44.0,5.0
516.0,570.5,0.0,45.0,12.0
