CoordX,CoordY,Orient,HalfLen,HalfWid
552.0,194.0,-1.5707963267948966,47.0,10.0
745.0,670.5,-1.5707963267948966,40.0,5.0
800.0,786.5,-3.141592653589793,40.0,5.0
688.5,973.5,0.0,44.0,10.0
