CoordX,CoordY,Orient,HalfLen,HalfWid
372.5,280.5,-3.141592653589793,34.0,10.0
289.5,722.0,-1.5707963267948966,33.0,5.0
520.5,758.0,-1.5707963267948966,33.0,5.0
338.0,872.5,-3.141592653589793,34.0,10.0
