CoordX,CoordY,Orient,HalfLen,HalfWid
1947.5,267.5,0.0,45.0,9.0
1525.0,314.0,-1.5707963267948966,34.0,8.0
1608.0,366.0,-3.141592653589793,31.0,10.0
689.0,594.0,-1.5707963267948966,36.0,11.0
1903.0,597.5,-3.141592653589793,80.0,8.0
264.0,797.0,0.0,52.0,10.0
689.0,968.5,-1.5707963267948966,50.0,11.0
1191.5,1012.5,-1.5707963267948966,44.0,10.0
1089.0,1161.5,-3.141592653589793,51.0,9.0
