CoordX,CoordY,Orient,HalfLen,HalfWid
374.0,379.0,-3.141592653589793,46.0,24.0
795.0,379.0,-3.141592653589793,46.0,24.0
881.5,669.0,-1.5707963267948966,41.0,6.0
435.0,676.5,-1.5707963267948966,39.0,5.0
387.0,729.5,0.0,36.0,6.0
1066.0,795.5,0.0,31.0,6.0
242.5,887.0,-3.141592653589793,37.0,2.0
435.0,948.0,-1.5707963267948966,40.0,5.0
535.0,1076.0,-3.141592653589793,47.0,11.0
