CoordX,CoordY,Orient,HalfLen,HalfWid
519.5,454.0,0.0,40.0,6.0
393.0,501.5,-1.5707963267948966,34.0,6.0
514.0,621.5,-3.141592653589793,46.0,9.0
