CoordX,CoordY,Orient,HalfLen,HalfWid
341.0,371.5,0.0,39.0,9.0
267.5,439.5,-1.5707963267948966,38.0,5.0
227.5,588.5,-3.141592653589793,32.0,5.0
611.0,776.5,-1.5707963267948966,37.0,7.0
240.5,879.0,2.1140371322128133,38.57106106118962,5.768296855570275
244.5,968.0,-2.0837982366672683,40.53115739119941,5.581081159885717
204.0,1076.5,-3.141592653589793,45.0,9.0
198.5,1270.5,0.0,38.0,9.0
