CoordX,CoordY,Orient,HalfLen,HalfWid
612.0,302.0,-1.5707963267948966,41.0,5.0
974.5,303.0,-1.5707963267948966,38.0,14.0
426.0,311.5,-1.5707963267948966,39.0,5.0
463.5,381.5,0.0,29.0,4.0
571.0,381.5,-3.141592653589793,32.0,4.0
801.0,438.0,-1.5707963267948966,33.0,9.0
976.0,873.5,-1.5707963267948966,40.0,14.0
466.0,996.0,0.0,31.0,5.0
558.5,996.0,0.0,43.0,5.0
558.5,1125.0,-3.141592653589793,44.0,15.0
477.0,1195.5,-1.5707963267948966,44.0,8.0
