CoordX,CoordY,Orient,HalfLen,HalfWid
1342.5,216.5,-1.5707963267948966,34.0,4.0
1106.5,505.0,0.0,39.0,4.0
1390.5,560.5,-3.141592653589793,29.0,8.0
1212.0,614.0,-1.5707963267948966,40.0,5.0
543.0,625.0,-1.5707963267948966,40.0,18.0
1148.0,748.0,0.0,44.0,9.0
