CoordX,CoordY,Orient,HalfLen,HalfWid
372.0,523.5,-3.141592653589793,40.0,11.0
495.0,907.5,-3.141592653589793,39.0,3.0
555.5,962.0,-1.5707963267948966,39.0,4.0
521.5,1141.5,-1.5707963267948966,38.0,5.0
332.0,1249.0,1.5707963267948966,39.0,5.0
564.0,1332.0,0.0,34.0,4.0
402.5,1380.0,0.0,44.0,4.0
392.5,1513.0,-3.141592653589793,44.0,12.0
453.0,1649.5,-1.5707963267948966,38.0,5.0
