CoordX,CoordY,Orient,HalfLen,HalfWid
714.5,406.0,0.0,40.0,6.0
1048.0,458.5,-1.5707963267948966,40.0,10.0
258.0,505.5,-1.5707963267948966,42.0,22.0
983.0,575.5,-3.141592653589793,46.0,10.0
647.5,575.0,-3.141592653589793,41.0,6.0
