CoordX,CoordY,Orient,HalfLen,HalfWid
654.0,286.0,-3.141592653589793,42.0,16.0
351.5,445.0,-1.5707963267948966,61.0,5.0
713.0,850.5,-1.5707963267948966,41.0,5.0
351.5,870.0,-1.5707963267948966,41.0,5.0
541.5,980.5,-3.141592653589793,46.0,5.0
668.0,980.5,-3.141592653589793,37.0,5.0
821.0,984.0,-3.141592653589793,42.0,9.0
537.0,1142.0,0.0,46.0,16.0
589.0,1301.5,-3.141592653589793,41.0,6.0
