CoordX,CoordY,Orient,HalfLen,HalfWid
694.0,299.5,-3.141592653589793,29.0,3.0
189.5,348.5,-1.5707963267948966,33.0,7.0
800.5,354.5,-1.5707963267948966,32.0,4.0
800.5,653.0,-1.5707963267948966,34.0,4.0
749.5,767.0,-3.141592653589793,37.0,6.0
969.0,766.5,0.0,27.0,5.0
