CoordX,CoordY,Orient,HalfLen,HalfWid
946.772,229.544,0.00401308814918005,31.019815761636746,5.120352059187019
283.0,410.0,-3.141592653589793,30.0,6.0
477.5,466.5,-1.5707963267948966,29.0,5.0
735.5,475.0,-1.5707963267948966,29.0,5.0
735.5,590.0,-1.5707963267948966,32.0,5.0
602.0,653.5,0.0,30.0,5.0
614.5,780.0,0.0,31.0,13.0
