CoordX,CoordY,Orient,HalfLen,HalfWid
343.0,168.5,0.0,33.0,10.0
432.5,572.5,-1.5707963267948966,38.0,4.0
432.5,762.0,-1.5707963267948966,33.0,4.0
499.5,873.5,-3.141592653589793,38.0,10.0
