CoordX,CoordY,Orient,HalfLen,HalfWid
402.5,319.0,-3.141592653589793,42.0,16.0
463.0,730.5,0.7863073624840237,36.06693124038806,4.982533360769527
556.0,779.0,0.0,31.0,11.0
438.0,954.5,0.0,43.0,8.0
