CoordX,CoordY,Orient,HalfLen,HalfWid
722.5,241.5,0.0,45.0,16.0
417.0,571.0,-1.5707963267948966,46.0,5.0
417.0,685.0,-1.5707963267948966,46.0,5.0
836.5,793.5,-2.356194490192345,41.01219330881976,5.656854249492385
576.1514269073966,801.5684333139196,1.5625878310068766,41.07249436246186,10.122789158992239
975.0,1060.0,-3.141592653589793,46.0,18.0
