CoordX,CoordY,Orient,HalfLen,HalfWid
500.0,126.5,0.0,39.0,19.0
1057.0,126.5,0.0,40.0,19.0
900.5,314.0,-1.5707963267948966,42.0,6.0
410.5,398.0,-1.5707963267948966,43.0,5.0
1030.5,474.5,-3.141592653589793,42.0,6.0
223.0,508.5,-3.141592653589793,42.0,5.0
410.5,590.0,-1.5707963267948966,43.0,5.0
410.5,808.0,-1.5707963267948966,42.0,5.0
969.0,802.5,0.0,38.0,7.0
494.5,972.0,0.0,42.0,18.0
