CoordX,CoordY,Orient,HalfLen,HalfWid
1042.5,344.5,0.0,33.0,4.0
1141.5,390.0,-1.5707963267948966,38.0,4.0
841.5,413.0,0.0,35.0,5.0
1510.5,485.0,-1.5707963267948966,39.0,9.0
1141.5,487.0,-1.5707963267948966,38.0,4.0
1043.5,534.5,0.0,33.0,4.0
815.0,710.5,-3.141592653589793,44.0,7.0
