CoordX,CoordY,Orient,HalfLen,HalfWid
422.0,475.0,-3.141592653589793,47.0,21.0
355.5,534.0,-1.5707963267948966,37.0,13.0
355.5,781.0,-1.5707963267948966,41.0,13.0
360.5,1024.0,-1.5707963267948966,44.0,8.0
233.5,1114.0,0.0,43.0,5.0
423.0,1357.0,-3.141592653589793,47.0,21.0
299.0,1428.5,-1.5707963267948966,41.0,21.0
