CoordX,CoordY,Orient,HalfLen,HalfWid
272.5,362.5,-1.5707963267948966,45.0,12.0
887.2005076142132,340.0913705583756,3.1335124485614747,29.01521353851375,3.1372640567120893
1000.5,340.0,0.0,28.0,3.0
1101.0,391.5,-1.5707963267948966,45.0,5.0
809.5,392.0,-1.5707963267948966,44.0,4.0
1031.5,504.0,-1.5707963267948966,43.0,3.0
921.0,756.5,0.0,45.0,8.0
