CoordX,CoordY,Orient,HalfLen,HalfWid
521.0,327.5,-3.141592653589793,41.0,17.0
313.0,673.0,0.0,42.0,7.0
264.0,858.5,-1.5707963267948966,42.0,6.0
209.5,1002.5,-3.141592653589793,41.0,5.0
327.5,1003.0,-3.141592653589793,45.0,6.0
327.0,1155.0,-3.141592653589793,46.0,17.0
269.0,1434.5,-1.5707963267948966,40.0,6.0
