CoordX,CoordY,Orient,HalfLen,HalfWid
774.0,2016.0,-3.141592653589793,43.0,20.0
849.0,2356.0,-1.5707963267948966,43.0,8.0
1057.0,2415.0,0.0,31.0,8.0
849.0,2536.0,-1.5707963267948966,32.0,8.0
849.0,2700.5,-1.5707963267948966,42.0,8.0
696.0,2757.0,-1.5707963267948966,43.0,8.0
765.5,2822.0,0.0,48.0,8.0
992.0,2822.0,-3.141592653589793,42.0,8.0
765.0,3025.0,0.0,49.0,19.0
