CoordX,CoordY,Orient,HalfLen,HalfWid
223.0,330.5,-1.5707963267948966,41.0,14.0
314.5,403.5,-3.141592653589793,77.0,6.0
852.5,403.5,-3.141592653589793,37.0,6.0
949.0,403.5,0.0,37.0,6.0
1284.5,403.5,-3.141592653589793,31.0,6.0
1199.0,451.5,-1.5707963267948966,32.0,5.0
1046.0,511.0,-1.5707963267948966,30.0,5.0
921.0,751.5,-1.5707963267948966,36.0,5.0
797.0,923.0,-3.141592653589793,42.0,8.0
