CoordX,CoordY,Orient,HalfLen,HalfWid
472.0,1022.5,-1.5707963267948966,43.0,20.0
1102.5,1181.0,-1.5707963267948966,41.0,7.0
856.0,1184.5,-1.5707963267948966,41.0,6.0
1145.5,1300.0,-3.141592653589793,29.0,7.0
988.5,1470.0,-3.141592653589793,47.0,12.0
