CoordX,CoordY,Orient,HalfLen,HalfWid
655.0,460.0,0.0,34.0,4.0
1129.5,493.0,-1.5707963267948966,34.0,11.0
560.0,518.5,-1.5707963267948966,33.0,4.0
560.0,674.0,-1.5707963267948966,34.0,4.0
621.5,799.5,0.0,32.0,9.0
