CoordX,CoordY,Orient,HalfLen,HalfWid
796.5,262.5,-1.5707963267948966,30.0,4.0
760.5,303.5,0.0,27.0,4.0
907.0,351.5,-1.5707963267948966,37.0,4.0
477.0,406.5,-3.141592653589793,78.0,6.0
907.0,452.5,-1.5707963267948966,36.0,4.0
318.5,488.0,-1.5707963267948966,37.0,10.0
755.5,705.5,0.0,27.0,4.0
850.5,708.0,-3.141592653589793,40.0,7.0
