CoordX,CoordY,Orient,HalfLen,HalfWid
1975.0,387.0,-3.141592653589793,36.0,9.0
1029.0,397.0,-3.141592653589793,35.0,10.0
1929.5,835.0,-2.3572159483615027,33.94688602924458,5.691520732257815
938.5,894.0,-1.5707963267948966,34.0,5.0
2012.5,872.5,-3.141592653589793,34.0,5.0
1077.5,993.0,-1.5707963267948966,35.0,5.0
786.5,990.5,-3.141592653589793,34.0,5.0
938.5,1099.0,-1.5707963267948966,35.0,5.0
859.5,1261.0,-3.141592653589793,34.0,10.0
1023.5,1261.0,0.0,35.0,10.0
