CoordX,CoordY,Orient,HalfLen,HalfWid
516.0,242.0,-3.141592653589793,29.0,5.0
413.0,287.5,-1.5707963267948966,36.0,5.0
644.0,326.0,-1.5707963267948966,43.0,5.0
1091.5,327.0,-1.5707963267948966,38.0,10.0
413.0,381.5,-1.5707963267948966,36.0,5.0
448.0,430.0,-3.141592653589793,28.0,5.0
644.0,511.0,-1.5707963267948966,32.0,5.0
721.5,556.0,0.0,27.0,5.0
582.0,634.5,0.0,37.0,10.0
