CoordX,CoordY,Orient,HalfLen,HalfWid
497.0,245.5,-3.141592653589793,33.0,4.0
442.0,382.0,-1.5707963267948966,38.0,5.0
557.0,674.5,0.0,38.0,7.0
