CoordX,CoordY,Orient,HalfLen,HalfWid
1471.5,367.0,-1.5707963267948966,43.0,26.0
717.5,460.0,-3.141592653589793,36.0,5.0
842.5,460.0,0.0,30.0,5.0
636.0,469.5,0.0,29.0,4.0
671.0,521.5,-1.5707963267948966,40.0,5.0
907.0,594.5,-1.5707963267948966,41.0,5.0
671.0,645.0,-1.5707963267948966,40.0,5.0
853.0,859.0,0.0,47.0,17.0
