CoordX,CoordY,Orient,HalfLen,HalfWid
638.5,540.0,0.0,39.0,6.0
519.0,607.5,-1.5707963267948966,40.0,7.0
1367.0,645.0,-3.141592653589793,37.0,16.0
1435.0,763.5,-1.5707963267948966,37.0,7.0
764.0,773.5,-1.5707963267948966,39.0,7.0
519.0,799.5,-1.5707963267948966,40.0,7.0
1728.0,868.0,0.0,27.0,8.0
580.5,899.0,0.0,44.0,7.0
676.5,899.0,0.0,28.0,7.0
577.0,1093.0,-3.141592653589793,43.0,16.0
1523.5,1093.0,0.0,45.0,16.0
