CoordX,CoordY,Orient,HalfLen,HalfWid
507.5,233.0,-1.5707963267948966,43.0,7.0
204.0,467.5,0.0,95.0,7.0
944.0,467.5,-3.141592653589793,44.0,7.0
690.5,601.5,-3.141592653589793,37.0,6.0
508.5,724.5,-1.5707963267948966,41.0,7.0
752.5,724.0,-1.5707963267948966,41.0,7.0
633.0,811.5,-3.141592653589793,72.0,7.0
701.5,1008.0,-3.141592653589793,43.0,8.0
