CoordX,CoordY,Orient,HalfLen,HalfWid
806.0,262.5,-3.141592653589793,32.0,4.0
182.5,376.5,-1.5707963267948966,39.0,7.0
904.0,403.0,-1.5707963267948966,34.0,4.0
1165.0,390.0,-1.5707963267948966,21.0,4.0
600.9939024390244,535.0548780487804,-1.5713005094743258,36.001507972371165,4.017645884632065
904.0,626.5,-1.5707963267948966,38.0,4.0
652.0,594.0,-3.141592653589793,24.0,4.0
846.5,753.5,-3.141592653589793,41.0,7.0
