CoordX,CoordY,Orient,HalfLen,HalfWid
186.0,383.5,0.0,41.0,14.0
245.0,589.0,-1.5707963267948966,38.0,5.0
200.5,639.0,-3.141592653589793,39.0,5.0
198.0,835.5,0.0,37.0,7.0
402.0,877.5,-1.5707963267948966,36.0,5.0
402.5,965.0,-1.5707963267948966,32.0,4.0
720.0,980.0,0.0,31.0,5.0
574.0,1033.0,-1.5707963267948966,41.0,5.0
402.5,1110.5,-1.5707963267948966,41.0,4.0
522.0,1245.0,0.0,45.0,5.0
519.0,1386.0,-3.141592653589793,45.0,16.0
