CoordX,CoordY,Orient,HalfLen,HalfWid
692.0,165.0,-1.5707963267948966,38.0,23.0
675.0,343.5,-1.5707963267948966,37.0,6.0
732.5,694.0,0.0,33.0,5.0
820.0,746.5,-1.5707963267948966,33.0,5.0
410.0,751.5,-1.5707963267948966,33.0,5.0
169.0,918.5,0.0,37.0,22.0
