CoordX,CoordY,Orient,HalfLen,HalfWid
659.5,561.0,0.0,42.0,15.0
358.0,774.5,-1.5707963267948966,63.0,5.0
321.0,1025.0,1.5707963267948966,39.0,5.0
888.0,1035.5,-1.5707963267948966,39.0,5.0
808.0,1086.0,0.0,40.0,5.0
566.0,1200.5,-1.5707963267948966,39.0,5.0
231.0,1284.0,-3.141592653589793,30.0,5.0
625.0,1342.0,0.0,45.0,5.0
626.0,1492.0,0.0,46.0,6.0
