CoordX,CoordY,Orient,HalfLen,HalfWid
809.5,291.0,-3.141592653589793,33.0,3.0
875.0,340.5,-1.5707963267948966,37.0,3.0
180.0,354.5,-1.5707963267948966,37.0,8.0
875.0,441.5,-1.5707963267948966,38.0,3.0
305.0,414.0,0.0,38.0,4.0
554.5,453.0,-1.5707963267948966,28.0,3.0
715.5,453.5,-1.5707963267948966,28.0,3.0
822.5,685.0,-3.141592653589793,37.0,8.0
