CoordX,CoordY,Orient,HalfLen,HalfWid
674.0,208.5,0.0,29.0,9.0
241.5,302.0,-1.5707963267948966,40.0,14.0
682.5,522.5,-3.141592653589793,39.0,5.0
501.5,594.5,-3.141592653589793,39.0,5.0
675.5,870.5,-3.141592653589793,44.0,8.0
