CoordX,CoordY,Orient,HalfLen,HalfWid
1116.0,376.5,-1.5707963267948966,45.0,8.0
793.0,379.0,-1.5707963267948966,44.0,8.0
176.0,475.5,-1.5707963267948966,38.0,8.0
408.5,574.0,-1.5707963267948966,40.0,6.0
487.0,703.0,-3.141592653589793,45.0,11.0
