CoordX,CoordY,Orient,HalfLen,HalfWid
503.0,337.5,-3.141592653589793,47.0,13.0
1081.5,661.5,-1.5707963267948966,37.0,7.0
1035.5,712.5,0.0,36.0,7.0
292.0,725.0,-3.141592653589793,55.0,6.0
1133.5,877.0,0.0,37.0,7.0
1232.5,877.0,-3.141592653589793,36.0,7.0
410.0,1093.0,-1.5707963267948966,45.0,6.0
566.0,1102.5,-1.5707963267948966,40.0,6.0
464.0,1154.0,-3.141592653589793,41.0,6.0
466.5,1298.0,0.0,39.0,13.0
1241.5,1303.5,0.0,42.0,16.0
312.0,2043.5,-1.5707963267948966,43.0,6.0
