CoordX,CoordY,Orient,HalfLen,HalfWid
199.0,389.0,0.0,35.0,6.0
296.5,389.0,-3.141592653589793,37.0,6.0
346.5,661.5,-1.5707963267948966,35.0,5.0
153.5,714.0,-3.141592653589793,44.0,9.0
281.5,714.0,-3.141592653589793,56.0,9.0
552.0,714.0,0.0,40.0,9.0
734.0,771.0,-1.5707963267948966,41.0,9.0
