CoordX,CoordY,Orient,HalfLen,HalfWid
648.0,465.5,0.0,42.0,7.0
1243.5,466.0,0.0,46.0,7.0
1132.0,744.0,0.0,37.0,7.0
1242.5,744.0,0.0,37.0,7.0
1289.0,852.5,-1.5707963267948966,46.0,7.0
696.0,855.0,-1.5707963267948966,41.0,7.0
862.5,1092.5,0.0,46.0,7.0
