CoordX,CoordY,Orient,HalfLen,HalfWid
120.5,382.5,0.0,29.0,4.0
204.5,382.5,-3.141592653589793,35.0,4.0
203.5,542.0,-1.5707963267948966,40.0,5.0
101.5,844.5,-3.141592653589793,41.0,7.0
