CoordX,CoordY,Orient,HalfLen,HalfWid
976.5,433.0,-1.5707963267948966,46.0,5.0
343.5,440.0,-1.5707963267948966,46.0,21.0
976.5,666.0,-1.5707963267948966,50.0,5.0
1066.5,898.5,-1.5707963267948966,47.0,5.0
1243.0,1019.5,-3.141592653589793,39.0,5.0
996.5,1068.0,-3.141592653589793,45.0,12.0
