CoordX,CoordY,Orient,HalfLen,HalfWid
1567.5,427.0,-1.5707963267948966,44.0,12.0
207.0,452.0,-1.5707963267948966,40.0,12.0
748.0,649.0,-1.5707963267948966,41.0,9.0
1261.0,780.0,-1.5707963267948966,41.0,5.0
972.5,767.5,0.0,45.0,4.0
898.5,807.0,-1.5707963267948966,31.0,4.0
1447.5,835.5,0.0,43.0,7.0
1261.0,887.5,-1.5707963267948966,38.0,5.0
973.0,941.0,0.0,45.0,8.0
1124.0,937.0,0.0,31.0,4.0
1209.0,937.0,-3.141592653589793,33.0,4.0
