CoordX,CoordY,Orient,HalfLen,HalfWid
831.5,283.5,-1.5707963267948966,38.0,4.0
721.5,560.0,-1.5707963267948966,29.0,4.0
776.5,686.5,0.0,43.0,7.0
