CoordX,CoordY,Orient,HalfLen,HalfWid
787.5,288.0,0.0,43.0,18.0
691.0,409.5,-1.5707963267948966,42.0,5.0
626.0,467.0,-3.141592653589793,42.0,6.0
786.0,650.0,0.0,42.0,4.0
910.0,704.0,-1.5707963267948966,42.0,6.0
910.0,810.0,-1.5707963267948966,42.0,6.0
570.0,862.5,-3.141592653589793,47.0,5.0
784.0,862.5,-3.141592653589793,43.0,5.0
569.5,1061.0,-3.141592653589793,49.0,18.0
