CoordX,CoordY,Orient,HalfLen,HalfWid
276.0,195.5,-1.5707963267948966,33.0,6.0
366.5,364.5,-1.5707963267948966,64.0,5.0
704.0,471.0,-3.141592653589793,40.0,6.0
138.0,534.0,0.0,32.0,6.0
152.0,821.0,-3.141592653589793,40.0,11.0
