CoordX,CoordY,Orient,HalfLen,HalfWid
2261.5,403.0,-1.5707963267948966,44.0,19.0
1678.0,420.0,-1.5707963267948966,36.0,7.0
1231.0,428.0,-1.5707963267948966,42.0,19.0
1520.0,466.0,-3.141592653589793,66.0,7.0
1822.0,466.0,0.0,38.0,7.0
368.0,608.0,-1.5707963267948966,71.0,6.0
650.0,573.5,-1.5707963267948966,35.0,6.0
2110.0,599.0,-1.5707963267948966,30.0,7.0
753.5,699.0,-3.141592653589793,42.0,19.0
