CoordX,CoordY,Orient,HalfLen,HalfWid
418.0,222.5,-3.141592653589793,39.0,13.0
360.5,433.0,-1.5707963267948966,44.0,6.0
253.0,546.0,0.0,34.0,6.0
189.0,624.5,-1.5707963267948966,29.0,5.0
209.0,742.0,-1.5707963267948966,30.0,5.0
565.5,751.5,-1.5707963267948966,38.0,5.0
336.0,907.5,-1.5707963267948966,39.0,6.0
209.0,911.5,-1.5707963267948966,34.0,5.0
161.0,1001.5,0.0,32.0,7.0
271.0,1049.0,0.0,44.0,5.0
273.5,1178.5,0.0,43.0,12.0
174.5,1291.5,0.0,29.0,3.0
