CoordX,CoordY,Orient,HalfLen,HalfWid
278.0,301.5,0.0,46.0,20.0
195.0,865.5,-1.5707963267948966,41.0,5.0
300.0,1000.5,-1.5707963267948966,46.0,11.0
239.5,1138.0,-3.141592653589793,46.0,9.0
