CoordX,CoordY,Orient,HalfLen,HalfWid
1613.0,153.5,0.0,43.0,15.0
430.0,393.0,-1.5707963267948966,42.0,14.0
1396.0,578.5,-3.141592653589793,42.0,5.0
1483.5,661.5,-1.5707963267948966,41.0,5.0
1357.0,771.5,-3.141592653589793,42.0,5.0
1724.0,771.5,0.0,36.0,5.0
1483.5,826.0,-1.5707963267948966,31.0,5.0
1099.5,968.0,0.0,46.0,10.0
