CoordX,CoordY,Orient,HalfLen,HalfWid
617.0,287.0,-3.141592653589793,46.0,14.0
520.0,348.0,-1.5707963267948966,42.0,11.0
261.0,665.5,-1.5707963267948966,42.0,6.0
383.5,791.5,0.0,46.0,10.0
