CoordX,CoordY,Orient,HalfLen,HalfWid
596.0,361.0,-3.141592653589793,45.0,21.0
339.0,488.5,-1.5707963267948966,38.0,8.0
1243.5,646.5,-1.5707963267948966,45.0,4.0
336.5,664.0,-1.5707963267948966,39.0,5.0
588.5,652.5,0.0,44.0,4.0
469.0,782.0,-3.141592653589793,46.0,10.0
