CoordX,CoordY,Orient,HalfLen,HalfWid
538.5,460.0,-1.5707963267948966,90.0,9.0
248.5,719.5,-3.141592653589793,70.0,9.0
467.5,719.5,-3.141592653589793,43.0,9.0
835.5,719.5,0.0,76.0,9.0
1028.6938159879337,807.7390648567119,-2.2224267522908674,34.122455203869464,9.866321440942501
633.8795811518324,861.9616055846423,-0.0031468591712839108,37.031285339557684,11.097498008374174
1077.0,932.0,-1.5707963267948966,21.0,9.0
985.5,1011.5,0.0,51.0,30.0
