CoordX,CoordY,Orient,HalfLen,HalfWid
639.0,248.5,0.0,43.0,19.0
400.0,897.0,-1.5707963267948966,51.0,12.0
662.5,969.5,-3.141592653589793,44.0,16.0
