CoordX,CoordY,Orient,HalfLen,HalfWid
379.5,243.0,-3.141592653589793,40.0,16.0
742.0,418.0,0.0,40.0,5.0
562.0,667.5,-1.5707963267948966,39.0,5.0
562.0,791.5,-1.5707963267948966,39.0,5.0
562.0,920.5,-1.5707963267948966,37.0,5.0
347.0,963.5,-1.5707963267948966,37.0,6.0
492.5,1011.0,-3.141592653589793,46.0,6.0
489.5,1166.5,-3.141592653589793,46.0,13.0
