CoordX,CoordY,Orient,HalfLen,HalfWid
534.0,135.5,-1.5707963267948966,24.0,18.0
246.5,179.5,0.0,37.0,17.0
306.5,368.0,1.5707963267948966,28.0,6.0
260.0,419.5,-3.141592653589793,35.0,4.0
266.0,595.5,-3.141592653589793,30.0,4.0
490.5,795.0,-1.5707963267948966,34.0,4.0
215.0,873.5,-3.141592653589793,35.0,7.0
710.0,876.0,0.0,38.0,5.0
841.0,876.0,0.0,43.0,5.0
490.5,986.0,-1.5707963267948966,28.0,4.0
542.0,1047.0,-3.141592653589793,42.0,5.0
543.0,1172.5,0.0,42.0,13.0
