CoordX,CoordY,Orient,HalfLen,HalfWid
464.5,760.0,-3.141592653589793,38.0,13.0
654.0,1236.5,-3.141592653589793,38.0,5.0
219.0,1288.5,-1.5707963267948966,29.0,6.0
379.0,1304.5,-1.5707963267948966,33.0,4.0
379.0,1545.5,-1.5707963267948966,39.0,4.0
498.0,1550.5,-1.5707963267948966,39.0,4.0
444.5,1720.0,-3.141592653589793,42.0,4.0
444.5,1853.0,0.0,43.0,13.0
645.5,2168.0,-1.5707963267948966,39.0,6.0
