CoordX,CoordY,Orient,HalfLen,HalfWid
263.5,232.5,-1.5707963267948966,43.0,4.0
346.5,357.0,-3.141592653589793,77.0,6.0
555.5,527.5,-3.141592653589793,42.0,5.0
555.0,653.5,-3.141592653589793,43.0,5.0
