CoordX,CoordY,Orient,HalfLen,HalfWid
532.0,251.5,0.0,37.0,7.0
1218.5,254.5,-3.141592653589793,40.0,7.0
582.5,317.5,-1.5707963267948966,36.0,7.0
715.5,466.5,0.0,32.0,7.0
582.5,737.0,-1.5707963267948966,32.0,7.0
1333.5,766.5,-1.5707963267948966,32.0,7.0
582.5,830.5,-1.5707963267948966,36.0,7.0
1175.0,838.5,-3.141592653589793,36.0,7.0
1277.5,838.5,0.0,36.0,7.0
510.5,946.5,0.0,46.0,7.0
343.0,1066.5,-3.141592653589793,36.0,7.0
507.5,1066.5,-3.141592653589793,41.0,7.0
