CoordX,CoordY,Orient,HalfLen,HalfWid
1186.5232668566002,408.78822412155745,-2.349443501546232,42.38725099640946,6.794035929256952
1409.5,561.0,-1.5707963267948966,40.0,11.0
664.0,579.0,-3.141592653589793,41.0,6.0
827.0,579.0,-3.141592653589793,41.0,6.0
602.0,640.5,-1.5707963267948966,46.0,6.0
1301.0,636.0,-3.141592653589793,42.0,6.0
532.5,797.5,0.0,46.0,11.0
1001.0,1068.5,-3.141592653589793,43.0,11.0
