CoordX,CoordY,Orient,HalfLen,HalfWid
602.0,359.5,0.0,38.0,9.0
1013.0,359.5,0.0,36.0,9.0
967.5,549.0,-1.5707963267948966,33.0,4.0
1009.0,623.5,0.0,27.0,4.0
836.0,852.5,-3.141592653589793,46.0,4.0
967.5,918.5,-1.5707963267948966,32.0,4.0
484.5,978.5,-3.141592653589793,31.0,5.0
603.0,1033.5,-1.5707963267948966,38.0,6.0
904.5,1004.0,0.0,37.0,5.0
741.0,1254.0,0.0,38.0,5.0
742.5,1398.0,0.0,39.0,10.0
407.5,1509.5,-1.5707963267948966,37.0,5.0
