CoordX,CoordY,Orient,HalfLen,HalfWid
437.0,355.0,-3.141592653589793,41.0,16.0
738.5,706.5,-1.5707963267948966,39.0,4.0
952.5,845.0,0.0,36.0,4.0
765.5,889.0,-1.5707963267948966,30.0,4.0
470.5,904.0,-1.5707963267948966,40.0,4.0
179.5,1031.5,-3.141592653589793,40.0,10.0
