CoordX,CoordY,Orient,HalfLen,HalfWid
386.0,232.5,-3.141592653589793,52.0,14.0
470.5,417.5,-1.5707963267948966,45.0,7.0
814.5,581.5,0.0,40.0,4.0
470.49517063747584,640.0315518351578,1.571105958058157,48.00216511789175,7.0148619648487
875.0,642.5,1.5701761220922386,50.00495202095665,7.968988228239683
820.0,776.5,0.0,42.0,7.0
