CoordX,CoordY,Orient,HalfLen,HalfWid
477.5,142.5,-3.141592653589793,41.0,9.0
535.5,666.5,-1.5707963267948966,43.0,5.0
403.0,722.0,-1.5707963267948966,34.0,6.0
200.0,768.5,0.0,32.0,5.0
403.0,823.5,-1.5707963267948966,42.0,6.0
641.5,891.5,-3.141592653589793,31.0,7.0
597.5,978.5,-1.5707963267948966,32.0,5.0
463.0,1023.5,-3.141592653589793,43.0,5.0
463.5,1149.5,-3.141592653589793,43.0,9.0
