CoordX,CoordY,Orient,HalfLen,HalfWid
660.5,174.5,0.23055365549559,45.52786459996384,12.048701408000237
1499.3741903338316,232.82012954658694,-2.868715666548865,37.9809748671992,13.524890365021015
1079.5,438.5,-1.5707963267948966,28.0,6.0
1333.0,446.5,-1.5707963267948966,27.0,6.0
1197.0,621.0,-1.5707963267948966,26.0,6.0
1197.0,760.0,-1.5707963267948966,35.0,6.0
1365.5,807.5,-3.141592653589793,37.0,6.0
334.0,874.5,-1.5707963267948966,22.0,5.0
477.5,1052.5,-1.5707963267948966,37.0,12.0
