CoordX,CoordY,Orient,HalfLen,HalfWid
404.5,308.0,-1.5707963267948966,44.0,16.0
839.0,649.5,0.0,39.0,6.0
583.5,831.5,-1.5707963267948966,37.0,6.0
936.0,810.5,-3.141592653589793,30.0,6.0
489.72325249643364,909.5506419400856,2.3654297598186966,31.772736601532092,6.082889795964455
838.5,945.5,-1.5707963267948966,31.0,6.0
628.0,986.5,-3.141592653589793,34.0,6.0
749.5,986.5,-3.141592653589793,42.0,6.0
746.0,1113.5,-3.141592653589793,44.0,16.0
848.0,1303.5,-1.5707963267948966,40.0,12.0
