CoordX,CoordY,Orient,HalfLen,HalfWid
378.0,361.5,0.0,42.0,18.0
449.5,623.0,-1.5707963267948966,40.0,5.0
449.5,855.0,-1.5707963267948966,41.0,5.0
691.0,999.5,-3.141592653589793,31.0,9.0
413.5,1041.5,-3.141592653589793,46.0,5.0
412.5,1184.5,-3.141592653589793,46.0,17.0
