CoordX,CoordY,Orient,HalfLen,HalfWid
448.0,274.0,-3.141592653589793,45.0,15.0
363.5,526.0,-1.5707963267948966,41.0,4.0
150.54945054945054,585.4945054945055,-3.141188074440498,40.00161504286732,4.016182838161749
249.0,730.0,0.0,40.0,7.0
365.0,826.5,-1.5707963267948966,39.0,3.0
486.5,941.0,0.0,45.0,10.0
