CoordX,CoordY,Orient,HalfLen,HalfWid
247.0,876.5,-3.141592653589793,44.0,7.0
486.5,876.5,-3.141592653589793,41.0,7.0
