CoordX,CoordY,Orient,HalfLen,HalfWid
907.5,337.0,-3.141592653589793,35.0,4.0
1043.0,337.0,0.0,36.0,4.0
262.5,382.5,-1.5707963267948966,35.0,10.0
834.0,404.0,-1.5707963267948966,43.0,4.0
1170.0,406.5,-1.5707963267948966,42.0,4.0
552.0,468.0,0.0,38.0,7.0
1026.0,528.5,-1.5707963267948966,41.0,4.0
834.0,559.0,-1.5707963267948966,36.0,4.0
714.0,559.5,-1.5707963267948966,35.0,4.0
950.5,783.0,0.0,43.0,7.0
