CoordX,CoordY,Orient,HalfLen,HalfWid
772.5,285.5,-3.141592653589793,42.0,6.0
874.0,338.0,-1.5707963267948966,43.0,5.0
551.5,421.0,-1.5707963267948966,43.0,5.0
1095.0,667.5,0.0,33.0,6.0
943.5,822.5,-1.5707963267948966,44.0,6.0
865.5,912.5,0.0,41.0,11.0
1032.5,912.5,-3.141592653589793,40.0,11.0
