CoordX,CoordY,Orient,HalfLen,HalfWid
939.0,1170.0,0.0,35.0,5.0
1639.0,1237.5,-1.5707963267948966,40.0,10.0
830.5,1249.0,-1.5707963267948966,43.0,6.0
1217.0,1423.0,-1.5707963267948966,42.0,6.0
832.0,1427.0,-1.5707963267948966,42.0,5.0
1119.0,1477.5,-3.141592653589793,31.0,5.0
894.5,1681.5,-3.141592653589793,45.0,13.0
