CoordX,CoordY,Orient,HalfLen,HalfWid
744.6188340807175,267.52466367713004,3.1389392372096365,27.013172018038908,5.071624556660755
830.5,318.0,-1.5707963267948966,29.0,5.0
664.5,318.0,-1.5707963267948966,28.0,5.0
186.0,361.5,-3.141592653589793,39.0,11.0
1054.0,764.5,-3.141592653589793,29.0,5.0
790.5,832.0,-1.5707963267948966,29.0,5.0
718.5,950.0,0.0,35.0,11.0
