CoordX,CoordY,Orient,HalfLen,HalfWid
169.5,56.5,-3.141592653589793,39.0,14.0
445.0,186.5,-1.5707963267948966,50.0,5.0
496.5,490.5,-3.141592653589793,40.0,5.0
444.0,643.0,-1.5707963267948966,41.0,4.0
513.5,805.0,0.0,43.0,5.0
512.5,920.5,-3.141592653589793,44.0,9.0
