CoordX,CoordY,Orient,HalfLen,HalfWid
515.0,164.0,-1.5707963267948966,24.0,5.0
671.5,164.0,-1.5707963267948966,24.0,7.0
554.5,237.0,0.0,24.0,3.0
635.0,237.0,0.0,24.0,3.0
515.5,282.5,-1.5707963267948966,34.0,5.0
515.5,446.0,-1.5707963267948966,35.0,5.0
671.5,559.0,-1.5707963267948966,27.0,7.0
609.5,618.0,0.0,46.0,7.0
