CoordX,CoordY,Orient,HalfLen,HalfWid
939.5,403.0,0.0,46.0,23.0
1064.5,482.5,-1.5707963267948966,43.0,5.0
388.0,784.0,-1.5707963267948966,40.0,7.0
1191.5,977.5,-2.404615459498574,36.533559539915764,8.861129534371855
1065.0,1050.0,-1.5707963267948966,41.0,9.0
1000.0,1177.0,-3.141592653589793,47.0,11.0
