CoordX,CoordY,Orient,HalfLen,HalfWid
371.0,262.0,0.0,40.0,16.0
228.8552472858866,602.913148371532,-0.8194971986481149,34.89326756808432,6.592410668494092
135.5,651.0,-3.141592653589793,30.0,6.0
235.5,821.5,-3.141592653589793,40.0,10.0
