CoordX,CoordY,Orient,HalfLen,HalfWid
814.5,312.5,-1.5707963267948966,40.0,15.0
179.0,439.0,-3.141592653589793,42.0,6.0
410.5,555.5,-3.141592653589793,40.0,5.0
496.5,608.5,-1.5707963267948966,31.0,5.0
177.0,791.5,0.0,47.0,10.0
