CoordX,CoordY,Orient,HalfLen,HalfWid
396.5,203.5,0.0,35.0,10.0
1028.0,545.0,0.0,35.0,5.0
1087.0,616.0,-1.5707963267948966,35.0,5.0
888.5,699.0,0.0,31.0,5.0
221.0,711.5,0.0,27.0,4.0
963.0,801.0,-1.5707963267948966,35.0,5.0
183.5,803.0,-1.5707963267948966,26.0,4.0
448.5,854.0,-1.5707963267948966,31.0,4.0
611.5,899.0,-3.141592653589793,39.0,5.0
612.5,1052.5,-3.141592653589793,38.0,10.0
524.5,1135.0,-1.5707963267948966,35.0,5.0
