CoordX,CoordY,Orient,HalfLen,HalfWid
211.8999064546305,555.1421889616464,3.1312360685360514,31.081188701947212,8.123847767404836
153.5,757.5,0.0,33.0,7.0
140.5,887.0,-3.141592653589793,32.0,6.0
255.0,887.0,0.0,45.0,6.0
252.0,1010.5,-3.141592653589793,44.0,9.0
196.5,1067.0,-1.5707963267948966,39.0,5.0
