CoordX,CoordY,Orient,HalfLen,HalfWid
458.0,374.0,-3.141592653589793,33.0,19.0
223.5,742.0,0.0,32.0,7.0
708.5,845.0,0.0,33.0,7.0
314.0,937.5,-1.5707963267948966,34.0,7.0
450.5,996.0,-3.141592653589793,24.0,6.0
190.0,1078.5,-1.5707963267948966,35.0,6.0
654.0,1077.5,-1.5707963267948966,34.0,7.0
255.5,1159.0,0.0,33.0,13.0
