CoordX,CoordY,Orient,HalfLen,HalfWid
1557.0,388.0,-1.5707963267948966,45.0,15.0
182.5,410.5,-1.5707963267948966,43.0,12.0
728.0,615.5,-1.5707963267948966,41.0,9.0
1246.0,748.0,-1.5707963267948966,41.0,4.0
955.5,732.5,-3.141592653589793,46.0,5.0
880.5,776.5,-1.5707963267948966,30.0,5.0
1246.0,859.5,-1.5707963267948966,38.0,4.0
954.5,910.5,-3.141592653589793,45.0,7.0
1107.5,907.0,-3.141592653589793,32.0,4.0
1192.5,907.0,-3.141592653589793,32.0,4.0
