CoordX,CoordY,Orient,HalfLen,HalfWid
409.0,139.5,-1.5707963267948966,33.0,5.0
574.5,144.5,-1.5707963267948966,32.0,5.0
484.5,437.5,-3.141592653589793,30.0,5.0
626.0,437.5,0.0,35.0,5.0
668.0,489.0,-1.5707963267948966,24.0,6.0
343.5,581.5,-3.141592653589793,36.0,5.0
