CoordX,CoordY,Orient,HalfLen,HalfWid
707.5,443.0,-3.141592653589793,41.0,18.0
898.0,747.5,-3.141592653589793,41.0,4.0
1009.5,834.5,-1.5707963267948966,30.0,4.0
1009.5,1006.5,-1.5707963267948966,35.0,4.0
961.0,1130.0,0.0,42.0,10.0
