CoordX,CoordY,Orient,HalfLen,HalfWid
830.0,254.5,-1.5707963267948966,34.0,5.0
830.0,585.5,-1.5707963267948966,36.0,5.0
295.49142156862746,623.2267156862745,0.8483308648537847,34.35728846780648,6.4228283328310845
299.5,697.5,-0.8838221682334811,32.569097376189156,6.064070159903285
426.0,782.5,-1.5707963267948966,34.0,6.0
504.5,843.0,-3.141592653589793,42.0,10.0
511.5,1035.0,0.0,41.0,12.0
