CoordX,CoordY,Orient,HalfLen,HalfWid
616.5,244.5,-3.141592653589793,33.0,15.0
748.5,549.5,-1.5707963267948966,32.0,5.0
720.5,726.5,-1.5707963267948966,32.0,5.0
534.5,762.0,-1.5707963267948966,32.0,5.0
840.0,847.5,-3.141592653589793,34.0,5.0
607.0,1009.5,-3.141592653589793,33.0,15.0
707.0,1173.0,-1.5707963267948966,33.0,5.0
