CoordX,CoordY,Orient,HalfLen,HalfWid
951.5,269.0,0.0,40.0,6.0
1063.0,318.5,-1.5707963267948966,39.0,6.0
322.5,381.0,-1.5707963267948966,38.0,11.0
1063.0,426.0,-1.5707963267948966,40.0,6.0
712.0,595.0,-1.5707963267948966,42.0,6.0
795.0,648.0,0.0,35.0,6.0
937.5,690.5,-3.141592653589793,45.0,8.0
