CoordX,CoordY,Orient,HalfLen,HalfWid
254.5,105.0,-3.141592653589793,42.0,19.0
375.0,537.5,-3.141592653589793,43.0,3.0
279.5,687.0,-1.5707963267948966,40.0,5.0
371.5,858.0,0.0,43.0,10.0
