CoordX,CoordY,Orient,HalfLen,HalfWid
585.5,259.5,0.0,29.0,3.0
496.5,304.0,-1.5707963267948966,37.0,4.0
1258.5,323.5,-1.5707963267948966,36.0,10.0
496.5,400.0,-1.5707963267948966,33.0,4.0
660.0,591.5,-1.5707963267948966,32.0,4.0
606.0,635.5,0.0,43.0,7.0
