CoordX,CoordY,Orient,HalfLen,HalfWid
869.5,189.0,-3.141592653589793,66.0,18.0
194.5,471.0,-3.141592653589793,64.0,16.0
356.5,535.0,-1.5707963267948966,47.0,6.0
871.0,655.0,-3.141592653589793,61.0,7.0
1109.5,655.0,-3.141592653589793,40.0,7.0
803.0,773.5,-1.5707963267948966,41.0,6.0
519.0,805.0,-1.5707963267948966,42.0,5.0
867.0,976.5,0.0,44.0,17.0
