CoordX,CoordY,Orient,HalfLen,HalfWid
563.5,313.5,-1.5707963267948966,37.0,7.0
897.0,391.5,-3.141592653589793,39.0,14.0
535.5,726.5,-3.141592653589793,37.0,6.0
483.5,776.5,-1.5707963267948966,36.0,6.0
241.5,829.5,-3.141592653589793,28.0,6.0
483.5,930.5,-1.5707963267948966,33.0,6.0
340.5,1041.0,-1.5707963267948966,30.0,6.0
554.0,1028.0,-3.141592653589793,30.0,7.0
650.5,1028.0,-3.141592653589793,36.0,7.0
652.5,1196.5,0.0,42.0,14.0
774.5,1322.5,-1.5707963267948966,37.0,8.0
