CoordX,CoordY,Orient,HalfLen,HalfWid
661.5,378.5,0.0,38.0,4.0
543.0,433.5,-1.5707963267948966,43.0,5.0
788.5,441.0,-1.5707963267948966,40.0,4.0
1173.5,493.5,-3.141592653589793,62.0,7.0
1379.5,621.5,-1.5707963267948966,43.0,15.0
543.0,803.0,-1.5707963267948966,42.0,5.0
599.0,938.5,0.0,45.0,8.0
