CoordX,CoordY,Orient,HalfLen,HalfWid
688.0,779.0,-1.5707963267948966,39.0,8.0
223.0,792.5,0.0,40.0,9.0
307.5,899.0,-1.5707963267948966,45.0,9.0
736.0,1172.0,0.0,35.0,6.0
307.5,1224.5,-1.5707963267948966,45.0,9.0
782.0,1233.5,-1.5707963267948966,35.0,6.0
