CoordX,CoordY,Orient,HalfLen,HalfWid
700.5,376.0,-3.141592653589793,42.0,14.0
589.5,630.0,-1.5707963267948966,42.0,6.0
359.5,688.5,-3.141592653589793,31.0,5.0
589.5,836.5,-1.5707963267948966,40.0,6.0
402.5,838.0,-1.5707963267948966,40.0,5.0
589.5,1025.5,-1.5707963267948966,31.0,6.0
652.0,1159.5,-3.141592653589793,48.0,10.0
