CoordX,CoordY,Orient,HalfLen,HalfWid
787.5,225.5,-1.5707963267948966,29.0,5.0
900.0,332.0,0.0,39.0,6.0
304.0,380.5,-1.5707963267948966,45.0,13.0
788.0,406.0,-1.5707963267948966,40.0,5.0
1129.0,703.5,0.0,45.0,8.0
