CoordX,CoordY,Orient,HalfLen,HalfWid
461.0,308.5,0.0,32.0,5.0
591.0,308.5,-3.141592653589793,29.0,5.0
1165.0,365.5,-1.5707963267948966,31.0,12.0
368.0,385.0,-1.5707963267948966,36.0,5.0
665.5,494.0,-1.5707963267948966,38.0,4.0
441.5,494.5,-1.5707963267948966,37.0,4.0
543.0,720.0,0.0,38.0,7.0
