CoordX,CoordY,Orient,HalfLen,HalfWid
431.0,165.0,-3.141592653589793,41.0,17.0
185.0,334.0,0.0,41.0,10.0
409.5,458.5,-3.141592653589793,40.0,5.0
232.0,500.5,0.0,41.0,5.0
233.0,754.0,0.0,41.0,5.0
233.0,915.5,-3.141592653589793,46.0,5.0
233.0,1109.0,-3.141592653589793,46.0,17.0
