CoordX,CoordY,Orient,HalfLen,HalfWid
175.5,435.0,0.0,36.0,4.0
271.0,572.5,-1.5707963267948966,22.0,4.0
153.0,716.0,-3.141592653589793,46.0,11.0
