CoordX,CoordY,Orient,HalfLen,HalfWid
613.5,291.0,-3.141592653589793,19.0,4.0
773.5,291.0,0.0,20.0,4.0
816.0,396.5,-1.5707963267948966,38.0,4.0
643.5,454.5,0.0,37.0,15.0
