CoordX,CoordY,Orient,HalfLen,HalfWid
562.0,95.5,-1.5707963267948966,71.0,5.0
616.0,234.5,-1.5707963267948966,52.0,5.0
101.5,312.5,0.0,37.0,10.0
501.5,312.5,-3.141592653589793,38.0,10.0
663.5,312.5,0.0,37.0,10.0
711.0,544.5,-1.5707963267948966,32.0,6.0
756.5,789.0,-1.5707963267948966,26.0,5.0
662.5,832.5,-3.141592653589793,38.0,10.0
