CoordX,CoordY,Orient,HalfLen,HalfWid
458.0,480.0,0.0,43.0,17.0
119.5,785.5,-3.141592653589793,31.0,5.0
310.0,785.5,-3.141592653589793,40.0,5.0
263.5,850.5,-1.5707963267948966,31.0,5.0
219.5,1063.0,-1.5707963267948966,36.0,5.0
399.5,1068.0,-1.5707963267948966,40.0,5.0
171.5,1177.5,-3.141592653589793,31.0,8.0
343.0,1266.5,0.0,41.0,5.0
348.0,1355.5,0.0,41.0,14.0
