CoordX,CoordY,Orient,HalfLen,HalfWid
1171.0,121.5,-1.5707963267948966,35.0,10.0
470.0,431.0,0.0,40.0,7.0
619.0,431.0,0.0,43.0,7.0
417.0,493.5,-1.5707963267948966,29.0,4.0
667.0,553.0,-1.5707963267948966,34.0,4.0
262.0,632.0,-1.5707963267948966,31.0,3.0
315.5,674.5,-3.141592653589793,39.0,7.0
490.0,674.5,0.0,40.0,7.0
