CoordX,CoordY,Orient,HalfLen,HalfWid
409.0,258.0,-3.141592653589793,42.0,21.0
350.0,527.5,-1.5707963267948966,41.0,6.0
257.5,674.5,-1.5707963267948966,39.0,7.0
319.0,931.5,-1.5707963267948966,39.0,6.0
449.5,961.5,-1.5707963267948966,40.0,5.0
148.0,1082.0,-3.141592653589793,40.0,6.0
373.5,1254.5,0.0,45.0,20.0
