CoordX,CoordY,Orient,HalfLen,HalfWid
899.5,198.0,-1.5707963267948966,33.0,5.0
452.5,242.0,-3.141592653589793,37.0,6.0
578.0,242.0,-3.141592653589793,38.0,6.0
404.5,319.0,-1.5707963267948966,43.0,5.0
1115.5,657.5,-1.5707963267948966,42.0,17.0
466.0,667.0,-1.5707963267948966,43.0,6.0
142.5,720.0,-3.141592653589793,38.0,5.0
563.0,738.5,0.0,43.0,9.0
