CoordX,CoordY,Orient,HalfLen,HalfWid
1015.0,352.5,-1.5707963267948966,53.0,7.0
159.5,351.0,-1.5707963267948966,40.0,11.0
898.0,520.0,0.0,43.0,7.0
572.0,539.5,0.0,37.0,6.0
444.5,724.5,-1.5707963267948966,39.0,7.0
707.0,785.5,-3.141592653589793,47.0,12.0
444.5,836.5,-1.5707963267948966,37.0,7.0
502.5,882.5,0.0,38.0,7.0
