CoordX,CoordY,Orient,HalfLen,HalfWid
283.0,227.0,-1.5707963267948966,40.0,21.0
583.0,332.0,-1.5707963267948966,40.0,5.0
778.0,382.5,-3.141592653589793,57.0,5.0
759.2298474945534,662.9389978213508,0.004701157607887168,34.02783112743115,6.1597724673772065
376.5,772.5,-3.141592653589793,40.0,5.0
655.5,807.5,-1.5707963267948966,39.0,5.0
655.5,974.0,-1.5707963267948966,35.0,5.0
477.0,1058.5,-3.141592653589793,40.0,5.0
593.5,1063.5,-3.141592653589793,45.0,10.0
