CoordX,CoordY,Orient,HalfLen,HalfWid
425.5,355.5,0.0,44.0,13.0
365.5,787.5,0.0,42.0,4.0
313.5,857.5,-1.5707963267948966,32.0,3.0
595.0,901.5,-3.141592653589793,33.0,4.0
426.5,953.5,-1.5707963267948966,42.0,4.0
259.0,1080.5,-1.5707963267948966,42.0,5.0
216.46930280957335,1132.5088449531738,-0.0009335548044287365,29.00745580024522,7.9729234285060055
369.5,1212.5,-3.141592653589793,48.0,4.0
367.0,1322.5,-3.141592653589793,49.0,15.0
303.0,1671.0,-1.5707963267948966,45.0,5.0
