CoordX,CoordY,Orient,HalfLen,HalfWid
183.0,248.5,-3.141592653589793,45.0,13.0
266.0,623.0,0.0,54.0,6.0
864.0,623.0,-3.141592653589793,38.0,6.0
1015.0,623.0,-3.141592653589793,38.0,6.0
1098.4935543278084,698.4383057090239,1.571367636783561,33.001708544353704,3.0188527390076785
521.0,739.0,-1.5707963267948966,39.0,3.0
745.0,788.5,0.0,32.0,3.0
908.0,792.5,0.0,43.0,7.0
