CoordX,CoordY,Orient,HalfLen,HalfWid
431.0,298.0,-1.5707963267948966,34.0,6.0
1114.0,476.5,-1.5707963267948966,33.0,6.0
1114.0,624.5,-1.5707963267948966,33.0,6.0
513.0,647.5,-3.141592653589793,34.0,5.0
423.5,756.5,-1.5707963267948966,32.0,5.0
298.0,760.0,-1.5707963267948966,34.0,11.0
