CoordX,CoordY,Orient,HalfLen,HalfWid
359.5,277.0,-3.141592653589793,46.0,16.0
472.5,624.0,0.0,40.0,6.0
563.0,746.5,-1.5707963267948966,40.0,6.0
420.0,989.5,0.0,45.0,16.0
614.0,987.5,-3.141592653589793,40.0,6.0
