CoordX,CoordY,Orient,HalfLen,HalfWid
487.5,228.5,-1.5707963267948966,41.0,12.0
655.8503688092729,445.4193888303477,2.3627950284103654,43.09990329453207,6.088454566337322
607.5,612.0,-3.141592653589793,41.0,6.0
487.5,755.5,-1.5707963267948966,40.0,12.0
511.4068571428571,1390.2102857142856,0.74098644817372,42.25899880589146,5.384264383964728
744.0,1423.0,0.0,31.0,5.0
373.5,1511.0,-1.5707963267948966,47.0,5.0
550.0,1540.5,-1.5707963267948966,46.0,5.0
430.5,1869.0,-3.141592653589793,47.0,13.0
