CoordX,CoordY,Orient,HalfLen,HalfWid
1072.3754789272032,178.4022988505747,-1.5814061669941983,28.062081899723367,6.286122607940084
832.0,216.5,-3.141592653589793,34.0,6.0
282.5,320.5,-1.5707963267948966,37.0,12.0
826.0,397.0,-3.141592653589793,40.0,6.0
824.5,461.5,-3.141592653589793,39.0,10.0
749.0,516.5,-1.5707963267948966,39.0,11.0
