CoordX,CoordY,Orient,HalfLen,HalfWid
677.0,633.5,0.0,42.0,12.0
953.5,1046.0,0.0,41.0,7.0
1121.5,1046.0,-3.141592653589793,39.0,7.0
1208.0,1137.5,-1.5707963267948966,31.0,7.0
487.0,1151.0,-1.5707963267948966,33.0,7.0
1131.0,1187.0,0.0,42.0,7.0
735.0,1244.0,-3.141592653589793,35.0,7.0
568.5,1332.5,0.0,47.0,6.0
1005.0,1423.5,-1.5707963267948966,33.0,7.0
570.0,1504.0,-3.141592653589793,46.0,10.0
