CoordX,CoordY,Orient,HalfLen,HalfWid
123.0,564.0,-3.141592653589793,22.0,5.0
192.41523341523342,686.1081081081081,0.8791019491848673,16.919886658364582,6.222333603086238
1126.5,693.5,-3.141592653589793,29.0,7.0
1328.0,817.0,-3.141592653589793,39.0,7.0
878.5,858.5,0.0,32.0,7.0
