CoordX,CoordY,Orient,HalfLen,HalfWid
327.5,159.0,-3.141592653589793,26.0,11.0
382.0,262.0,-1.5707963267948966,28.0,5.0
206.0,627.0,-1.5707963267948966,27.0,5.0
253.5,709.0,-3.141592653589793,27.0,11.0
470.0,748.0,-1.5707963267948966,27.0,5.0
417.5,785.0,0.0,26.0,5.0
