CoordX,CoordY,Orient,HalfLen,HalfWid
305.0,417.0,-1.5707963267948966,40.0,14.0
977.5,391.0,-3.141592653589793,41.0,5.0
868.0,443.0,-1.5707963267948966,43.0,5.0
1046.0,441.5,-1.5707963267948966,39.0,5.0
986.5,826.5,-1.5707963267948966,39.0,5.0
1258.5,861.5,-1.5707963267948966,31.0,6.0
918.0,914.0,0.0,40.0,9.0
