CoordX,CoordY,Orient,HalfLen,HalfWid
595.5,202.0,-1.5707963267948966,30.0,5.0
909.0071868583162,206.9671457905544,1.570104310657196,32.00414443431376,7.021450822454401
871.5,392.0,0.0,25.0,5.0
909.0,441.5,-1.5707963267948966,38.0,7.0
758.5,446.0,-1.5707963267948966,31.0,4.0
548.5,492.0,-3.141592653589793,40.0,7.0
909.0,808.0,-1.5707963267948966,36.0,7.0
217.5,807.5,-1.5707963267948966,27.0,12.0
909.0,975.5,-1.5707963267948966,34.0,7.0
814.0,1239.5,0.0,43.0,10.0
