CoordX,CoordY,Orient,HalfLen,HalfWid
698.5258964143426,350.00796812749,-3.140816565699167,32.006975153316326,9.02483209960126
414.5,510.5,-3.141592653589793,41.0,6.0
651.5,557.5,-1.5707963267948966,33.0,6.0
360.5,563.0,-1.5707963267948966,38.0,6.0
536.0,1038.5,-3.141592653589793,45.0,6.0
534.5,1167.0,-3.141592653589793,47.0,19.0
581.5,1644.0,-1.5707963267948966,42.0,6.0
