CoordX,CoordY,Orient,HalfLen,HalfWid
449.5,281.0,-3.141592653589793,40.0,15.0
601.0,739.0,0.0,36.0,5.0
597.0,908.5,-3.141592653589793,42.0,8.0
