CoordX,CoordY,Orient,HalfLen,HalfWid
98.5,367.0,-1.5707963267948966,186.0,16.0
889.5,782.0,-1.5707963267948966,46.0,16.0
1961.5,782.0,0.0,40.0,6.0
2208.0,859.5,-1.5707963267948966,40.0,6.0
1829.5250255362614,867.4657814096016,-0.7858907442777145,40.30821640330207,6.34410674441804
889.5,1016.0,-1.5707963267948966,146.0,16.0
398.0,1222.5,0.0,40.0,7.0
889.5,1376.5,-1.5707963267948966,47.0,16.0
2044.0,1523.5,0.0,45.0,17.0
