CoordX,CoordY,Orient,HalfLen,HalfWid
505.0,372.0,0.0,34.0,11.0
523.5,778.5,-3.141592653589793,33.0,5.0
631.5,778.5,-3.141592653589793,33.0,5.0
444.0,829.0,-1.5707963267948966,33.0,6.0
709.993399339934,844.4620462046205,1.571375802991071,34.003471148507366,6.019121706025586
444.0,1076.0,-1.5707963267948966,34.0,6.0
584.0,1084.5,-1.5707963267948966,33.0,6.0
521.5,1145.0,0.0,34.0,6.0
523.5,1269.0,0.0,34.0,11.0
