CoordX,CoordY,Orient,HalfLen,HalfWid
136.5,419.5,-3.141592653589793,27.0,9.0
362.5,419.5,0.0,42.0,9.0
563.5,419.5,-3.141592653589793,43.0,9.0
297.5,496.5,-1.5707963267948966,31.0,5.0
882.5,548.5,0.0,40.0,8.0
740.5,750.5,0.0,60.0,4.0
151.5,864.5,-3.141592653589793,34.0,5.0
748.0,891.5,0.0,53.0,21.0
156.0,1093.5,0.0,36.0,6.0
346.5,1305.0,-3.141592653589793,42.0,6.0
657.5,1399.0,-1.5707963267948966,40.0,21.0
546.5,1520.0,0.0,45.0,9.0
657.5,1694.0,-1.5707963267948966,120.0,21.0
