CoordX,CoordY,Orient,HalfLen,HalfWid
488.0,158.5,-1.5707963267948966,26.0,5.0
432.0,322.0,0.0,32.0,5.0
524.5,322.0,0.0,26.0,5.0
343.0,388.5,-1.5707963267948966,55.0,5.0
1066.5,371.0,-1.5707963267948966,37.0,9.0
445.0,459.0,0.0,31.0,5.0
882.0,459.0,-3.141592653589793,55.0,5.0
657.5,492.0,-1.568237781180387,25.012710887214222,4.9360200640429985
657.0,613.5,-1.5707963267948966,26.0,5.0
600.0,737.5,-3.141592653589793,37.0,9.0
