CoordX,CoordY,Orient,HalfLen,HalfWid
175.5,482.0,-1.5707963267948966,34.0,15.0
852.5,838.5,-1.5707963267948966,28.0,5.0
773.5,957.0,-3.141592653589793,38.0,8.0
