CoordX,CoordY,Orient,HalfLen,HalfWid
1043.5,309.0,-1.5707963267948966,39.0,6.0
479.5,322.0,-1.5707963267948966,35.0,6.0
532.0,373.0,-3.141592653589793,41.0,7.0
940.0,373.0,0.0,52.0,7.0
821.5,466.0,-1.5707963267948966,30.0,6.0
672.5,471.5,-1.5707963267948966,31.0,6.0
479.5,514.5,-1.5707963267948966,35.0,6.0
540.5,625.0,0.0,39.0,6.0
633.0,625.5,-3.141592653589793,28.0,6.0
