CoordX,CoordY,Orient,HalfLen,HalfWid
440.0,209.0,-1.5707963267948966,40.0,10.0
435.5,381.0,-1.5707963267948966,62.0,5.0
291.5,623.5,-1.5707963267948966,35.0,5.0
435.5,816.0,-1.5707963267948966,42.0,5.0
185.06468716861082,851.0148462354189,3.1401325940767624,31.008727311477923,7.042334249627155
291.5,899.5,-1.5707963267948966,35.0,5.0
379.0,956.5,-3.141592653589793,44.0,5.0
378.5,1036.5,-3.141592653589793,44.0,9.0
201.0,1243.0,-1.5707963267948966,42.0,7.0
