CoordX,CoordY,Orient,HalfLen,HalfWid
919.0,377.0,-3.141592653589793,39.0,15.0
1615.0,377.0,-3.141592653589793,39.0,15.0
1542.0,450.0,-1.5707963267948966,33.0,7.0
843.0,536.0,-1.5707963267948966,105.0,7.0
443.0,559.0,-1.5707963267948966,32.0,7.0
1706.341740226986,651.8070617906684,0.8037340025562812,28.17579939452585,7.562536637404421
935.0,781.5,-3.141592653589793,63.0,6.0
777.0,857.5,-1.5707963267948966,33.0,7.0
777.0,989.5,-1.5707963267948966,31.0,7.0
893.0,1054.0,0.0,82.0,15.0
