CoordX,CoordY,Orient,HalfLen,HalfWid
545.0,696.0,-3.141592653589793,42.0,6.0
418.0,737.0,-3.141592653589793,42.0,6.0
740.0,861.5,-3.141592653589793,34.0,6.0
661.0,945.0,-1.5707963267948966,36.0,6.0
605.5,1037.0,0.0,42.0,5.0
605.5,1112.5,-3.141592653589793,42.0,15.0
