CoordX,CoordY,Orient,HalfLen,HalfWid
360.5,189.0,0.0,41.0,7.0
288.5,694.0,-1.5707963267948966,34.0,3.0
288.5,831.5,-1.5707963267948966,35.0,3.0
350.5,930.5,0.0,46.0,3.0
349.5,1004.0,-3.141592653589793,44.0,9.0
