CoordX,CoordY,Orient,HalfLen,HalfWid
636.0,81.5,-3.141592653589793,48.0,18.0
693.0,685.5,-1.5707963267948966,42.0,6.0
932.5,720.0,-3.141592653589793,42.0,6.0
693.0,836.5,-1.5707963267948966,33.0,6.0
361.5,827.0,-3.141592653589793,32.0,6.0
509.0,896.0,-1.5707963267948966,44.0,6.0
693.0,1020.0,-1.5707963267948966,43.0,6.0
567.0,1111.0,-3.141592653589793,48.0,6.0
567.5,1319.0,0.0,48.0,19.0
