CoordX,CoordY,Orient,HalfLen,HalfWid
876.1993817619783,169.79907264296753,2.356285488802888,30.405141044989502,5.654151705221684
882.0,278.5,-3.141592653589793,34.0,4.0
984.5,328.5,-1.5707963267948966,41.0,4.0
266.5,332.5,-1.5707963267948966,33.0,10.0
984.5,491.0,-1.5707963267948966,39.0,4.0
925.0,746.5,0.0,39.0,9.0
