CoordX,CoordY,Orient,HalfLen,HalfWid
1185.0,140.0,-1.5707963267948966,37.0,11.0
525.0,286.0,-3.141592653589793,30.0,4.0
624.0,375.5,-1.5707963267948966,46.0,4.0
466.5,383.5,-1.5707963267948966,39.0,3.0
1081.0,436.0,0.0,45.0,8.0
466.5,487.5,-1.5707963267948966,39.0,3.0
780.0,552.0,-1.5707963267948966,46.0,4.0
529.5,667.5,-3.141592653589793,40.0,7.0
