CoordX,CoordY,Orient,HalfLen,HalfWid
556.0,377.5,-1.5707963267948966,72.0,6.0
556.0,669.5,-1.5707963267948966,37.0,6.0
830.5,807.0,-3.141592653589793,30.0,8.0
556.0,847.0,-1.5707963267948966,29.0,6.0
556.0,1082.5,-1.5707963267948966,37.0,6.0
496.0,1139.0,-3.141592653589793,40.0,13.0
