CoordX,CoordY,Orient,HalfLen,HalfWid
102.5,252.5,0.0,32.0,6.0
404.5,252.5,-3.141592653589793,37.0,6.0
302.5,652.5,0.0,47.0,6.0
186.5,699.0,-1.5707963267948966,36.0,6.0
303.5,907.5,-3.141592653589793,46.0,6.0
