CoordX,CoordY,Orient,HalfLen,HalfWid
752.0,180.0,-3.141592653589793,35.0,7.0
754.0,544.0,0.0,35.0,9.0
842.0,610.5,-1.5707963267948966,25.0,6.0
577.0,656.5,-1.5707963267948966,30.0,6.0
842.0,762.0,-1.5707963267948966,28.0,6.0
782.5,1019.0,-3.141592653589793,39.0,9.0
