CoordX,CoordY,Orient,HalfLen,HalfWid
812.0,446.5,-3.141592653589793,39.0,17.0
745.5,524.0,-1.5707963267948966,59.0,6.0
700.5,865.5,-3.141592653589793,35.0,6.0
173.5,1066.0,0.0,43.0,10.0
745.5,1097.0,-1.5707963267948966,39.0,6.0
422.0,1122.5,-1.5707963267948966,42.0,20.0
745.5,1325.0,-1.5707963267948966,40.0,6.0
894.5,1328.0,-1.5707963267948966,40.0,6.0
1032.0,1452.5,0.0,39.0,8.0
838.5,1608.5,0.0,45.0,18.0
