CoordX,CoordY,Orient,HalfLen,HalfWid
966.5,287.5,-1.5707963267948966,38.0,6.0
293.0,338.0,-1.5707963267948966,38.0,17.0
966.5,537.0,-1.5707963267948966,41.0,6.0
1260.5,618.0,-3.141592653589793,30.0,6.0
966.5,663.0,-1.5707963267948966,34.0,6.0
966.5,851.5,-1.5707963267948966,35.0,6.0
901.5,961.0,0.0,46.0,12.0
