CoordX,CoordY,Orient,HalfLen,HalfWid
631.5,290.5,-3.141592653589793,46.0,15.0
373.5,581.0,-1.5707963267948966,41.0,5.0
221.0,851.5,-3.141592653589793,42.0,9.0
281.0,966.5,-1.5707963267948966,41.0,5.0
389.5,1122.5,-3.141592653589793,47.0,9.0
