CoordX,CoordY,Orient,HalfLen,HalfWid
580.0,160.0,-1.5707963267948966,36.0,6.0
644.0,452.5,3.1398166246343924,30.008832825938274,4.946711273653374
687.5,518.0,-1.5707963267948966,26.0,5.0
534.5,595.5,-3.141592653589793,40.0,7.0
