CoordX,CoordY,Orient,HalfLen,HalfWid
563.5,354.0,-1.5707963267948966,24.0,4.0
1392.5,356.5,-1.5707963267948966,24.0,5.0
182.45540796963948,449.00948766603415,0.0012323921782905606,23.00614449324334,5.027108824083603
272.5,501.0,-1.5707963267948966,26.0,6.0
163.0,570.0,-3.141592653589793,23.0,5.0
174.0,680.5,0.0,25.0,10.0
