CoordX,CoordY,Orient,HalfLen,HalfWid
423.0,285.5,-1.5707963267948966,115.0,6.0
1150.0,476.0,-1.5707963267948966,32.0,8.0
546.0,572.0,-1.5707963267948966,26.0,6.0
424.0,821.0,-1.5707963267948966,22.0,6.0
466.5,889.5,0.0,28.0,7.0
