CoordX,CoordY,Orient,HalfLen,HalfWid
304.5,269.5,-1.5707963267948966,43.0,8.0
937.5,359.0,-1.5707963267948966,40.0,4.0
355.0,390.0,-1.5707963267948966,40.0,5.0
814.5,481.0,-1.5707963267948966,40.0,4.0
893.0,664.0,0.0,45.0,10.0
