CoordX,CoordY,Orient,HalfLen,HalfWid
414.0,396.5,0.0,36.0,11.0
920.5,397.0,-3.141592653589793,36.0,12.0
827.5691358024692,607.516049382716,3.1398785575815906,28.010243437271306,6.047985850354059
985.5,724.0,-3.141592653589793,36.0,5.0
924.5,771.5,-1.5707963267948966,31.0,5.0
980.0,911.5,-3.141592653589793,37.0,5.0
410.0,1089.5,0.0,35.0,5.0
525.5,1089.5,-3.141592653589793,33.0,5.0
410.0,1239.5,0.0,36.0,11.0
457.5,1569.5,-1.5707963267948966,33.0,5.0
