CoordX,CoordY,Orient,HalfLen,HalfWid
382.0,453.0,-1.5707963267948966,40.0,18.0
1177.0,460.0,-1.5707963267948966,41.0,6.0
1177.0,563.0,-1.5707963267948966,41.0,6.0
1487.0,837.0,0.0,35.0,6.0
1338.5,885.0,-1.5707963267948966,36.0,5.0
1287.0,1001.5,0.0,41.0,5.0
1431.5,1061.0,-1.5707963267948966,40.0,6.0
1109.0,1037.0,-3.141592653589793,46.0,10.0
