CoordX,CoordY,Orient,HalfLen,HalfWid
1131.5,385.5,-3.141592653589793,49.0,18.0
1767.5,385.5,-3.141592653589793,49.0,18.0
604.0,455.5,-1.5707963267948966,49.0,11.0
1850.0,530.0,-1.5707963267948966,43.0,5.0
1775.0,679.0,0.0,44.0,5.0
1850.5,761.0,-1.5707963267948966,44.0,5.0
1502.0,1062.5,-3.141592653589793,44.0,5.0
604.0,1284.5,-1.5707963267948966,51.0,11.0
1675.0,1285.5,-1.5707963267948966,51.0,6.0
1548.5,1357.0,-3.141592653589793,49.0,19.0
