CoordX,CoordY,Orient,HalfLen,HalfWid
961.0,286.5,0.0,42.0,7.0
1443.5,286.5,-3.141592653589793,41.0,7.0
1366.5,487.0,-1.5707963267948966,41.0,7.0
1426.5,584.5,-3.141592653589793,41.0,7.0
966.5,755.5,-1.5707963267948966,40.0,7.0
1428.0,738.5,0.0,43.0,7.0
708.0,876.5,0.0,37.0,7.0
966.5,935.5,-1.5707963267948966,42.0,7.0
1105.5,961.5,-1.5707963267948966,42.0,7.0
1029.0,1191.5,-3.141592653589793,44.0,7.0
