CoordX,CoordY,Orient,HalfLen,HalfWid
542.5,149.5,0.0,45.0,14.0
244.5,773.0,-3.141592653589793,35.0,7.0
351.5,774.0,0.0,36.0,6.0
723.5,793.5,0.0,40.0,6.0
294.5,897.0,-1.5707963267948966,40.0,6.0
600.5,1147.0,-1.5707963267948966,41.0,6.0
433.5,1147.0,-1.5707963267948966,40.0,6.0
501.5,1263.0,-3.141592653589793,45.0,6.0
501.0,1408.0,-3.141592653589793,46.0,14.0
