CoordX,CoordY,Orient,HalfLen,HalfWid
426.0,478.0,-3.141592653589793,42.0,6.0
680.0,478.0,0.0,37.0,6.0
277.5,593.0,-1.5707963267948966,39.0,5.0
235.5,769.0,0.0,30.0,7.0
387.5,769.0,-3.141592653589793,31.0,7.0
475.5,769.0,-3.141592653589793,40.0,7.0
490.0,930.0,-3.141592653589793,42.0,12.0
338.0,1081.5,-1.5707963267948966,39.0,6.0
