CoordX,CoordY,Orient,HalfLen,HalfWid
481.5,96.5,0.0,45.0,23.0
289.0,473.0,-1.5707963267948966,45.0,5.0
191.0,864.5,-3.141592653589793,45.0,10.0
