CoordX,CoordY,Orient,HalfLen,HalfWid
793.0,480.5,-3.141592653589793,41.0,12.0
895.5,785.0,-1.5707963267948966,41.0,5.0
895.5,1141.0,-1.5707963267948966,40.0,5.0
1082.5,1230.5,-3.141592653589793,35.0,5.0
506.5,1240.5,0.0,38.0,5.0
606.0,1240.5,0.0,35.0,5.0
503.0,1405.5,-3.141592653589793,40.0,13.0
969.5,1600.5,-1.5707963267948966,39.0,7.0
