CoordX,CoordY,Orient,HalfLen,HalfWid
686.5,566.0,-3.141592653589793,36.0,13.0
415.5,1100.5,0.0,29.0,4.0
647.5,1189.0,-1.5707963267948966,34.0,4.0
647.0,1329.0,1.5707963267948966,39.0,5.0
722.0,1495.0,-3.141592653589793,42.0,5.0
722.0,1565.0,-3.141592653589793,42.0,8.0
