CoordX,CoordY,Orient,HalfLen,HalfWid
772.5,225.0,-3.141592653589793,35.0,27.0
462.5,551.5,-1.5707963267948966,35.0,6.0
532.5,638.5,-3.141592653589793,34.0,6.0
356.5,715.0,-1.5707963267948966,30.0,6.0
636.5,733.0,-1.5707963267948966,35.0,6.0
553.0,825.0,-3.141592653589793,35.0,12.0
