CoordX,CoordY,Orient,HalfLen,HalfWid
593.0,171.0,-1.5707963267948966,71.0,5.0
539.5,430.0,-3.141592653589793,41.0,5.0
689.0,430.0,0.0,36.0,5.0
468.5,535.5,-1.5707963267948966,30.0,5.0
732.0,576.0,-3.141592653589793,30.0,5.0
831.0,616.0,-3.141592653589793,42.0,8.0
