CoordX,CoordY,Orient,HalfLen,HalfWid
622.0,328.5,-3.141592653589793,46.0,17.0
386.5,598.0,-1.5707963267948966,39.0,5.0
789.0,728.5,-1.5707963267948966,38.0,6.0
932.0,785.0,-3.141592653589793,29.0,6.0
789.0,901.0,-1.5707963267948966,34.0,6.0
900.5,1144.5,0.0,40.0,8.0
789.0,1264.0,-1.5707963267948966,40.0,6.0
713.5,1370.0,-3.141592653589793,44.0,11.0
