CoordX,CoordY,Orient,HalfLen,HalfWid
431.5,285.0,0.0,38.0,12.0
1137.5,306.0,-3.141592653589793,36.0,12.0
319.5,708.5,0.0,38.0,6.0
425.5,708.5,-3.141592653589793,37.0,6.0
495.5,816.5,-1.5707963267948966,35.0,6.0
321.0,923.5,0.0,37.0,6.0
446.0,923.5,0.0,38.0,6.0
507.5,1167.0,-1.5707963267948966,35.0,5.0
1156.0,1155.0,0.0,28.0,9.0
1255.0,1155.0,-3.141592653589793,42.0,9.0
1256.5,1333.5,-3.141592653589793,40.0,11.0
