CoordX,CoordY,Orient,HalfLen,HalfWid
608.0,300.5,0.0,38.0,16.0
295.0,622.0,0.0,40.0,5.0
545.5,622.0,0.0,71.0,5.0
154.0,781.0,0.0,41.0,5.0
204.0,1001.5,-1.5707963267948966,39.0,5.0
118.5,1226.0,-3.141592653589793,34.0,5.0
76.5,1392.0,0.0,44.0,10.0
