CoordX,CoordY,Orient,HalfLen,HalfWid
296.0,231.5,-1.5707963267948966,41.0,5.0
422.4939172749392,771.9805352798054,-1.5713201885132118,39.00628098892592,12.020428959493263
269.5,1145.0,0.0,27.0,8.0
391.0,1146.5,-3.141592653589793,28.0,6.0
312.0,1190.0,-1.5707963267948966,32.0,5.0
618.0,1347.5,-3.141592653589793,38.0,5.0
567.0,1401.5,-1.5707963267948966,38.0,6.0
436.5,1450.0,-1.5707963267948966,38.0,5.0
502.0,1532.5,-3.141592653589793,40.0,6.0
503.5,1659.5,-3.141592653589793,40.0,12.0
