CoordX,CoordY,Orient,HalfLen,HalfWid
105.0,212.5,0.0,37.0,6.0
567.0,579.0,-3.141592653589793,47.0,3.0
567.0,676.5,-3.141592653589793,47.0,12.0
