CoordX,CoordY,Orient,HalfLen,HalfWid
273.0,411.5,0.0,39.0,12.0
802.5,855.5,0.0,38.0,5.0
973.0,855.5,-3.141592653589793,39.0,5.0
743.0,978.5,-3.141592653589793,34.0,5.0
1095.5,1043.5,-1.5707963267948966,34.0,5.0
1032.5,1176.0,0.0,38.0,12.0
