CoordX,CoordY,Orient,HalfLen,HalfWid
947.5,435.5,0.0,43.0,7.0
215.0,480.0,-1.5707963267948966,43.0,12.0
1015.5,506.5,-1.5707963267948966,46.0,7.0
819.0,718.0,1.5696944201749468,38.00879218141225,7.95812270012318
1015.5,748.5,-1.5707963267948966,45.0,7.0
1316.0,892.0,0.0,45.0,12.0
1015.5,1054.5,-1.5707963267948966,34.0,7.0
1015.5,1208.5,-1.5707963267948966,46.0,7.0
956.0,1343.5,0.0,51.0,15.0
