CoordX,CoordY,Orient,HalfLen,HalfWid
615.5,417.5,0.0,41.0,16.0
715.5,683.5,-1.5707963267948966,41.0,4.0
229.0,897.0,-3.141592653589793,46.0,18.0
906.5,919.0,-3.141592653589793,36.0,7.0
766.5,1049.5,0.0,37.0,4.0
907.0,1189.5,-3.141592653589793,42.0,4.0
845.5,1245.5,-1.5707963267948966,41.0,4.0
637.5,1268.0,-1.5707963267948966,43.0,4.0
697.5,1494.0,0.0,45.0,17.0
767.0,1637.5,-1.5707963267948966,40.0,13.0
