CoordX,CoordY,Orient,HalfLen,HalfWid
1733.0,442.0,0.0,41.0,5.0
1921.0,442.0,0.0,40.0,5.0
987.5,524.0,-1.5707963267948966,45.0,24.0
1676.0,565.0,0.0,40.0,5.0
1970.5,649.5,-1.5707963267948966,40.0,6.0
1970.5,963.5,-1.5707963267948966,39.0,6.0
2055.0,1223.5,-1.5707963267948966,39.0,5.0
1981.5,1287.5,0.0,45.0,12.0
