CoordX,CoordY,Orient,HalfLen,HalfWid
410.5,364.5,-1.5707963267948966,35.0,10.0
618.5,761.5,-1.5707963267948966,35.0,2.0
441.0,858.0,-1.5707963267948966,34.0,4.0
314.5,984.5,-3.141592653589793,28.0,3.0
441.0,1072.0,-1.5707963267948966,30.0,4.0
618.5,1085.0,-1.5707963267948966,36.0,2.0
486.0,1165.0,-3.141592653589793,35.0,7.0
787.5,1163.5,-3.141592653589793,28.0,4.0
