CoordX,CoordY,Orient,HalfLen,HalfWid
248.5,159.5,-1.5707963267948966,33.0,11.0
862.0,224.5,0.0,32.0,5.0
950.5,270.5,-1.5707963267948966,32.0,5.0
782.5,351.5,-1.5707963267948966,33.0,5.0
950.5,361.5,-1.5707963267948966,31.0,5.0
833.5,599.5,-3.141592653589793,32.0,11.0
