CoordX,CoordY,Orient,HalfLen,HalfWid
1248.0,256.5,-1.5707963267948966,43.0,17.0
796.5,337.5,0.0,39.0,15.0
1250.5,402.0,-1.5707963267948966,40.0,14.0
731.0,453.0,-1.5707963267948966,40.0,6.0
670.580375782881,505.482254697286,-3.1402354657876894,39.010821580893925,8.052922940199007
800.5,659.0,0.0,40.0,6.0
916.0,706.5,-1.5707963267948966,39.0,8.0
916.0,808.5,-1.5707963267948966,38.0,8.0
685.0,913.0,0.0,45.0,6.0
806.0,913.0,-3.141592653589793,40.0,6.0
682.0,1080.5,0.0,44.0,14.0
