CoordX,CoordY,Orient,HalfLen,HalfWid
493.5,240.5,-3.141592653589793,30.0,5.0
627.5,240.5,-3.141592653589793,30.0,5.0
412.5,307.0,-1.5707963267948966,31.0,5.0
736.5,310.5,-1.5707963267948966,31.0,5.0
886.5,355.5,0.0,59.0,7.0
1151.0,462.0,-1.5707963267948966,31.0,10.0
577.0,727.0,-3.141592653589793,31.0,10.0
