CoordX,CoordY,Orient,HalfLen,HalfWid
215.0,252.5,0.0,37.0,8.0
253.0,973.5,-1.5707963267948966,28.0,6.0
187.5,1036.0,-3.141592653589793,45.0,8.0
