CoordX,CoordY,Orient,HalfLen,HalfWid
281.5,202.5,0.0,44.0,7.0
1056.0,203.5,-3.141592653589793,44.0,7.0
1123.5,353.5,-1.5707963267948966,44.0,7.0
1253.5,482.5,-3.141592653589793,41.0,7.0
477.0,483.5,0.0,31.0,7.0
1123.5,533.5,-1.5707963267948966,40.0,7.0
1194.5,631.0,-1.5707963267948966,39.0,7.0
547.5,633.0,-1.5707963267948966,34.0,9.0
1330.5,681.5,-3.141592653589793,39.0,7.0
316.5,889.5,-1.5707963267948966,31.0,7.0
375.0,930.5,-3.141592653589793,44.0,7.0
