CoordX,CoordY,Orient,HalfLen,HalfWid
552.0,241.5,0.0,43.0,16.0
616.0,851.5,-1.5707963267948966,34.0,6.0
383.0,885.5,-1.5707963267948966,40.0,6.0
458.5,934.5,0.0,31.0,4.0
558.0,934.5,0.0,48.0,4.0
660.0893223819302,936.8850102669404,-0.008594728637784928,32.058980457275446,7.137255424008805
557.5,1090.0,0.0,49.0,13.0
