CoordX,CoordY,Orient,HalfLen,HalfWid
370.5,511.5,-3.141592653589793,43.0,4.0
486.0,511.5,-3.141592653589793,40.0,4.0
535.0,553.5,-1.5707963267948966,32.0,5.0
412.5,706.0,-3.141592653589793,42.0,8.0
