CoordX,CoordY,Orient,HalfLen,HalfWid
557.5,228.5,-1.5707963267948966,36.0,7.0
414.5,546.5,-3.141592653589793,39.0,7.0
630.0,546.5,0.0,37.0,7.0
557.5,626.0,-1.5707963267948966,36.0,7.0
