CoordX,CoordY,Orient,HalfLen,HalfWid
978.0,211.0,-1.5707963267948966,27.0,6.0
978.0,399.0,-1.5707963267948966,40.0,6.0
482.5,455.5,0.0,76.0,6.0
706.0,455.5,0.0,39.0,6.0
978.0,497.0,-1.5707963267948966,35.0,6.0
655.5,549.0,-1.5707963267948966,35.0,6.0
896.0,544.0,-3.141592653589793,30.0,6.0
712.5,730.0,-3.141592653589793,44.0,13.0
