CoordX,CoordY,Orient,HalfLen,HalfWid
792.5,440.0,-3.141592653589793,42.0,14.0
500.5,575.0,-1.5707963267948966,43.0,9.0
183.0,868.0,-3.141592653589793,33.0,5.0
1014.0,909.0,0.0,44.0,5.0
500.5,958.5,-1.5707963267948966,39.0,9.0
1070.5,1086.5,-3.141592653589793,48.0,9.0
