CoordX,CoordY,Orient,HalfLen,HalfWid
1099.5,300.0,-1.5707963267948966,40.0,11.0
645.5,306.0,-1.5707963267948966,35.0,5.0
276.0,478.5,-3.141592653589793,40.0,5.0
509.5,582.5,-1.5707963267948966,34.0,5.0
509.5,764.5,-1.5707963267948966,34.0,5.0
581.0,872.5,-3.141592653589793,43.0,11.0
