CoordX,CoordY,Orient,HalfLen,HalfWid
183.0,268.0,-3.141592653589793,44.0,19.0
237.5,874.5,-1.5707963267948966,39.0,3.0
301.5,1026.0,0.0,45.0,9.0
