CoordX,CoordY,Orient,HalfLen,HalfWid
561.5,474.0,-3.141592653589793,40.0,14.0
722.5,677.5,-1.5707963267948966,40.0,4.0
722.4854368932039,869.5,-1.5707963267948966,30.0,4.0
886.0,944.5,-3.141592653589793,31.0,4.0
755.5,998.0,-1.5707963267948966,32.0,4.0
657.5,1100.5,0.0,44.0,7.0
