CoordX,CoordY,Orient,HalfLen,HalfWid
284.5,425.5,-1.5707963267948966,38.0,14.0
1274.0,529.0,-1.5707963267948966,45.0,6.0
1111.5,568.0,-1.5707963267948966,35.0,4.0
1274.0,691.5,-1.5707963267948966,43.0,6.0
1111.5,734.0,-1.5707963267948966,34.0,4.0
1168.5,962.0,-3.141592653589793,44.0,8.0
1392.5,1083.0,-3.141592653589793,35.0,8.0
