CoordX,CoordY,Orient,HalfLen,HalfWid
1436.0,527.5,-3.141592653589793,44.0,20.0
1326.5,841.0,-1.5707963267948966,42.0,7.0
1162.0,1108.5,0.0,37.0,10.0
1229.5,1167.5,-1.5707963267948966,40.0,5.0
1280.0,1325.5,-3.141592653589793,43.0,5.0
1405.5,1325.5,-3.141592653589793,48.0,5.0
1404.0,1498.5,-3.141592653589793,50.0,20.0
