CoordX,CoordY,Orient,HalfLen,HalfWid
40.0,430.0,-1.5707963267948966,42.0,7.0
253.0,522.0,-1.5707963267948966,40.0,6.0
183.0,574.0,-3.141592653589793,41.0,6.0
189.5,772.0,0.0,46.0,19.0
423.5,772.0,-3.141592653589793,40.0,19.0
360.5,919.0,-1.5707963267948966,35.0,4.0
