CoordX,CoordY,Orient,HalfLen,HalfWid
827.0,330.5,-1.5707963267948966,44.0,8.0
672.5,588.5,-1.5707963267948966,41.0,5.0
305.0,635.0,-1.5707963267948966,41.0,5.0
377.0,712.0,0.0,46.0,6.0
