CoordX,CoordY,Orient,HalfLen,HalfWid
409.0,322.5,-3.141592653589793,46.0,16.0
915.5,810.5,-3.141592653589793,44.0,5.0
1029.5,810.5,-3.141592653589793,44.0,5.0
1089.5,852.0,-1.5707963267948966,30.0,6.0
1021.0,946.5,-3.141592653589793,40.0,5.0
913.0153597413096,985.9531123686338,1.5690295855698413,29.015855402834223,10.049453121697749
474.5,1116.5,-3.141592653589793,43.0,5.0
594.5,1120.5,0.0,45.0,9.0
