CoordX,CoordY,Orient,HalfLen,HalfWid
218.0,338.5,-1.5707963267948966,52.0,19.0
894.0,332.0,-3.141592653589793,35.0,7.0
1000.5,393.5,-1.5707963267948966,42.0,9.0
1112.5,513.5,-1.5707963267948966,40.0,8.0
988.5,640.0,-1.5707963267948966,33.0,7.0
988.5,749.0,-1.5707963267948966,36.0,7.0
928.5,855.0,0.0,48.0,16.0
