CoordX,CoordY,Orient,HalfLen,HalfWid
759.0,323.0,-1.5707963267948966,38.0,6.0
375.0,476.5,-1.5707963267948966,32.0,5.0
251.0,569.0,-3.141592653589793,38.0,6.0
