CoordX,CoordY,Orient,HalfLen,HalfWid
1251.0,466.0,-1.5707963267948966,39.0,9.0
732.5,476.5,-1.5707963267948966,37.0,8.0
326.5,525.5,0.0,43.0,7.0
1251.0,574.5,-1.5707963267948966,38.0,9.0
730.0,573.5,-1.5707963267948966,36.0,6.0
584.5,584.0,-1.5707963267948966,34.0,5.0
584.5,727.5,-1.5707963267948966,33.0,5.0
651.0,833.0,-3.141592653589793,47.0,11.0
