CoordX,CoordY,Orient,HalfLen,HalfWid
591.5,274.0,0.0,36.0,6.0
1304.5,347.0,-1.5707963267948966,41.0,14.0
528.0,362.5,-1.5707963267948966,39.0,6.0
588.5,469.5,-3.141592653589793,40.0,12.0
759.8427835051547,462.4716494845361,-0.0025777750601566804,32.012782542297224,5.07989432606298
