CoordX,CoordY,Orient,HalfLen,HalfWid
1150.5,549.5,0.0,38.0,15.0
1079.0,916.0,-1.5707963267948966,41.0,4.0
885.5,1031.0,-3.141592653589793,30.0,4.0
1079.0,1115.5,-1.5707963267948966,30.0,4.0
1254.0,1142.0,-1.5707963267948966,36.0,4.0
1303.0,1322.0,-3.141592653589793,33.0,7.0
1139.5,1354.0,-3.141592653589793,40.0,4.0
1140.0,1490.0,-3.141592653589793,40.0,14.0
1331.0,1810.0,-3.141592653589793,41.0,8.0
