CoordX,CoordY,Orient,HalfLen,HalfWid
183.5,676.5,-1.5707963267948966,40.0,4.0
246.0,811.5,-3.141592653589793,45.0,10.0
