CoordX,CoordY,Orient,HalfLen,HalfWid
1034.2834831992427,308.4041646947468,-0.007119033586516036,37.09160906703397,13.263072595027277
665.0,483.0,-1.5707963267948966,75.0,4.0
570.5,648.0,-1.5707963267948966,37.0,4.0
675.5,697.5,-3.141592653589793,37.0,5.0
814.5,744.0,-1.5707963267948966,28.0,7.0
997.0,1097.0,-3.141592653589793,42.0,9.0
