CoordX,CoordY,Orient,HalfLen,HalfWid
605.0,219.0,-1.5707963267948966,36.0,6.0
350.5,291.5,0.0,41.0,15.0
430.5,540.0,-1.5707963267948966,42.0,5.0
479.5,884.0,-1.5707963267948966,41.0,5.0
376.0,935.5,-3.141592653589793,47.0,5.0
561.0,935.5,-3.141592653589793,31.0,5.0
377.5,1107.0,0.0,47.0,16.0
