CoordX,CoordY,Orient,HalfLen,HalfWid
1131.5,427.0,-1.5707963267948966,39.0,16.0
489.5,418.0,-3.141592653589793,37.0,6.0
439.5,473.5,-1.5707963267948966,38.0,5.0
599.5,634.0,-1.5707963267948966,38.0,6.0
252.5,776.5,-1.5707963267948966,26.0,8.0
471.006600660066,831.4620462046205,1.5702168505987222,34.003471148507366,6.019121706025586
544.5,939.0,0.0,43.0,9.0
