CoordX,CoordY,Orient,HalfLen,HalfWid
370.5,309.0,0.0,40.0,12.0
175.5,849.5,0.0,30.0,6.0
324.5,961.0,-1.5707963267948966,41.0,6.0
536.5,987.5,0.0,30.0,6.0
481.5,1038.5,-1.5707963267948966,40.0,5.0
379.0,1127.5,0.0,46.0,6.0
380.0,1250.0,-3.141592653589793,46.0,12.0
