CoordX,CoordY,Orient,HalfLen,HalfWid
454.5,287.0,-3.141592653589793,45.0,18.0
344.5,792.5,-1.5707963267948966,41.0,6.0
235.0,855.0,0.0,40.0,7.0
415.5,994.5,-3.141592653589793,47.0,11.0
