CoordX,CoordY,Orient,HalfLen,HalfWid
434.5,382.5,0.0,45.0,12.0
998.5,978.0,-1.5707963267948966,32.0,6.0
250.5,982.5,-1.5707963267948966,31.0,5.0
1055.0,1083.5,0.0,42.0,6.0
1163.0,1083.5,-3.141592653589793,41.0,6.0
377.5,1203.5,-1.5707963267948966,52.0,5.0
209.5,1192.5,-3.141592653589793,31.0,5.0
251.0,1260.0,-1.5707963267948966,37.0,5.0
321.5,1324.5,-3.141592653589793,42.0,6.0
323.5,1469.0,0.0,42.0,11.0
