CoordX,CoordY,Orient,HalfLen,HalfWid
388.0,249.5,-1.5707963267948966,42.0,8.0
251.0,469.0,-3.141592653589793,41.0,8.0
676.5,469.0,-3.141592653589793,41.0,8.0
1018.0,578.0,-1.5707963267948966,35.0,10.0
816.0,631.0,-1.5707963267948966,43.0,9.0
518.0,633.5,-1.5707963267948966,37.0,8.0
1172.0,647.0,0.0,39.0,8.0
596.0,695.5,-3.141592653589793,31.0,5.0
754.5,695.5,-3.141592653589793,37.0,5.0
939.0,775.0,-3.141592653589793,47.0,12.0
