CoordX,CoordY,Orient,HalfLen,HalfWid
650.5,312.5,0.0,37.0,17.0
513.0,828.5,-1.5707963267948966,39.0,5.0
819.0,882.0,0.0,32.0,5.0
310.0,935.0,-1.5707963267948966,41.0,5.0
623.0,924.0,-1.5707963267948966,30.0,5.0
247.0,1069.5,-3.141592653589793,45.0,10.0
