CoordX,CoordY,Orient,HalfLen,HalfWid
354.5,222.5,-3.141592653589793,34.0,12.0
611.0,538.0,0.0,34.0,5.0
817.0,538.0,-3.141592653589793,24.0,5.0
505.0,587.5,-1.5707963267948966,43.0,5.0
867.0,589.5,-1.5707963267948966,33.0,5.0
815.5,710.5,0.0,32.0,10.0
