CoordX,CoordY,Orient,HalfLen,HalfWid
478.5,219.0,0.0,40.0,8.0
405.5,297.5,-1.5707963267948966,57.0,7.0
272.0,541.5,-3.141592653589793,39.0,5.0
404.99112097669257,582.5327413984462,-1.569867970680205,29.00648599511669,7.026919307001361
270.0,735.5,-3.141592653589793,42.0,8.0
