CoordX,CoordY,Orient,HalfLen,HalfWid
644.5,204.5,0.0,38.0,9.0
584.0,348.5,-1.5707963267948966,38.0,4.0
303.0,608.0,-3.141592653589793,39.0,4.0
540.5,608.0,-3.141592653589793,35.0,4.0
241.0,645.0,-1.5707963267948966,31.0,4.0
584.0,660.0,-1.5707963267948966,43.0,4.0
437.5,765.5,0.0,42.0,8.0
