CoordX,CoordY,Orient,HalfLen,HalfWid
498.0,643.0,-3.141592653589793,40.0,6.0
282.5,704.0,-1.5707963267948966,43.0,6.0
347.0,885.5,0.0,41.0,9.0
