CoordX,CoordY,Orient,HalfLen,HalfWid
951.0,333.5,-1.5707963267948966,35.0,6.0
1092.5,491.5,-1.5707963267948966,31.0,6.0
1158.5,533.0,0.0,35.0,5.0
1283.5,579.0,-1.5707963267948966,35.0,13.0
951.0,580.5,-1.5707963267948966,34.0,6.0
469.5,716.5,-1.5707963267948966,35.0,13.0
951.0,762.0,-1.5707963267948966,35.0,6.0
1193.0,805.5,0.0,26.0,5.0
951.0,852.0,-1.5707963267948966,35.0,6.0
790.0,869.0,-1.5707963267948966,35.0,6.0
839.0,1061.5,0.0,38.0,13.0
1166.5,1212.5,0.0,38.0,9.0
