CoordX,CoordY,Orient,HalfLen,HalfWid
221.0,171.5,-1.5707963267948966,41.0,11.0
387.0,301.0,-3.141592653589793,43.0,19.0
447.5,836.0,-1.5707963267948966,42.0,6.0
336.5,893.0,-1.5707963267948966,42.0,6.0
118.5,1007.5,0.0,41.0,8.0
392.0,1191.5,-3.141592653589793,46.0,19.0
