CoordX,CoordY,Orient,HalfLen,HalfWid
431.0,343.5,-1.5707963267948966,38.0,7.0
431.0,525.0,-1.5707963267948966,29.0,7.0
609.0,535.0,-3.141592653589793,36.0,7.0
487.5,608.0,0.0,41.0,12.0
