CoordX,CoordY,Orient,HalfLen,HalfWid
1410.5,293.0,-3.141592653589793,49.0,15.0
640.5,297.5,-3.141592653589793,51.0,17.0
1094.5,595.5,-3.141592653589793,41.0,6.0
1324.8364779874214,724.9720475192173,-2.5635847169910893,41.51727755530545,8.744615672763846
1156.0,742.5,-1.5707963267948966,41.0,5.0
645.5,921.0,-1.5707963267948966,34.0,6.0
1204.5,975.5,-3.141592653589793,48.0,5.0
543.5,1083.5,0.0,47.0,6.0
626.5,1139.0,-1.5707963267948966,42.0,6.0
544.0,1298.5,0.0,50.0,15.0
