CoordX,CoordY,Orient,HalfLen,HalfWid
521.0,623.0,0.0,31.0,5.0
403.0,671.5,-1.5707963267948966,39.0,4.0
1139.5,748.5,-1.5707963267948966,40.0,8.0
231.0,718.5,0.0,35.0,5.0
403.0,829.0,-1.5707963267948966,40.0,4.0
403.0,996.0,-1.5707963267948966,41.0,4.0
468.5,1214.0,-3.141592653589793,41.0,8.0
