CoordX,CoordY,Orient,HalfLen,HalfWid
710.0,335.0,0.0,38.0,5.0
829.0,335.0,0.0,31.0,5.0
926.0,387.0,-1.5707963267948966,42.0,7.0
230.5,391.0,-1.5707963267948966,39.0,8.0
926.0,679.5,-1.5707963267948966,40.0,7.0
1246.5,735.0,0.0,28.0,5.0
926.0,792.5,-1.5707963267948966,34.0,7.0
867.0,907.0,-3.141592653589793,45.0,11.0
