CoordX,CoordY,Orient,HalfLen,HalfWid
762.5,275.5,-3.141592653589793,40.0,11.0
395.5,729.0,0.0,42.0,5.0
737.5,729.0,-3.141592653589793,41.0,5.0
344.0,820.5,-1.5707963267948966,37.0,5.0
787.5,857.0,-1.5707963267948966,37.0,5.0
613.5,914.5,0.0,47.0,10.0
