CoordX,CoordY,Orient,HalfLen,HalfWid
412.5,696.0,-3.141592653589793,39.0,14.0
1003.0,1120.5,0.0,32.0,9.0
1139.0,1162.5,-1.5707963267948966,27.0,5.0
1139.0,1319.0,-1.5707963267948966,35.0,5.0
1254.5,1365.0,-3.141592653589793,36.0,5.0
366.5,1401.0,-1.5707963267948966,36.0,5.0
579.5,1446.0,-1.5707963267948966,27.0,5.0
419.5,1481.5,-3.141592653589793,42.0,5.0
538.0,1481.5,0.0,33.0,5.0
420.0,1622.0,-3.141592653589793,44.0,15.0
1262.5,1621.0,0.0,40.0,13.0
