CoordX,CoordY,Orient,HalfLen,HalfWid
378.5,223.0,-1.5707963267948966,35.0,3.0
426.5,331.5,-3.141592653589793,40.0,11.0
333.0,633.5,-1.5707963267948966,41.0,7.0
821.0,933.5,-1.5707963267948966,35.0,8.0
333.0,955.0,-1.5707963267948966,40.0,7.0
493.0,958.5,-1.5707963267948966,40.0,6.0
420.5,1071.5,-3.141592653589793,40.0,11.0
