CoordX,CoordY,Orient,HalfLen,HalfWid
536.0,262.0,-3.141592653589793,35.0,8.0
404.5,319.0,-1.5707963267948966,38.0,7.0
643.5,363.0,-1.5707963267948966,43.0,7.0
1228.5,373.0,-1.5707963267948966,43.0,7.0
404.5,475.5,-1.5707963267948966,37.0,7.0
472.0,814.5,0.0,43.0,7.0
