CoordX,CoordY,Orient,HalfLen,HalfWid
377.5,268.0,0.0,41.0,30.0
687.0,268.0,0.0,45.0,30.0
980.5,268.0,0.0,42.0,30.0
894.0,811.5,0.0,33.0,5.0
820.5,859.0,-1.5707963267948966,34.0,5.0
492.0,1572.0,-3.141592653589793,43.0,30.0
