CoordX,CoordY,Orient,HalfLen,HalfWid
567.5,348.0,0.0,42.0,12.0
844.5,737.0,-1.5707963267948966,37.0,6.0
844.5,861.0,-1.5707963267948966,37.0,6.0
357.0,924.0,-3.141592653589793,40.0,6.0
657.5,970.0,-1.5707963267948966,39.0,6.0
844.5,1000.0,-1.5707963267948966,38.0,6.0
900.5,1136.5,0.0,36.0,6.0
782.0,1197.5,-3.141592653589793,40.0,5.0
780.0,1322.5,-3.141592653589793,45.0,9.0
886.5,1528.5,-1.5707963267948966,39.0,5.0
