CoordX,CoordY,Orient,HalfLen,HalfWid
455.0,422.0,0.0,45.0,18.0
510.5,492.5,-1.5707963267948966,44.0,6.0
510.5,764.0,-1.5707963267948966,45.0,6.0
510.5,1046.0,-1.5707963267948966,41.0,6.0
661.0,1100.5,0.0,39.0,9.0
510.5,1297.5,-1.5707963267948966,39.0,6.0
657.0,1398.0,0.0,35.0,6.0
510.5,1479.0,-1.5707963267948966,40.0,6.0
455.5,1721.5,-3.141592653589793,44.0,17.0
609.5,1937.5,-1.5707963267948966,45.0,11.0
