CoordX,CoordY,Orient,HalfLen,HalfWid
792.0,528.5,0.0,40.0,16.0
476.0,1007.5,-1.5707963267948966,40.0,6.0
596.0,1008.0,-1.5707963267948966,40.0,6.0
714.0,1194.5,-3.141592653589793,40.0,4.0
529.5,1365.5,0.0,44.0,14.0
282.5,1506.0,-1.5707963267948966,40.0,13.0
656.0,1519.0,-1.5707963267948966,40.0,8.0
