CoordX,CoordY,Orient,HalfLen,HalfWid
472.5,155.0,0.0,46.0,4.0
413.0,265.5,-1.5707963267948966,50.0,6.0
354.0,485.0,0.0,48.0,5.0
293.0,640.0,-1.5707963267948966,36.0,4.0
406.5,772.5,-1.5707963267948966,30.0,5.0
350.5,859.0,-3.141592653589793,44.0,13.0
229.0,865.0,-3.141592653589793,33.0,7.0
