CoordX,CoordY,Orient,HalfLen,HalfWid
699.0,382.5,-3.141592653589793,40.0,5.0
548.0,448.0,-1.5707963267948966,41.0,7.0
1416.0,516.0,-1.5707963267948966,44.0,9.0
548.0,558.0,-1.5707963267948966,41.0,7.0
609.5,604.5,-3.141592653589793,49.0,5.0
680.5,729.5,-1.5707963267948966,36.0,5.0
610.5,825.5,-3.141592653589793,49.0,9.0
