CoordX,CoordY,Orient,HalfLen,HalfWid
1180.5,511.0,0.0,43.0,13.0
690.0,945.0,-3.141592653589793,44.0,8.0
1236.0,1026.5,-1.5707963267948966,43.0,8.0
618.0,1055.0,-1.5707963267948966,41.0,8.0
691.5,1114.0,-3.141592653589793,41.0,8.0
1065.0,1114.0,-3.141592653589793,41.0,8.0
1387.0,1171.0,-3.141592653589793,40.0,8.0
886.0,1330.0,0.0,46.0,8.0
1386.5,1330.0,-3.141592653589793,33.0,8.0
878.0,1492.5,-3.141592653589793,49.0,13.0
