CoordX,CoordY,Orient,HalfLen,HalfWid
534.0,261.0,0.0,41.0,10.0
724.0,738.0,-1.5707963267948966,27.0,5.0
343.0,818.0,0.0,32.0,5.0
526.0,910.5,-1.5707963267948966,32.0,5.0
645.0,908.5,-1.5707963267948966,29.0,5.0
706.5,1004.0,0.0,27.0,5.0
573.0,1019.0,0.0,35.0,5.0
573.5,1129.5,0.0,35.0,9.0
645.0,1184.0,-1.5707963267948966,32.0,5.0
