CoordX,CoordY,Orient,HalfLen,HalfWid
1239.0,163.5,0.0,44.0,10.0
500.0,420.5,-1.5707963267948966,42.0,8.0
327.5,472.5,0.0,38.0,6.0
1390.0,545.0,0.0,53.0,8.0
1153.0,569.5,0.0,37.0,6.0
326.5,622.5,0.0,38.0,6.0
500.0,674.0,-1.5707963267948966,38.0,8.0
604.0,763.5,0.0,31.0,7.0
732.5,763.5,-3.141592653589793,40.0,7.0
1197.0,806.5,0.0,42.0,6.0
1311.0,872.0,-1.5707963267948966,42.0,8.0
729.5,890.5,-3.141592653589793,45.0,8.0
