CoordX,CoordY,Orient,HalfLen,HalfWid
774.5,336.0,-1.5707963267948966,62.0,5.0
351.5,532.5,-1.5707963267948966,39.0,21.0
774.5,629.5,-1.5707963267948966,40.0,5.0
828.0,712.5,-3.141592653589793,38.0,5.0
942.0,812.5,-0.7864196215666063,33.94688602924458,5.691520732257816
774.5,999.0,-1.5707963267948966,39.0,5.0
502.5,1123.5,-3.141592653589793,39.0,5.0
714.5,1123.5,-3.141592653589793,43.0,5.0
714.0,1282.5,0.0,44.0,17.0
