CoordX,CoordY,Orient,HalfLen,HalfWid
191.0,262.5,0.0,45.0,12.0
275.5,1063.5,-1.5707963267948966,40.0,5.0
220.0,1183.5,-3.141592653589793,46.0,10.0
