CoordX,CoordY,Orient,HalfLen,HalfWid
1329.5,435.5,-3.141592653589793,39.0,7.0
654.5,627.0,-1.5707963267948966,38.0,7.0
475.5,683.5,-3.141592653589793,41.0,7.0
1048.5,770.5,0.0,39.0,6.0
915.0,877.0,-1.5707963267948966,35.0,7.0
762.5,876.5,-1.5707963267948966,31.0,5.0
475.5,922.5,-3.141592653589793,41.0,5.0
1006.0,969.5,-1.5707963267948966,34.0,6.0
1077.5,1039.0,-3.141592653589793,48.0,5.0
283.0,1178.5,0.0,102.0,7.0
1079.5,1178.5,-3.141592653589793,50.0,7.0
