CoordX,CoordY,Orient,HalfLen,HalfWid
1299.5,527.5,-1.5707963267948966,45.0,15.0
482.0,1001.5,-3.141592653589793,46.0,14.0
