CoordX,CoordY,Orient,HalfLen,HalfWid
513.5,116.5,-3.141592653589793,34.0,13.0
604.0,452.5,-3.141592653589793,30.0,6.0
643.5,530.5,-1.5707963267948966,31.0,6.0
193.5,584.5,-1.5707963267948966,27.0,6.0
352.5,595.5,-1.5707963267948966,29.0,5.0
393.0,635.5,0.0,30.0,5.0
162.5,752.5,-3.141592653589793,25.0,6.0
247.5,752.5,-3.141592653589793,34.0,6.0
342.0,752.5,0.0,35.0,6.0
643.5,781.0,-1.5707963267948966,35.0,6.0
589.0,926.5,0.0,35.0,6.0
581.5,1033.5,0.0,41.0,10.0
