CoordX,CoordY,Orient,HalfLen,HalfWid
350.0,97.0,-1.5707963267948966,32.0,5.0
997.5,396.0,-1.5707963267948966,43.0,15.0
295.0,372.0,0.0,41.0,5.0
459.0,372.0,0.0,43.0,5.0
133.5,523.5,0.0,48.0,12.0
