CoordX,CoordY,Orient,HalfLen,HalfWid
771.5,258.0,0.0,44.0,7.0
390.5,522.5,-1.5707963267948966,40.0,6.0
390.5,691.5,-1.5707963267948966,40.0,6.0
949.5,778.0,-1.5707963267948966,41.0,6.0
558.5,822.5,0.0,40.0,6.0
726.5,822.5,0.0,40.0,6.0
508.5,867.5,-1.5707963267948966,35.0,6.0
995.0,874.0,-3.141592653589793,31.0,6.0
878.5,1023.5,-3.141592653589793,44.0,6.0
