CoordX,CoordY,Orient,HalfLen,HalfWid
573.0,177.5,-3.141592653589793,32.0,6.0
401.5,226.0,-1.5707963267948966,35.0,5.0
1275.0,270.5,-1.5707963267948966,40.0,12.0
401.5,332.5,-1.5707963267948966,39.0,5.0
549.0,920.5,0.0,37.0,12.0
