CoordX,CoordY,Orient,HalfLen,HalfWid
915.0,186.5,-1.5707963267948966,38.0,15.0
253.0,182.5,-1.5707963267948966,30.0,10.0
410.5,226.0,-3.141592653589793,40.0,5.0
356.0,362.0,1.5707963267948966,39.0,5.0
415.0,495.5,0.0,45.0,5.0
415.5,592.5,-3.141592653589793,45.0,13.0
353.5,653.0,-1.5707963267948966,41.0,6.0
