CoordX,CoordY,Orient,HalfLen,HalfWid
964.0,459.5,-1.5707963267948966,35.0,8.0
184.0,451.0,0.0,31.0,3.0
410.0,451.5,0.0,72.0,3.0
536.0,494.0,-1.5707963267948966,35.0,8.0
536.0,641.0,-1.5707963267948966,35.0,8.0
702.5,693.5,0.0,34.0,3.0
913.0,731.0,-3.141592653589793,41.0,8.0
