CoordX,CoordY,Orient,HalfLen,HalfWid
1112.5,342.0,-3.141592653589793,38.0,24.0
418.0,637.0,-3.141592653589793,39.0,24.0
1014.0,708.5,-1.5707963267948966,41.0,5.0
1071.0,757.5,-3.141592653589793,41.0,4.0
436.5,986.5,-3.141592653589793,41.0,5.0
1236.0,1040.0,0.0,34.0,6.0
1014.0,1080.0,-1.5707963267948966,41.0,5.0
952.0,1298.5,-3.141592653589793,46.0,10.0
