CoordX,CoordY,Orient,HalfLen,HalfWid
1064.0,201.5,-1.5707963267948966,34.0,17.0
491.0,255.5,0.0,27.0,5.0
425.5,303.5,-1.5707963267948966,35.0,6.0
425.5,406.5,-1.5707963267948966,34.0,6.0
779.0,471.0,0.0,38.0,8.0
585.0,558.0,-1.5707963267948966,26.0,8.0
517.0,644.0,-3.141592653589793,42.0,8.0
727.5095652173914,699.5408695652173,-1.5695412069778605,23.006257481193686,5.028863809898607
