CoordX,CoordY,Orient,HalfLen,HalfWid
1057.5,451.5,-1.5707963267948966,35.0,10.0
325.0,422.5,-3.141592653589793,34.0,5.0
472.0,422.5,-3.141592653589793,34.0,5.0
276.5,513.0,-1.5707963267948966,32.0,5.0
128.0,597.5,-3.141592653589793,25.0,5.0
517.0,597.5,-3.141592653589793,31.0,4.0
602.0,597.5,-3.141592653589793,35.0,4.0
276.5,638.5,-1.5707963267948966,31.0,5.0
341.5,756.5,0.0,35.0,10.0
