CoordX,CoordY,Orient,HalfLen,HalfWid
451.0,294.0,-1.5707963267948966,39.0,17.0
573.5,789.5,-1.5707963267948966,39.0,5.0
177.5,833.0,0.0,30.0,5.0
345.0,874.0,-2.356194490192345,39.59797974644667,5.656854249492387
627.5,1000.5,-3.141592653589793,29.0,6.0
573.5,1076.0,-1.5707963267948966,34.0,5.0
497.5,1129.0,0.0,44.0,5.0
497.0,1259.5,0.0,44.0,15.0
