CoordX,CoordY,Orient,HalfLen,HalfWid
383.0,302.5,-3.141592653589793,41.0,19.0
516.5,681.0,-1.5707963267948966,42.0,6.0
371.0,908.0,0.0,31.0,8.0
243.5,962.5,-1.5707963267948966,39.0,6.0
139.0,1081.5,0.0,47.0,11.0
