CoordX,CoordY,Orient,HalfLen,HalfWid
1134.0,238.0,0.0,41.0,5.0
276.0,354.5,-1.5707963267948966,41.0,23.0
910.5,467.0,-3.141592653589793,41.0,5.0
1069.0,498.0,0.0,41.0,5.0
1056.0,703.5,0.0,47.0,10.0
