CoordX,CoordY,Orient,HalfLen,HalfWid
321.5,155.5,-1.5707963267948966,40.0,6.0
689.5,331.0,-1.5707963267948966,47.0,19.0
321.5,394.0,-1.5707963267948966,39.0,6.0
321.5,606.0,-1.5707963267948966,41.0,6.0
398.5,727.0,0.0,46.0,10.0
