CoordX,CoordY,Orient,HalfLen,HalfWid
388.0,547.0,-1.5707963267948966,34.0,6.0
451.5,622.0,0.0,44.0,5.0
451.5,692.5,-3.141592653589793,45.0,15.0
