CoordX,CoordY,Orient,HalfLen,HalfWid
903.5,173.0,-1.5707963267948966,35.0,5.0
1138.0,302.0,0.0,34.0,6.0
1195.5,351.5,-1.5707963267948966,34.0,5.0
353.5,377.5,-1.5707963267948966,35.0,5.0
820.5,433.5,-3.141592653589793,26.0,5.0
1011.5,433.5,-3.141592653589793,26.0,5.0
353.5,489.0,-1.5707963267948966,35.0,5.0
1017.5,658.5,-1.5707963267948966,33.0,5.0
1282.0,660.0,-1.5707963267948966,34.0,6.0
1108.5,788.0,0.0,70.0,11.0
