CoordX,CoordY,Orient,HalfLen,HalfWid
709.5,176.5,-3.141592653589793,35.0,11.0
291.5,452.0,-3.141592653589793,30.0,6.0
486.0,452.0,0.0,34.0,6.0
249.0,510.5,-1.5707963267948966,35.0,6.0
611.0,508.5,-1.5707963267948966,33.0,6.0
348.0,600.5,0.0,37.0,11.0
