CoordX,CoordY,Orient,HalfLen,HalfWid
691.0,278.5,0.0,27.0,4.0
694.0,417.5,-3.141592653589793,42.0,4.0
813.0,417.5,0.0,29.0,4.0
149.5,483.5,-1.5707963267948966,28.0,10.0
914.5,662.5,0.0,27.0,4.0
949.5,798.5,-3.141592653589793,48.0,10.0
