CoordX,CoordY,Orient,HalfLen,HalfWid
144.5,199.5,-1.5707963267948966,18.0,2.0
353.0,306.0,-1.5707963267948966,34.0,6.0
406.5,449.0,-3.141592653589793,36.0,5.0
317.5,458.0,0.0,27.0,6.0
281.0,511.5,-1.5707963267948966,33.0,5.0
405.5,565.0,-3.141592653589793,38.0,11.0
