CoordX,CoordY,Orient,HalfLen,HalfWid
1042.5,201.0,-1.5707963267948966,32.0,5.0
818.5,338.5,-3.141592653589793,29.0,5.0
1042.5,388.0,-1.5707963267948966,40.0,5.0
711.5,390.0,-1.5707963267948966,41.0,5.0
1518.5,437.0,-3.141592653589793,34.0,5.0
1163.5,611.0,-1.5707963267948966,36.0,5.0
1005.5,802.5,-3.141592653589793,39.0,5.0
