CoordX,CoordY,Orient,HalfLen,HalfWid
522.5,279.0,0.0,42.0,17.0
857.5,528.5,0.0,37.0,8.0
945.0,580.5,-1.5707963267948966,39.0,8.0
945.0,739.5,-1.5707963267948966,38.0,8.0
807.5,797.5,-1.5707963267948966,31.0,7.0
676.0,892.5,-1.5707963267948966,31.0,9.0
730.5,1009.5,0.0,41.0,11.0
