CoordX,CoordY,Orient,HalfLen,HalfWid
1098.0,188.5,-1.5707963267948966,28.0,6.0
369.5,359.5,-1.5707963267948966,36.0,9.0
1098.0,395.0,-1.5707963267948966,38.0,6.0
1098.0,491.0,-1.5707963267948966,32.0,6.0
1333.5,496.0,-1.5707963267948966,28.0,7.0
813.5,523.5,-1.5707963267948966,38.0,6.0
851.5,627.0,0.0,27.0,6.0
1026.5,629.0,-3.141592653589793,43.0,8.0
