CoordX,CoordY,Orient,HalfLen,HalfWid
846.5,196.5,-1.5707963267948966,42.0,5.0
415.5,230.0,-1.5707963267948966,44.0,25.0
1040.5,440.5,0.0,38.0,5.0
555.0,593.0,0.0,39.0,8.0
609.5,749.0,-1.5707963267948966,40.0,5.0
682.0,867.0,-3.141592653589793,45.0,11.0
