CoordX,CoordY,Orient,HalfLen,HalfWid
253.0,241.5,-1.5707963267948966,46.0,12.0
728.0,267.5,-3.141592653589793,42.0,4.0
912.0,313.0,0.0,45.0,9.0
