CoordX,CoordY,Orient,HalfLen,HalfWid
806.0,323.5,-1.5707963267948966,42.0,7.0
309.0,381.0,0.0,38.0,7.0
474.5,381.0,0.0,37.0,7.0
730.0,381.0,-3.141592653589793,59.0,7.0
521.5,428.5,-1.5707963267948966,36.0,7.0
261.0,454.0,-1.5707963267948966,29.0,8.0
1141.5,476.0,-1.5707963267948966,42.0,8.0
261.0,536.5,-1.5707963267948966,33.0,8.0
261.0,714.0,-1.5707963267948966,37.0,8.0
378.0,767.0,0.0,38.0,8.0
