CoordX,CoordY,Orient,HalfLen,HalfWid
699.9551820728291,200.00700280112045,0.0006579241152175441,32.002624770444996,5.0203945639400045
800.0,200.0,-3.141592653589793,33.0,5.0
919.5,257.5,-1.5707963267948966,33.0,5.0
161.0,317.0,-1.5707963267948966,33.0,11.0
657.0,322.0,-1.5707963267948966,34.0,5.0
919.5,354.5,-1.5707963267948966,33.0,5.0
804.5,496.5,-1.5707963267948966,33.0,4.0
804.5,644.5,-1.5707963267948966,32.0,4.0
718.0,891.5,-3.141592653589793,34.0,10.0
