CoordX,CoordY,Orient,HalfLen,HalfWid
571.5,308.5,-3.141592653589793,48.0,23.0
361.5,637.5,-1.5707963267948966,60.0,6.0
298.5,721.5,0.0,32.0,6.0
186.5,970.0,-3.141592653589793,42.0,3.0
376.0,1032.0,-1.5707963267948966,43.0,5.0
455.0,1158.0,-3.141592653589793,48.0,11.0
