CoordX,CoordY,Orient,HalfLen,HalfWid
507.0,404.5,-3.141592653589793,32.0,4.0
419.5,454.0,-1.5707963267948966,39.0,4.0
658.5,451.5,-1.5707963267948966,34.0,4.0
1114.5,581.0,-1.5707963267948966,42.0,11.0
658.5,706.5,-1.5707963267948966,61.0,4.0
441.5,687.5,-1.5707963267948966,41.0,3.0
210.5,740.5,0.0,29.0,4.0
493.5,784.5,-1.5707963267948966,30.0,4.0
550.0,881.5,-3.141592653589793,47.0,9.0
770.5,881.0,-3.141592653589793,39.0,9.0
