CoordX,CoordY,Orient,HalfLen,HalfWid
408.5,385.5,-1.5707963267948966,38.0,8.0
408.5,492.0,-1.5707963267948966,40.0,8.0
861.0,750.5,-3.141592653589793,44.0,8.0
289.0,1061.5,-3.141592653589793,39.0,7.0
756.0,1061.5,0.0,38.0,7.0
676.5,1301.0,-1.5707963267948966,38.0,7.0
407.5,1302.0,-1.5707963267948966,37.0,7.0
