CoordX,CoordY,Orient,HalfLen,HalfWid
790.5,361.0,0.0,44.0,17.0
450.0,639.5,-1.5707963267948966,59.0,5.0
1265.0,657.5,-1.5707963267948966,36.0,5.0
1654.0,683.0,0.0,45.0,9.0
515.5,774.0,0.0,39.0,6.0
816.0,774.0,0.0,39.0,6.0
1064.5,774.0,0.0,62.0,6.0
1375.0,894.5,-1.5707963267948966,39.0,5.0
1135.0,910.5,-1.5707963267948966,39.0,6.0
996.5,983.5,-1.5707963267948966,41.0,4.0
1435.0,952.0,0.0,40.0,7.0
1254.5,969.0,0.0,37.0,5.0
1067.0,1108.5,-3.141592653589793,45.0,15.0
