CoordX,CoordY,Orient,HalfLen,HalfWid
1186.5,503.0,-1.5707963267948966,44.0,9.0
489.0,584.5,0.0,38.0,7.0
1125.5,585.0,-3.141592653589793,39.0,7.0
439.5,629.0,-1.5707963267948966,33.0,4.0
1003.5,630.5,-1.5707963267948966,33.0,5.0
757.5,745.5,0.0,29.0,4.0
709.0,792.0,-1.5707963267948966,37.0,5.0
625.5,911.5,0.0,40.0,8.0
