CoordX,CoordY,Orient,HalfLen,HalfWid
939.0,240.0,-1.5707963267948966,35.0,5.0
201.5,389.5,-1.5707963267948966,39.0,11.0
759.0,481.0,-3.141592653589793,42.0,6.0
901.5,481.0,-3.141592653589793,30.0,6.0
994.5,481.0,-3.141592653589793,41.0,6.0
1048.5,608.5,-1.5707963267948966,41.0,4.0
926.5,683.5,-3.141592653589793,34.0,4.0
708.5,725.0,-1.5707963267948966,39.0,4.0
825.0,954.0,-3.141592653589793,45.0,7.0
