CoordX,CoordY,Orient,HalfLen,HalfWid
811.0,564.0,-3.141592653589793,28.0,5.0
972.0,564.0,-3.141592653589793,28.0,5.0
1431.5,612.5,-1.5707963267948966,42.0,9.0
774.0,611.0,-1.5707963267948966,37.0,5.0
774.0,710.0,-1.5707963267948966,37.0,5.0
899.0,942.5,0.0,39.0,9.0
