CoordX,CoordY,Orient,HalfLen,HalfWid
368.0,280.5,-3.141592653589793,39.0,11.0
478.0,686.0,-3.141592653589793,39.0,5.0
424.0,802.5,-1.5707963267948966,38.0,5.0
359.5,926.5,-3.141592653589793,42.0,10.0
