CoordX,CoordY,Orient,HalfLen,HalfWid
430.5,283.5,-3.141592653589793,39.0,17.0
543.5,597.5,-1.5707963267948966,38.0,5.0
571.5,819.5,-1.5707963267948966,39.0,4.0
433.0,973.0,-1.5707963267948966,39.0,6.0
683.5,1016.5,0.0,38.0,9.0
515.0,1213.0,-3.141592653589793,44.0,19.0
673.5,1441.5,-1.5707963267948966,38.0,7.0
