CoordX,CoordY,Orient,HalfLen,HalfWid
455.0,267.0,-3.141592653589793,39.0,15.0
389.5,765.5,-1.5707963267948966,45.0,7.0
284.5,966.5,-3.141592653589793,35.0,7.0
438.1177347242921,1024.0141579731744,1.1234445963780026,44.60611043773728,7.786428929069838
704.5,1019.5,-3.141592653589793,31.0,7.0
618.5,1119.5,-1.5707963267948966,39.0,7.0
542.5,1206.5,0.0,51.0,7.0
543.0,1353.5,0.0,51.0,15.0
