CoordX,CoordY,Orient,HalfLen,HalfWid
1120.5,245.0,0.0,34.0,6.0
1656.5,277.0,-1.5707963267948966,35.0,17.0
1230.0,297.5,-1.5707963267948966,41.0,6.0
358.5,336.5,-1.5707963267948966,35.0,18.0
1538.5,352.0,0.0,36.0,6.0
1181.0,379.5,2.782513302907326,44.24368310261832,7.972381874331164
1080.0,402.5,0.0,31.0,7.0
