CoordX,CoordY,Orient,HalfLen,HalfWid
467.5,149.5,-1.5707963267948966,40.0,13.0
461.5,282.5,-1.5707963267948966,34.0,7.0
461.5,429.0,-1.5707963267948966,29.0,7.0
109.5,528.0,-3.141592653589793,30.0,2.0
461.5,559.0,-1.5707963267948966,29.0,7.0
356.0,643.0,1.5707963267948966,38.0,2.0
405.5,692.5,-3.141592653589793,42.0,10.0
