CoordX,CoordY,Orient,HalfLen,HalfWid
382.5,226.0,-3.141592653589793,42.0,16.0
716.5,579.5,-1.5707963267948966,39.0,5.0
534.5524934383202,628.3123359580053,-2.312412252111549,34.460285116653665,5.724118739306142
244.0,633.5,-1.5707963267948966,28.0,6.0
628.0,763.5,-3.141592653589793,45.0,9.0
