CoordX,CoordY,Orient,HalfLen,HalfWid
366.5,430.0,0.0,69.0,14.0
1039.5,832.5,0.0,33.0,6.0
974.5,883.5,-1.5707963267948966,34.0,6.0
1090.5,892.0,-1.5707963267948966,33.0,6.0
214.0,1077.5,-3.141592653589793,34.0,5.0
974.5,1122.0,-1.5707963267948966,33.0,6.0
1033.0,1173.5,0.0,33.0,6.0
355.0,1230.5,0.0,33.0,5.0
232.5,1360.5,-3.141592653589793,42.0,5.0
927.5,1366.5,0.0,32.0,6.0
230.0,1543.0,0.0,42.0,13.0
