CoordX,CoordY,Orient,HalfLen,HalfWid
511.5,257.5,-1.5707963267948966,40.0,7.0
494.0,493.5,-1.5707963267948966,41.0,10.0
762.0,782.5,-1.5707963267948966,41.0,4.0
489.5,787.5,-1.5707963267948966,42.0,5.0
401.5,933.0,0.0,46.0,11.0
