CoordX,CoordY,Orient,HalfLen,HalfWid
355.0,446.5,0.0,39.0,4.0
303.5,489.0,-1.5707963267948966,32.0,4.0
408.5,555.0,-1.5707963267948966,21.0,4.0
355.5,631.0,0.0,43.0,5.0
