CoordX,CoordY,Orient,HalfLen,HalfWid
315.0,160.5,-1.5707963267948966,32.0,5.0
916.5,176.0,-1.5707963267948966,31.0,4.0
507.7972972972973,239.72972972972974,-1.582710695012392,31.04545611275653,5.047301469137297
244.5,337.0,-3.141592653589793,38.0,5.0
873.5,338.5,0.0,33.0,4.0
916.5,391.0,-1.5707963267948966,43.0,4.0
916.5,567.5,-1.5707963267948966,49.0,4.0
854.5,622.0,0.0,42.0,5.0
1044.5,622.0,0.0,43.0,5.0
856.5,726.5,0.0,42.0,11.0
