CoordX,CoordY,Orient,HalfLen,HalfWid
501.0,177.5,0.0,62.0,13.0
584.5,256.5,-1.5707963267948966,55.0,10.0
659.5,687.0,0.0,57.0,7.0
949.5,744.0,0.0,25.0,5.0
732.0,785.5,-1.5707963267948966,36.0,8.0
651.5,880.5,0.0,46.0,7.0
512.0,1187.5,-3.141592653589793,56.0,8.0
514.5,1325.5,-3.141592653589793,57.0,13.0
