CoordX,CoordY,Orient,HalfLen,HalfWid
227.0,354.0,-1.5707963267948966,45.0,13.0
373.5,442.0,0.0,61.0,7.0
948.0,442.0,-3.141592653589793,39.0,7.0
1297.0,442.0,0.0,42.0,7.0
1409.0,442.0,0.0,42.0,7.0
593.0,509.0,-1.5707963267948966,41.0,5.0
1499.0,563.5,-1.5707963267948966,37.0,6.0
847.5,643.5,-3.141592653589793,35.0,7.0
1069.0,643.5,-3.141592653589793,36.0,7.0
1438.5,685.0,0.0,43.0,7.0
