CoordX,CoordY,Orient,HalfLen,HalfWid
946.6999232540292,260.17191097467384,3.133697896488327,44.045996859500995,7.094517957073726
334.5,379.0,-1.5707963267948966,47.0,22.0
885.5,518.5,-3.141592653589793,41.0,5.0
1056.5,518.5,-3.141592653589793,40.0,5.0
1163.0,870.0,-3.141592653589793,47.0,11.0
