CoordX,CoordY,Orient,HalfLen,HalfWid
1061.0,260.5,-1.5707963267948966,38.0,11.0
618.0,264.5,-1.5707963267948966,33.0,5.0
258.5,428.0,-3.141592653589793,39.0,5.0
487.0,531.0,-1.5707963267948966,34.0,5.0
487.0,708.0,-1.5707963267948966,34.0,5.0
555.5,813.5,-3.141592653589793,42.0,10.0
