CoordX,CoordY,Orient,HalfLen,HalfWid
641.5,259.0,0.0,37.0,16.0
138.5,429.5,-3.141592653589793,29.0,6.0
203.5,670.5,-3.141592653589793,33.0,5.0
263.5,788.5,-3.141592653589793,39.0,5.0
675.5,901.0,-1.5707963267948966,40.0,5.0
874.5,884.5,-3.141592653589793,29.0,5.0
832.5,1089.0,-1.5707963267948966,29.0,5.0
738.5,1128.5,-3.141592653589793,42.0,5.0
738.5,1220.5,-3.141592653589793,47.0,16.0
903.5,1479.5,0.0,40.0,8.0
