CoordX,CoordY,Orient,HalfLen,HalfWid
214.0,146.5,-1.5707963267948966,45.0,8.0
513.5,267.0,-3.141592653589793,43.0,15.0
355.5,689.0,-1.5707963267948966,44.0,5.0
196.5,704.0,-0.7996191467777201,38.1195726869619,5.8303805424546225
554.5,809.0,-1.5707963267948966,45.0,5.0
355.5,963.0,-1.5707963267948966,43.0,5.0
420.5,1024.5,-3.141592653589793,49.0,5.0
422.0,1161.0,0.0,50.0,15.0
