CoordX,CoordY,Orient,HalfLen,HalfWid
454.0,298.5,-3.141592653589793,41.0,17.0
538.0,653.5,-1.5707963267948966,34.0,4.0
432.0,701.0,-3.141592653589793,30.0,6.0
599.5,856.5,0.0,38.0,8.0
