CoordX,CoordY,Orient,HalfLen,HalfWid
418.0,376.0,-3.141592653589793,40.0,10.0
699.0,664.5,-1.5707963267948966,38.0,6.0
908.5,942.0,0.0,40.0,6.0
548.0,997.0,-1.5707963267948966,40.0,6.0
356.0,1014.5,-1.5707963267948966,39.0,6.0
247.5,1078.0,0.0,39.0,6.0
429.5,1234.5,-3.141592653589793,45.0,7.0
