CoordX,CoordY,Orient,HalfLen,HalfWid
676.5,359.5,0.0,36.0,4.0
735.0,451.0,-1.5707963267948966,33.0,4.0
842.5,543.5,0.0,32.0,7.0
618.0,594.5,-1.5707963267948966,38.0,5.0
736.0,613.0,-1.5707963267948966,29.0,5.0
247.5,827.0,-1.5707963267948966,40.0,16.0
665.0,894.5,0.0,38.0,7.0
927.5,896.0,-3.141592653589793,38.0,9.0
