CoordX,CoordY,Orient,HalfLen,HalfWid
832.0,319.0,0.0,48.0,16.0
457.5,645.0,-1.5707963267948966,46.0,4.0
261.5,820.5,-1.5707963267948966,42.0,4.0
704.0,894.0,-1.5707963267948966,46.0,4.0
337.0,952.5,-3.141592653589793,46.0,8.0
536.5,948.5,0.0,47.0,4.0
648.0,948.5,0.0,47.0,4.0
572.9097387173397,1105.828978622328,-1.1884731651219993,35.65884398094317,3.961334053511579
