CoordX,CoordY,Orient,HalfLen,HalfWid
221.54865085854456,457.12591986917414,3.134464754588902,41.04172549391387,7.13525111067006
438.0,457.0,0.0,94.0,7.0
