CoordX,CoordY,Orient,HalfLen,HalfWid
670.5,341.0,0.0,41.0,15.0
268.5,349.0,0.0,30.0,15.0
365.0,559.0,-1.5707963267948966,41.0,4.0
284.5,774.0,-3.141592653589793,30.0,4.0
706.0,878.0,-1.5707963267948966,35.0,4.0
706.0,963.5,-1.5707963267948966,29.0,4.0
528.0,1030.0,-1.5707963267948966,40.0,4.0
706.0,1086.5,-1.5707963267948966,34.0,4.0
643.5,1132.0,-3.141592653589793,41.0,6.0
639.0,1248.5,0.0,41.0,8.0
335.0,1434.0,-1.5707963267948966,36.0,8.0
