CoordX,CoordY,Orient,HalfLen,HalfWid
828.0,275.5,-3.141592653589793,35.0,4.0
977.5,326.5,-1.5707963267948966,39.0,3.0
690.5,373.5,-1.5707963267948966,66.0,4.0
238.0,363.0,-1.5707963267948966,40.0,11.0
335.5,445.5,-3.141592653589793,66.0,4.0
977.5,481.5,-1.5707963267948966,39.0,3.0
791.0,576.0,-1.5707963267948966,35.0,5.0
860.0,716.5,0.0,46.0,6.0
