CoordX,CoordY,Orient,HalfLen,HalfWid
381.5,290.5,-0.0008662258118846845,45.01644140555759,18.96101271504242
442.0,707.0,0.0,41.0,5.0
419.5,884.5,-3.141592653589793,45.0,10.0
