CoordX,CoordY,Orient,HalfLen,HalfWid
490.0,195.0,-1.5707963267948966,32.0,8.0
439.5,418.5,0.0,38.0,7.0
611.5,418.5,0.0,38.0,7.0
1475.0,488.5,0.0,40.0,7.0
1416.0,576.0,-1.5707963267948966,30.0,8.0
616.5,668.0,-1.5707963267948966,29.0,5.0
240.5,717.5,0.0,39.0,12.0
1529.5,721.5,0.0,40.0,6.0
1030.0,786.0,0.0,70.0,12.0
485.5,903.5,-3.141592653589793,39.0,7.0
597.5,956.5,-1.5707963267948966,39.0,7.0
501.5,1137.5,-3.141592653589793,40.0,16.0
