CoordX,CoordY,Orient,HalfLen,HalfWid
202.0,134.5,-1.5707963267948966,33.0,5.0
415.5,177.5,-3.141592653589793,34.0,5.0
1176.0,298.5,-1.5707963267948966,35.0,11.0
362.0,436.0,-1.5707963267948966,34.0,5.0
362.0,536.5,-1.5707963267948966,34.0,5.0
483.0,778.0,0.0,35.0,11.0
