CoordX,CoordY,Orient,HalfLen,HalfWid
595.0,385.5,-1.5707963267948966,26.0,5.0
471.0,482.0,0.0,25.0,5.0
595.0,532.5,-1.5707963267948966,25.0,5.0
664.5,633.5,0.0,25.0,5.0
212.0,666.0,-1.5707963267948966,26.0,11.0
595.0,711.0,-1.5707963267948966,53.0,5.0
750.5,706.0,-1.5707963267948966,26.0,4.0
691.0,976.0,0.0,26.0,11.0
