CoordX,CoordY,Orient,HalfLen,HalfWid
722.5,321.0,0.0,47.0,17.0
795.5,321.0,-3.141592653589793,23.0,17.0
502.5,866.0,-3.141592653589793,41.0,6.0
559.0,924.5,-1.5707963267948966,42.0,6.0
748.5,1080.0,0.0,46.0,12.0
