CoordX,CoordY,Orient,HalfLen,HalfWid
448.0,300.0,0.0,56.0,19.0
560.0,690.5,-3.141592653589793,37.0,5.0
649.0,840.5,-3.141592653589793,29.0,5.0
734.9754170324846,844.4916593503073,-0.00098619262440529,28.008862116119534,9.026622819951621
264.5,987.5,-3.141592653589793,31.0,5.0
416.5,1040.0,-1.5707963267948966,42.0,5.0
553.5,1038.5,-1.5707963267948966,39.0,5.0
479.0,1268.5,0.0,50.0,5.0
481.0,1358.5,0.0,52.0,17.0
690.5,1664.5,-1.5707963267948966,42.0,8.0
