CoordX,CoordY,Orient,HalfLen,HalfWid
863.0,351.5,-1.5707963267948966,33.0,11.0
294.0,428.5,-3.141592653589793,34.0,4.0
453.0,481.0,-1.5707963267948966,33.0,5.0
244.0,480.5,-1.5707963267948966,23.0,5.0
244.0,653.0,-1.5707963267948966,25.0,5.0
303.5,858.0,0.0,33.0,11.0
