CoordX,CoordY,Orient,HalfLen,HalfWid
787.0,297.0,-3.141592653589793,46.0,11.0
765.0,1367.5,-3.141592653589793,46.0,11.0
