CoordX,CoordY,Orient,HalfLen,HalfWid
571.5,376.0,-3.141592653589793,32.0,12.0
518.5,592.0,-1.5707963267948966,34.0,5.0
605.5,854.0,-1.5707963267948966,24.0,5.0
385.5,870.0,-1.5707963267948966,23.0,5.0
538.5,1025.5,-1.5707963267948966,31.0,5.0
658.5,1294.0,0.0,33.0,12.0
792.5,1294.0,0.0,34.0,12.0
