CoordX,CoordY,Orient,HalfLen,HalfWid
291.5,391.5,-1.5707963267948966,36.0,6.0
447.5,569.5,-3.141592653589793,54.0,6.0
377.5,680.5,-1.5707963267948966,40.0,6.0
213.0,671.0,-2.356194490192345,31.819805153394643,6.363961030678933
68.5,797.5,0.0,33.0,4.0
448.0,804.0,-3.141592653589793,62.0,11.0
