CoordX,CoordY,Orient,HalfLen,HalfWid
441.0,617.5,-3.141592653589793,49.0,11.0
656.0,617.5,-3.141592653589793,50.0,11.0
