CoordX,CoordY,Orient,HalfLen,HalfWid
686.0,449.5,-1.5707963267948966,40.0,9.0
462.5,519.5,0.0,42.0,8.0
222.5,628.5,-1.5707963267948966,35.0,6.0
165.0,719.0,-3.141592653589793,43.0,8.0
