CoordX,CoordY,Orient,HalfLen,HalfWid
1069.0,595.5,-3.141592653589793,40.0,5.0
613.5,723.5,-3.141592653589793,44.0,5.0
904.0,723.5,0.0,45.0,5.0
367.5,786.5,-1.5707963267948966,40.0,17.0
1093.0,853.5,0.0,45.0,5.0
1145.0,1084.0,-3.141592653589793,46.0,7.0
