CoordX,CoordY,Orient,HalfLen,HalfWid
596.0,121.0,0.0,47.0,9.0
252.60456942003515,225.19244288224957,1.562291025232352,31.066920326498906,8.263371810656103
519.5,286.5,-1.5707963267948966,41.0,8.0
601.5,998.0,-3.141592653589793,76.0,17.0
