CoordX,CoordY,Orient,HalfLen,HalfWid
571.0,598.5,-1.5707963267948966,40.0,6.0
509.5,753.0,-3.141592653589793,39.0,24.0
