CoordX,CoordY,Orient,HalfLen,HalfWid
725.1374837872893,343.34760051880676,0.8300574896238111,34.45584376146532,5.7536944958480465
210.0,450.5,-1.5707963267948966,36.0,9.0
816.5,469.5,-1.5707963267948966,44.0,5.0
816.5,583.0,-1.5707963267948966,40.0,5.0
522.0,842.0,0.0,41.0,9.0
816.5,868.5,-1.5707963267948966,31.0,5.0
816.5,948.5,-1.5707963267948966,29.0,5.0
645.5,1019.0,-1.5707963267948966,36.0,5.0
816.5,1062.0,-1.5707963267948966,40.0,5.0
725.0,1128.0,0.0,56.0,12.0
