CoordX,CoordY,Orient,HalfLen,HalfWid
471.0,141.5,-3.141592653589793,39.0,15.0
609.5,639.0,-1.5707963267948966,41.0,5.0
751.5,641.0,0.7673394090827765,30.31125239605786,5.4979976520981495
421.0,660.5,-1.5707963267948966,40.0,5.0
229.0,713.5,0.0,30.0,5.0
421.0,764.0,-1.5707963267948966,40.0,5.0
552.5,921.0,-1.5707963267948966,41.0,5.0
496.5,996.5,-3.141592653589793,45.0,5.0
495.0,1162.0,-3.141592653589793,44.0,17.0
