CoordX,CoordY,Orient,HalfLen,HalfWid
252.5,307.0,-1.5707963267948966,46.0,12.0
498.0,366.0,0.0,44.0,5.0
836.5,429.0,-3.141592653589793,29.0,5.0
754.0,520.0,-1.5707963267948966,41.0,5.0
684.0,643.5,-3.141592653589793,46.0,10.0
