CoordX,CoordY,Orient,HalfLen,HalfWid
594.5,451.0,-1.5707963267948966,26.0,7.0
683.0,706.5,-1.5707963267948966,17.0,4.0
582.5092024539878,758.9509202453987,1.5696376549069342,24.004618576270097,4.026646762419441
683.0,766.5,-1.5707963267948966,16.0,4.0
631.5,825.5,-3.141592653589793,37.0,7.0
