CoordX,CoordY,Orient,HalfLen,HalfWid
662.0,370.5,-3.141592653589793,41.0,4.0
611.5,482.0,-1.5707963267948966,42.0,4.0
554.5,657.0,-3.141592653589793,46.0,13.0
