CoordX,CoordY,Orient,HalfLen,HalfWid
534.5,538.5,-3.141592653589793,44.0,12.0
374.0,557.0,0.0,40.0,5.0
255.0,1076.0,-3.141592653589793,41.0,7.0
308.0,1301.5,-1.5707963267948966,41.0,6.0
569.4708074534161,1412.9776397515527,1.0463710962370045,40.90470042492227,5.278794080939457
308.0,1490.5,-1.5707963267948966,40.0,6.0
425.29486575600566,1573.0682995760717,2.616833273458732,46.32350993386227,12.026511497426421
