CoordX,CoordY,Orient,HalfLen,HalfWid
510.0,225.5,0.0,41.0,10.0
689.0,623.0,-3.141592653589793,40.0,4.0
465.0,672.0,-1.5707963267948966,42.0,4.0
618.5,782.0,0.0,34.0,3.0
941.5,787.0,0.0,40.0,8.0
725.0,823.5,-1.5707963267948966,29.0,6.0
