CoordX,CoordY,Orient,HalfLen,HalfWid
396.0,168.5,-1.5707963267948966,41.0,6.0
499.0,468.0,0.0,33.0,6.0
454.5,634.5,-3.141592653589793,34.0,11.0
