CoordX,CoordY,Orient,HalfLen,HalfWid
397.5,222.0,-3.141592653589793,39.0,16.0
455.5,712.0,-1.5707963267948966,40.0,5.0
279.0,713.0,-1.5707963267948966,40.0,6.0
339.5,855.0,-3.141592653589793,45.0,6.0
234.0,857.5,-3.141592653589793,30.0,6.0
345.0,998.5,-3.141592653589793,44.0,16.0
