CoordX,CoordY,Orient,HalfLen,HalfWid
434.5,222.5,-3.141592653589793,31.0,10.0
911.5,362.5,-1.5707963267948966,31.0,4.0
342.5,609.5,-3.141592653589793,30.0,4.0
564.5,609.5,-3.141592653589793,30.0,4.0
306.5,671.0,-1.5707963267948966,31.0,4.0
637.5,687.0,-1.5707963267948966,23.0,4.0
347.5,759.5,0.0,23.0,4.0
561.0,764.5,0.0,35.0,9.0
