CoordX,CoordY,Orient,HalfLen,HalfWid
116.0,237.0,-1.5707963267948966,38.0,7.0
499.0,239.5,-3.141592653589793,38.0,5.0
500.0,588.0,-3.141592653589793,38.0,6.0
468.0,938.0,-3.141592653589793,42.0,6.0
499.5,1074.0,-3.141592653589793,40.0,19.0
