CoordX,CoordY,Orient,HalfLen,HalfWid
517.5,135.0,-1.5707963267948966,42.0,7.0
570.5,433.5,-3.141592653589793,34.0,7.0
637.0,590.5,-3.141592653589793,39.0,7.0
