CoordX,CoordY,Orient,HalfLen,HalfWid
685.0,188.0,-1.5707963267948966,38.0,15.0
170.0,325.5,-3.141592653589793,51.0,3.0
678.5,576.5,-1.5707963267948966,38.0,8.0
291.5,610.5,-1.5707963267948966,29.0,8.0
291.5,756.5,-1.5707963267948966,31.0,8.0
345.0,854.5,0.0,41.0,8.0
