CoordX,CoordY,Orient,HalfLen,HalfWid
434.5,218.5,0.0,40.0,6.0
1502.5,219.0,-3.141592653589793,40.0,7.0
1304.5,589.0,0.0,40.0,13.0
1479.5,589.0,0.0,41.0,13.0
1143.5,682.5,-1.5707963267948966,35.0,6.0
354.5,718.5,-1.5707963267948966,38.0,6.0
680.5,719.0,-1.5707963267948966,39.0,6.0
1215.0,738.0,0.0,40.0,7.0
354.5,838.0,-1.5707963267948966,40.0,6.0
738.5,805.5,0.0,40.0,6.0
420.5,964.5,0.0,45.0,6.0
