CoordX,CoordY,Orient,HalfLen,HalfWid
1325.0,138.0,-1.5707963267948966,58.0,5.0
424.0,387.0,-1.5707963267948966,48.0,10.0
938.0,503.5,-1.5707963267948966,44.0,7.0
1330.5,512.5,-1.5707963267948966,38.0,10.0
1090.0,582.0,-3.141592653589793,34.0,7.0
1273.0,588.0,-3.141592653589793,45.0,13.0
