CoordX,CoordY,Orient,HalfLen,HalfWid
1482.5,290.5,-3.141592653589793,42.0,6.0
567.5,400.5,-3.141592653589793,42.0,6.0
750.5,400.5,-3.141592653589793,43.0,6.0
1091.5,400.5,-3.141592653589793,42.0,6.0
1205.0,400.5,-3.141592653589793,43.0,6.0
1483.0,519.5,0.0,42.0,6.0
1424.0,617.5,-1.5707963267948966,41.0,6.0
781.0,833.0,-3.141592653589793,43.0,16.0
1355.0,833.0,0.0,48.0,16.0
