CoordX,CoordY,Orient,HalfLen,HalfWid
623.5,366.0,-3.141592653589793,40.0,16.0
316.0,533.5,-1.5707963267948966,38.0,6.0
265.0,588.0,0.0,35.0,6.0
268.0,782.5,0.0,30.0,10.0
638.0,970.5,-1.5707963267948966,39.0,6.0
829.5,1021.0,0.0,29.0,6.0
638.0,1076.0,-1.5707963267948966,39.0,6.0
486.0,1085.0,-1.5707963267948966,40.0,5.0
576.5,1222.5,-3.141592653589793,44.0,5.0
578.0,1356.5,-3.141592653589793,47.0,16.0
328.0,1720.5,-1.5707963267948966,40.0,10.0
