CoordX,CoordY,Orient,HalfLen,HalfWid
906.0,189.5,0.0,26.0,4.0
679.0,207.5,-3.141592653589793,29.0,5.0
902.5,284.0,-0.2803182459479143,42.83589035859525,10.628147203332915
508.5,378.5,-3.141592653589793,39.0,8.0
