CoordX,CoordY,Orient,HalfLen,HalfWid
468.5,215.5,-3.141592653589793,35.0,7.0
408.5,269.0,-1.5707963267948966,33.0,7.0
1272.5,291.5,-1.5707963267948966,22.0,7.0
1272.5,389.5,-1.5707963267948966,21.0,7.0
457.0,459.5,-3.141592653589793,33.0,7.0
1272.5,484.5,-1.5707963267948966,21.0,7.0
1355.5,534.5,0.0,32.0,7.0
171.0,642.5,0.0,43.0,7.0
1113.5,748.5,0.0,38.0,7.0
