CoordX,CoordY,Orient,HalfLen,HalfWid
545.5,79.0,0.0,39.0,13.0
300.5761772853186,555.6468144044321,1.5640841094407423,30.03288502937208,5.194540207387452
492.5,608.5,-1.5707963267948966,31.0,6.0
492.5,743.0,-1.5707963267948966,40.0,6.0
541.0,879.5,-3.141592653589793,40.0,6.0
540.0,1026.5,0.0,37.0,13.0
