CoordX,CoordY,Orient,HalfLen,HalfWid
175.5,284.5,-1.5707963267948966,27.0,8.0
665.5,328.5,0.0,29.0,4.0
877.5,361.5,-1.5707963267948966,27.0,5.0
310.0,344.0,-3.141592653589793,29.0,5.0
497.0,403.5,-1.5707963267948966,27.0,5.0
569.0,450.0,-3.141592653589793,29.0,5.0
691.5,453.0,0.0,28.0,8.0
