CoordX,CoordY,Orient,HalfLen,HalfWid
560.0,346.5,-1.5707963267948966,38.0,8.0
370.0,457.0,0.0,45.0,8.0
442.5,500.0,-1.5707963267948966,33.0,6.0
562.5,499.5,-1.5707963267948966,32.0,9.0
