CoordX,CoordY,Orient,HalfLen,HalfWid
366.5,189.5,-3.141592653589793,39.0,10.0
449.5,239.0,-1.5707963267948966,33.0,7.0
500.5,505.0,-3.141592653589793,39.0,5.0
620.0,696.5,0.0,38.0,6.0
