CoordX,CoordY,Orient,HalfLen,HalfWid
876.5,311.0,-3.141592653589793,32.0,4.0
941.0,358.0,-1.5707963267948966,39.0,4.0
205.0,364.5,-1.5707963267948966,38.0,11.0
941.0,450.5,-1.5707963267948966,37.0,4.0
711.0,574.0,0.0,28.0,4.0
611.0,616.5,-1.5707963267948966,35.0,4.0
611.0,706.5,-1.5707963267948966,35.0,4.0
837.0,710.5,0.0,43.0,10.0
730.5,752.0,-3.141592653589793,29.0,4.0
