CoordX,CoordY,Orient,HalfLen,HalfWid
406.5,242.5,-3.141592653589793,43.0,22.0
841.5,606.5,-3.141592653589793,43.0,5.0
665.1334792122539,730.9015317286652,-2.9096240161527622,43.120358115316996,5.992573881914039
604.5,840.0,-1.5707963267948966,43.0,6.0
862.5,984.0,0.0,49.0,10.0
