CoordX,CoordY,Orient,HalfLen,HalfWid
450.5,348.0,3.140688903767647,44.01715327548222,18.96022725398365
390.0,735.0,1.5707963267948966,39.0,5.0
225.97805212620028,752.244170096022,-2.334400157485852,34.778691075207185,5.703647290031315
390.0,981.0,1.5707963267948966,39.0,5.0
251.0,1081.5,0.0,37.0,6.0
431.5,1255.5,0.0,45.0,18.0
