CoordX,CoordY,Orient,HalfLen,HalfWid
754.0,571.0,-3.141592653589793,46.0,7.0
813.5,672.5,-1.5707963267948966,32.0,6.0
531.5,699.0,-1.5707963267948966,41.0,6.0
813.5,858.5,-1.5707963267948966,32.0,6.0
763.5,956.0,-3.141592653589793,37.0,11.0
