CoordX,CoordY,Orient,HalfLen,HalfWid
515.0,335.5,-3.141592653589793,49.0,15.0
527.5,922.5,-1.5707963267948966,47.0,5.0
649.0,983.0,0.0,41.0,9.0
441.5,1164.0,-3.141592653589793,49.0,12.0
