CoordX,CoordY,Orient,HalfLen,HalfWid
832.5,392.5,-3.141592653589793,34.0,11.0
154.0,478.0,-3.141592653589793,30.0,5.0
194.5,571.0,-1.5707963267948966,54.0,4.0
820.0,539.5,0.0,32.0,7.0
140.0,653.5,-3.141592653589793,39.0,11.0
