CoordX,CoordY,Orient,HalfLen,HalfWid
506.5,386.0,0.0,33.0,13.0
1054.0,580.0,-3.141592653589793,33.0,5.0
821.0,757.0,-3.141592653589793,33.0,5.0
867.0,813.0,-1.5707963267948966,34.0,5.0
584.5,1029.0,0.0,33.0,5.0
630.5,1250.5,0.0,33.0,13.0
