CoordX,CoordY,Orient,HalfLen,HalfWid
120.5,187.5,0.0,30.0,21.0
350.5,315.5,-1.5707963267948966,30.0,5.0
511.0,315.5,-1.5707963267948966,30.0,7.0
427.0,588.0,0.0,32.0,5.0
512.0,633.5,-1.5707963267948966,37.0,6.0
351.5,635.0,-1.5707963267948966,38.0,6.0
464.0,769.5,-3.141592653589793,38.0,12.0
