CoordX,CoordY,Orient,HalfLen,HalfWid
633.0,174.5,-1.5707963267948966,38.0,7.0
379.5,305.5,0.0,42.0,13.0
485.5,697.5,-1.5707963267948966,39.0,6.0
682.0,750.0,-3.141592653589793,30.0,4.0
485.5,788.5,-1.5707963267948966,28.0,6.0
302.0,893.0,1.5707963267948966,49.0,4.0
485.5,880.5,-1.5707963267948966,28.0,6.0
625.0,980.0,-1.5707963267948966,29.0,4.0
414.5,1000.5,-3.141592653589793,45.0,5.0
414.5,1077.0,0.0,50.0,15.0
