CoordX,CoordY,Orient,HalfLen,HalfWid
743.5,206.5,-3.141592653589793,37.0,9.0
276.5,470.5,-3.141592653589793,39.0,7.0
429.5,470.5,0.0,38.0,7.0
383.5,596.5,-3.141592653589793,28.0,5.0
276.5,643.5,0.0,38.0,7.0
192.5,645.5,-3.141592653589793,27.0,5.0
645.0,734.5,-1.5707963267948966,29.0,5.0
488.0,905.5,-1.5707963267948966,37.0,6.0
608.0,983.5,-3.141592653589793,44.0,5.0
609.0,1134.5,-3.141592653589793,44.0,8.0
