CoordX,CoordY,Orient,HalfLen,HalfWid
928.0,338.5,-3.141592653589793,38.0,5.0
1004.5,395.0,-1.5707963267948966,43.0,5.0
220.5,498.5,-1.5707963267948966,43.0,10.0
838.5,471.0,-1.5707963267948966,11.0,7.0
838.5,524.5,-1.5707963267948966,40.0,7.0
1004.5,739.5,-1.5707963267948966,44.0,5.0
1004.5,856.5,-1.5707963267948966,43.0,5.0
937.5,1115.5,-3.141592653589793,44.0,8.0
