CoordX,CoordY,Orient,HalfLen,HalfWid
1030.0,241.5,-1.5707963267948966,37.0,8.0
491.0,372.0,-1.5707963267948966,33.0,6.0
857.0,375.5,1.5707963267948966,34.0,8.0
1030.0,376.0,-1.5707963267948966,34.0,8.0
1119.5,429.5,-3.141592653589793,34.0,13.0
490.0,536.5,-1.5707963267948966,34.0,7.0
1065.5,556.0,-1.5707963267948966,39.0,13.0
397.0,683.5,-1.5707963267948966,37.0,7.0
437.5,739.5,-3.141592653589793,32.0,13.0
544.0,739.5,0.0,42.0,13.0
