CoordX,CoordY,Orient,HalfLen,HalfWid
383.0,171.5,1.4417194280565744,19.8716918006994,5.563930493604773
744.5,587.5,0.0,110.0,5.0
366.0509090909091,708.7418181818182,-1.5662712681361686,31.026832879422315,6.1085396088238495
496.5,829.5,-3.141592653589793,48.0,23.0
