CoordX,CoordY,Orient,HalfLen,HalfWid
804.0,185.5,-1.5707963267948966,30.0,9.0
645.5,236.0,-3.141592653589793,41.0,6.0
700.0,318.0,-1.5707963267948966,37.0,5.0
700.0,515.5,-1.5707963267948966,40.0,5.0
633.5,699.0,-3.141592653589793,49.0,5.0
634.0,869.0,-3.141592653589793,52.0,13.0
972.5,982.0,-1.5707963267948966,40.0,11.0
