CoordX,CoordY,Orient,HalfLen,HalfWid
1248.0,194.0,-3.141592653589793,27.0,5.0
480.5,247.5,-1.5707963267948966,34.0,10.0
1290.0,276.0,-1.5707963267948966,42.0,5.0
780.0,300.0,-1.5707963267948966,27.0,6.0
1422.0,338.0,0.0,38.0,5.0
1699.0,338.0,0.0,31.0,5.0
616.0,340.5,0.0,35.0,6.0
357.0,465.5,-3.141592653589793,36.0,7.0
1290.0,580.5,-1.5707963267948966,38.0,5.0
480.5,589.0,-1.5707963267948966,38.0,10.0
380.0,737.5,0.0,38.0,11.0
387.0,988.5,0.0,37.0,11.0
