CoordX,CoordY,Orient,HalfLen,HalfWid
392.5,352.0,-3.141592653589793,47.0,20.0
777.0,693.0,-1.5707963267948966,43.0,5.0
957.0,777.0,-3.141592653589793,33.0,5.0
721.5,832.5,-1.5707963267948966,42.0,5.0
437.5,843.5,-1.5707963267948966,42.0,4.0
168.5,967.0,0.0,32.0,5.0
376.5,1157.5,-3.141592653589793,47.0,9.0
