CoordX,CoordY,Orient,HalfLen,HalfWid
571.0,357.0,0.0,40.0,16.0
710.5,880.0,-1.5707963267948966,41.0,5.0
401.5,932.5,-3.141592653589793,31.0,5.0
599.5,972.0,-1.5707963267948966,30.0,5.0
915.5,987.0,-1.5707963267948966,39.0,5.0
970.0,1122.5,-3.141592653589793,46.0,11.0
