CoordX,CoordY,Orient,HalfLen,HalfWid
506.0,239.5,-3.141592653589793,40.0,14.0
221.5,469.0,-1.5707963267948966,41.0,4.0
179.5,564.5,0.0,31.0,4.0
221.5,824.5,-1.5707963267948966,31.0,4.0
393.0,973.5,-1.5707963267948966,40.0,4.0
560.5,973.5,-1.5707963267948966,39.0,4.0
505.0,1191.0,-3.141592653589793,44.0,4.0
505.0,1334.0,0.0,43.0,14.0
197.5,1398.0,-1.5707963267948966,41.0,7.0
