CoordX,CoordY,Orient,HalfLen,HalfWid
539.0,181.5,0.0,42.0,14.0
1097.0,182.5,0.0,42.0,12.0
1265.0,349.0,0.0,39.0,6.0
1132.5,543.5,-3.141592653589793,41.0,6.0
1211.5,624.0,-1.5707963267948966,41.0,5.0
1076.0,660.5,-1.5707963267948966,39.0,7.0
572.0,672.0,-1.5707963267948966,39.0,6.0
386.0,730.0,0.0,40.0,5.0
508.0,829.5,0.0,45.0,5.0
566.5,875.0,-1.5707963267948966,37.0,5.0
506.5,937.5,-3.141592653589793,48.0,13.0
