CoordX,CoordY,Orient,HalfLen,HalfWid
348.5,209.0,-1.5707963267948966,34.0,5.0
247.5,256.5,-3.141592653589793,94.0,5.0
