CoordX,CoordY,Orient,HalfLen,HalfWid
1196.5,253.5,0.0,37.0,11.0
338.5,603.5,-3.141592653589793,33.0,5.0
460.5,603.5,-3.141592653589793,26.0,5.0
589.0,614.5,0.0,33.0,5.0
274.5,686.0,-1.5707963267948966,35.0,5.0
453.0,815.0,0.0,42.0,11.0
