CoordX,CoordY,Orient,HalfLen,HalfWid
1354.5,170.0,-1.5707963267948966,101.0,12.0
1003.0,571.5,-3.141592653589793,38.0,4.0
1236.5,571.5,-3.141592653589793,39.0,4.0
748.5,620.0,-1.5707963267948966,29.0,4.0
1359.5,649.5,-1.5707963267948966,58.0,7.0
807.467122117848,728.0068317677199,-0.0005373724942155765,38.003756120663844,7.020419143105238
