CoordX,CoordY,Orient,HalfLen,HalfWid
765.5,147.5,-1.5707963267948966,40.0,7.0
332.5,182.5,-3.141592653589793,40.0,9.0
810.0,475.5,0.0,30.0,7.0
409.5,540.0,-1.5707963267948966,40.0,8.0
818.0,713.5,-3.141592653589793,46.0,9.0
