CoordX,CoordY,Orient,HalfLen,HalfWid
249.5,143.0,0.0,45.0,21.0
278.0,452.5,-3.141592653589793,33.0,7.0
237.5,520.0,-1.5707963267948966,57.0,4.0
237.5,773.5,-1.5707963267948966,40.0,4.0
423.0,763.0,-1.5707963267948966,25.0,5.0
163.0,885.0,0.0,49.0,9.0
