CoordX,CoordY,Orient,HalfLen,HalfWid
793.5,290.5,-3.141592653589793,35.0,4.0
245.0,351.0,-1.5707963267948966,43.0,10.0
869.0,346.5,-1.5707963267948966,34.0,5.0
296.0,461.5,-3.141592653589793,40.0,8.0
714.5,582.0,-1.5707963267948966,35.0,4.0
869.0,652.0,-1.5707963267948966,35.0,5.0
869.0,813.5,-1.5707963267948966,34.0,5.0
1087.0,890.5,0.0,29.0,4.0
869.0,934.0,-1.5707963267948966,35.0,5.0
789.5,1035.0,0.0,41.0,10.0
