CoordX,CoordY,Orient,HalfLen,HalfWid
233.5,389.0,0.0,44.0,27.0
486.5,698.0,-1.5707963267948966,43.0,5.0
220.5,1006.5,-1.0108934192882926,34.245364177556226,5.980339010033252
359.0,1128.0,-1.5707963267948966,43.0,6.0
699.5,1132.5,-1.5707963267948966,42.0,7.0
232.0,1273.5,-3.141592653589793,48.0,10.0
