CoordX,CoordY,Orient,HalfLen,HalfWid
686.5,323.5,-3.141592653589793,32.0,15.0
238.5,766.5,-1.5707963267948966,32.0,7.0
680.0,773.0,-3.141592653589793,30.0,7.0
103.5,914.5,-3.141592653589793,30.0,8.0
357.0,1013.0,-3.141592653589793,34.0,7.0
356.5,1090.0,0.0,35.0,18.0
279.0,1187.5,-1.5707963267948966,40.0,7.0
