CoordX,CoordY,Orient,HalfLen,HalfWid
539.5,216.0,0.0,43.0,11.0
877.5,382.5,0.0,24.0,5.0
829.5,735.0,-1.5707963267948966,39.0,5.0
438.5,731.5,-1.5707963267948966,33.0,5.0
263.0,782.5,-3.141592653589793,34.0,5.0
519.0,844.0,-1.5707963267948966,38.0,5.0
684.5,845.0,-1.5707963267948966,38.0,5.0
581.5,1026.5,-3.141592653589793,37.0,5.0
583.5,1153.0,-3.141592653589793,37.0,11.0
834.5,1272.0,-1.5707963267948966,38.0,4.0
