CoordX,CoordY,Orient,HalfLen,HalfWid
328.5,385.5,-1.5707963267948966,37.0,14.0
1254.0,357.5,-3.141592653589793,33.0,4.0
983.5,408.0,-1.5707963267948966,38.0,4.0
983.5,683.0,-1.5707963267948966,38.0,4.0
983.5,973.5,-1.5707963267948966,38.0,4.0
1161.0,1020.5,0.0,27.0,4.0
923.5,1195.5,-3.141592653589793,41.0,9.0
