CoordX,CoordY,Orient,HalfLen,HalfWid
781.5,806.0,0.0,40.0,17.0
830.0,856.5,-1.5707963267948966,29.0,7.0
884.0,1055.5,0.0,39.0,10.0
574.0,1151.0,-1.5707963267948966,71.0,21.0
218.5,1698.0,0.0,40.0,20.0
679.5,1688.5,-3.141592653589793,39.0,10.0
208.5,1935.5,0.0,38.0,14.0
