CoordX,CoordY,Orient,HalfLen,HalfWid
284.5,176.5,0.0,42.0,11.0
481.5,434.0,0.0,31.0,6.0
656.0,434.0,0.0,33.0,6.0
436.0,502.0,-1.5707963267948966,38.0,10.0
659.5,626.0,-3.141592653589793,39.0,9.0
