CoordX,CoordY,Orient,HalfLen,HalfWid
361.0,263.5,0.0,35.0,10.0
322.0,839.0,-1.5707963267948966,37.0,5.0
518.2301101591187,837.8017135862913,0.4675686914901302,40.717167022175445,5.52258845542955
322.0,1022.5,-1.5707963267948966,36.0,5.0
264.0,1121.0,0.0,37.0,5.0
255.5,1282.5,0.0,37.0,10.0
