CoordX,CoordY,Orient,HalfLen,HalfWid
1072.5,218.0,-1.5707963267948966,33.0,5.0
1284.0,282.0,0.0,37.0,5.0
1373.0,282.0,0.0,31.0,5.0
885.5,389.5,-1.5707963267948966,35.0,6.0
885.5,482.0,-1.5707963267948966,36.0,6.0
1308.5,675.0,0.0,47.0,16.0
1152.5,762.5,-1.5707963267948966,42.0,12.0
1476.5,767.0,-1.5707963267948966,42.0,11.0
1305.0,838.0,-3.141592653589793,41.0,6.0
