CoordX,CoordY,Orient,HalfLen,HalfWid
261.5,554.5,-1.5707963267948966,43.0,9.0
924.5,558.5,-1.5707963267948966,39.0,4.0
1122.2746268656717,723.4985074626866,-2.5527671261349023,27.739565180149054,6.124067416495942
992.5,743.0,-1.5707963267948966,38.0,4.0
825.0,749.0,-1.5707963267948966,38.0,4.0
941.0,857.5,-3.141592653589793,42.0,9.0
