CoordX,CoordY,Orient,HalfLen,HalfWid
585.0,378.5,-3.141592653589793,30.0,4.0
545.5,430.5,-1.5707963267948966,41.0,4.0
667.5,429.5,-1.5707963267948966,39.0,4.0
545.5,533.5,-1.5707963267948966,41.0,4.0
251.0,526.0,-1.5707963267948966,33.0,8.0
581.0,981.5,-3.141592653589793,46.0,4.0
582.5,1112.0,-3.141592653589793,47.0,12.0
