CoordX,CoordY,Orient,HalfLen,HalfWid
603.5,129.0,0.0,33.0,11.0
1225.0,287.5,-3.141592653589793,25.0,5.0
1133.0,451.5,-3.141592653589793,25.0,5.0
1177.5,490.0,-1.5707963267948966,25.0,5.0
1177.5,586.5,-1.5707963267948966,24.0,5.0
1069.5,640.5,0.0,24.0,5.0
700.5,727.0,-1.5707963267948966,33.0,5.0
561.0,772.5,-3.141592653589793,25.0,5.0
648.0,772.5,-3.141592653589793,34.0,5.0
646.5,898.0,0.0,34.0,11.0
