CoordX,CoordY,Orient,HalfLen,HalfWid
637.5,307.5,-3.141592653589793,40.0,18.0
788.0,774.5,-1.5707963267948966,35.0,5.0
489.0,950.5,-1.5707963267948966,36.0,5.0
788.0,983.5,-1.5707963267948966,41.0,5.0
547.0,998.0,0.0,46.0,5.0
846.5,1159.0,0.0,41.0,4.0
732.5,1206.0,-3.141592653589793,46.0,5.0
732.5,1347.0,0.0,46.0,18.0
888.5,1907.5,-3.141592653589793,45.0,5.0
