CoordX,CoordY,Orient,HalfLen,HalfWid
599.5,498.5,-1.5707963267948966,41.0,17.0
1126.5,620.5,-3.141592653589793,43.0,5.0
1234.5,620.5,-3.141592653589793,41.0,5.0
1288.0,666.5,-1.5707963267948966,34.0,4.0
1064.0,757.0,-1.5707963267948966,44.0,4.0
1371.0,880.5,-1.5707963267948966,34.0,5.0
1316.5,975.5,0.0,45.0,9.0
