CoordX,CoordY,Orient,HalfLen,HalfWid
306.0,862.5,-1.5707963267948966,34.0,6.0
432.0,982.0,-3.141592653589793,40.0,24.0
