CoordX,CoordY,Orient,HalfLen,HalfWid
688.0,368.5,-3.141592653589793,40.0,14.0
620.5,819.0,-1.5707963267948966,40.0,5.0
673.5,946.5,-3.141592653589793,41.0,5.0
765.5,989.5,-1.5707963267948966,31.0,5.0
393.5,1153.0,0.0,46.0,10.0
