CoordX,CoordY,Orient,HalfLen,HalfWid
1327.5,130.0,-1.5707963267948966,42.0,15.0
1307.0,247.5,-1.5707963267948966,34.0,5.0
1352.0,474.5,-3.141592653589793,29.0,7.0
552.0,720.5,-1.5707963267948966,29.0,5.0
1307.0,746.0,-1.5707963267948966,30.0,5.0
1247.5,799.0,-3.141592653589793,39.0,5.0
615.5,800.0,-3.141592653589793,39.0,5.0
893.0,800.0,-3.141592653589793,39.0,5.0
1124.5,1004.0,0.0,44.0,5.0
1124.0,1127.5,0.0,43.0,15.0
