CoordX,CoordY,Orient,HalfLen,HalfWid
337.5,268.0,-1.5707963267948966,44.0,10.0
845.5,290.0,-1.5707963267948966,42.0,6.0
1250.5,478.5,-3.141592653589793,48.0,8.0
760.0,481.5,-3.141592653589793,29.0,5.0
993.0,522.0,-1.5707963267948966,29.0,3.0
661.5,534.0,-1.5707963267948966,38.0,5.0
1000.0,796.5,-1.5707963267948966,37.0,10.0
909.5,925.0,-3.141592653589793,46.0,9.0
