CoordX,CoordY,Orient,HalfLen,HalfWid
793.5,209.5,0.0,41.0,8.0
376.5,301.0,-1.5707963267948966,31.0,5.0
376.5,461.5,-1.5707963267948966,30.0,5.0
1321.5,505.5,-3.141592653589793,39.0,5.0
497.5,519.5,-3.141592653589793,41.0,5.0
381.5,727.0,-1.5707963267948966,40.0,5.0
786.5,719.5,-3.141592653589793,29.0,5.0
322.0,802.0,-3.141592653589793,41.0,8.0
1449.5,922.5,-1.5707963267948966,40.0,4.0
1395.0,975.5,0.0,45.0,5.0
1395.0,1060.5,0.0,45.0,19.0
