CoordX,CoordY,Orient,HalfLen,HalfWid
883.5,302.5,-3.141592653589793,38.0,11.0
589.5,397.5,-1.5707963267948966,35.0,9.0
829.5,397.5,-1.5707963267948966,35.0,9.0
539.5,687.5,-3.141592653589793,35.0,5.0
711.0,687.5,0.0,30.0,5.0
966.0,745.5,-1.5707963267948966,29.0,6.0
651.5,831.0,-3.141592653589793,39.0,9.0
