CoordX,CoordY,Orient,HalfLen,HalfWid
398.0,194.0,0.0,41.0,10.0
548.0,396.0,0.0,41.0,4.0
615.0,493.5,-1.5707963267948966,37.0,4.0
884.5,555.5,0.0,40.0,3.0
494.5,610.5,-1.5707963267948966,46.0,7.0
946.0,623.0,-1.5707963267948966,30.0,4.0
725.0,713.0,0.0,47.0,8.0
