CoordX,CoordY,Orient,HalfLen,HalfWid
490.5,286.0,-3.141592653589793,39.0,12.0
384.0,642.5,-3.141592653589793,35.0,4.0
308.5,683.5,-1.5707963267948966,30.0,5.0
308.5,857.5,-1.5707963267948966,32.0,5.0
519.5,893.0,-1.5707963267948966,40.0,4.0
267.5,981.0,0.0,32.0,5.0
439.5,1067.5,0.0,45.0,4.0
436.0,1144.5,-3.141592653589793,44.0,12.0
301.0,1234.5,-1.5707963267948966,42.0,6.0
