CoordX,CoordY,Orient,HalfLen,HalfWid
231.5,325.5,0.0,40.0,14.0
595.0,325.5,-3.141592653589793,40.0,14.0
293.0,540.5,-1.5707963267948966,40.0,4.0
248.0,781.5,0.0,32.0,5.0
660.5,905.5,-1.5707963267948966,40.0,4.0
835.5,1005.5,0.0,31.0,4.0
597.0,1046.5,-1.079676304868757,39.946689374788896,4.718263239172639
426.0,1071.5,-1.5707963267948966,40.0,4.0
485.5,1194.5,0.0,46.0,4.0
486.5,1352.5,-3.141592653589793,46.0,14.0
