CoordX,CoordY,Orient,HalfLen,HalfWid
944.0,865.5,0.0,28.0,5.0
986.5,918.5,-1.5707963267948966,29.0,5.0
224.5,940.5,-3.141592653589793,30.0,5.0
1641.5,986.5,-1.5707963267948966,31.0,5.0
1820.0,1058.5,0.0,31.0,10.0
1555.0,1083.5,-3.141592653589793,31.0,5.0
986.5,1200.0,-1.5707963267948966,29.0,5.0
394.0,1249.0,-1.5707963267948966,30.0,6.0
930.5,1299.5,0.0,30.0,10.0
