CoordX,CoordY,Orient,HalfLen,HalfWid
820.5,327.5,0.0,40.0,6.0
231.0,374.0,-1.5707963267948966,41.0,9.0
884.0,411.5,-1.5707963267948966,31.0,7.0
1160.0,497.5,0.0,36.0,9.0
884.0,623.0,-1.5707963267948966,43.0,7.0
827.5,678.5,0.0,45.0,9.0
