CoordX,CoordY,Orient,HalfLen,HalfWid
564.5,292.0,-1.5707963267948966,39.0,7.0
1285.0,369.5,-1.5707963267948966,42.0,8.0
564.5,481.0,-1.5707963267948966,43.0,7.0
564.5,715.5,-1.5707963267948966,33.0,7.0
621.5,767.0,0.0,47.0,8.0
