CoordX,CoordY,Orient,HalfLen,HalfWid
739.5,468.5,-3.141592653589793,40.0,11.0
943.5,854.5,-3.141592653589793,34.0,4.0
843.5,896.5,-1.5707963267948966,34.0,4.0
454.0,874.5,0.0,39.0,4.0
408.5,942.0,-1.5707963267948966,31.0,4.0
543.5,1014.5,-3.141592653589793,39.0,4.0
843.5,1064.0,-1.5707963267948966,35.0,4.0
886.0,1153.0,-3.141592653589793,29.0,7.0
683.0,1168.5,-3.141592653589793,30.0,4.0
789.5,1168.5,0.0,42.0,4.0
790.5,1326.5,0.0,44.0,14.0
872.5,1704.5,-1.5707963267948966,34.0,6.0
