CoordX,CoordY,Orient,HalfLen,HalfWid
464.0,404.0,-3.141592653589793,27.0,3.0
517.0,435.5,-1.5707963267948966,27.0,3.0
377.0,578.0,0.0,40.0,9.0
