CoordX,CoordY,Orient,HalfLen,HalfWid
765.0,421.0,-3.141592653589793,51.0,20.0
325.0,782.0,-3.141592653589793,42.0,6.0
656.5,845.5,-1.5707963267948966,42.0,7.0
561.0,921.5,0.0,50.0,15.0
