CoordX,CoordY,Orient,HalfLen,HalfWid
779.0,366.0,-3.141592653589793,26.0,4.0
916.5,366.0,0.0,26.0,4.0
717.5,423.5,-1.5707963267948966,38.0,4.0
986.0,426.0,-1.5707963267948966,37.0,4.0
361.0,740.5,-1.5707963267948966,36.0,9.0
1034.5,795.5,0.0,38.0,7.0
1136.0,845.0,-1.5707963267948966,42.0,4.0
986.0,1026.0,-1.5707963267948966,25.0,4.0
929.5,1114.5,-3.141592653589793,37.0,7.0
