CoordX,CoordY,Orient,HalfLen,HalfWid
278.5,211.5,-3.141592653589793,40.0,7.0
357.5,510.0,-1.5707963267948966,38.0,3.0
548.0,577.0,-1.5707963267948966,40.0,5.0
251.0,553.0,-3.141592653589793,35.0,2.0
254.0,652.0,-3.141592653589793,29.0,6.0
417.5,674.0,0.0,41.0,4.0
417.5,811.0,-3.141592653589793,39.0,9.0
