CoordX,CoordY,Orient,HalfLen,HalfWid
605.5,315.0,-3.141592653589793,37.0,6.0
1276.0,468.0,-3.141592653589793,41.0,6.0
352.0,476.0,0.0,54.0,6.0
684.5,476.0,0.0,36.0,6.0
257.0,580.0,-1.5707963267948966,46.0,11.0
689.0,615.0,-3.141592653589793,31.0,6.0
821.0,615.0,-3.141592653589793,41.0,6.0
557.5,719.0,0.0,40.0,6.0
1261.0,808.0,-3.141592653589793,47.0,6.0
1261.0,924.0,-3.141592653589793,48.0,11.0
