CoordX,CoordY,Orient,HalfLen,HalfWid
1124.0,355.0,-1.5707963267948966,39.0,14.0
1033.9763513513512,455.72297297297297,-0.3043119409580921,77.43645110256828,4.494552017363307
731.0,630.5,-1.5707963267948966,35.0,4.0
455.5,653.5,-1.569699684631905,38.00436371791839,3.958325200911193
236.0,919.0,-1.5707963267948966,28.0,4.0
454.5,925.5,-1.5694346075056766,34.00541535272822,3.953697849916626
513.0,977.0,-3.141592653589793,30.0,4.0
646.0,1096.5,-3.141592653589793,44.0,8.0
