CoordX,CoordY,Orient,HalfLen,HalfWid
641.0,231.0,-1.5707963267948966,31.0,6.0
1355.5,397.5,-1.5707963267948966,40.0,16.0
492.0,396.5,-3.141592653589793,41.0,6.0
439.5,452.0,-1.5707963267948966,40.0,6.0
439.5,553.5,-1.5707963267948966,39.0,6.0
498.5,683.5,-3.141592653589793,46.0,5.0
706.0,683.5,-3.141592653589793,38.0,5.0
803.5,744.0,-3.141592653589793,41.0,6.0
498.0,886.5,0.0,47.0,14.0
579.5,1067.0,-1.5707963267948966,39.0,6.0
