CoordX,CoordY,Orient,HalfLen,HalfWid
562.0,319.5,3.140106078479354,33.00590983481662,3.950938619613747
512.5,368.5,-1.5707963267948966,34.0,5.0
1180.5,391.0,-1.5707963267948966,40.0,5.0
667.0,413.5,-1.5707963267948966,34.0,6.0
512.5,529.5,-1.5707963267948966,34.0,5.0
667.0,526.5,-1.5707963267948966,29.0,6.0
570.0,651.5,0.0,39.0,8.0
