CoordX,CoordY,Orient,HalfLen,HalfWid
471.0,269.0,0.0,40.0,7.0
221.5351787773933,434.50749711649365,3.140837933590421,30.004519775532586,6.022639889024966
230.5,607.5,-3.141592653589793,31.0,6.0
1156.5,730.5,0.0,40.0,6.0
1099.5,820.0,-1.5707963267948966,36.0,6.0
277.5,823.5,-1.5707963267948966,29.0,6.0
1211.5,918.5,-1.5707963267948966,40.0,6.0
490.0,898.5,0.0,44.0,6.0
333.5,962.0,-3.141592653589793,40.0,7.0
490.5,962.0,0.0,43.0,7.0
1211.5,1030.0,-1.5707963267948966,40.0,6.0
