CoordX,CoordY,Orient,HalfLen,HalfWid
300.0,292.5,0.0,44.0,18.0
191.5,464.0,0.0,40.0,6.0
207.5,745.5,-0.7853981633974483,39.59797974644666,5.6568542494923815
270.5,986.0,-1.5707963267948966,40.0,5.0
209.0,1158.5,-3.141592653589793,44.0,5.0
207.5,1276.0,-3.141592653589793,45.0,19.0
