CoordX,CoordY,Orient,HalfLen,HalfWid
407.5,281.0,-1.5707963267948966,79.0,7.0
475.5,281.5,-1.5707963267948966,78.0,7.0
894.5,472.0,-1.5707963267948966,44.0,7.0
894.5,648.5,-1.5707963267948966,33.0,7.0
648.5,749.0,-1.5707963267948966,32.0,7.0
591.5,1058.5,0.0,47.0,7.0
