CoordX,CoordY,Orient,HalfLen,HalfWid
371.0,270.5,-3.141592653589793,39.0,15.0
487.5,550.5,-3.141592653589793,39.0,5.0
561.5,755.5,-1.5707963267948966,39.0,6.0
499.5,807.0,-3.141592653589793,44.0,6.0
499.5,930.0,0.0,45.0,16.0
