CoordX,CoordY,Orient,HalfLen,HalfWid
588.5,351.5,-3.141592653589793,34.0,7.0
1356.5,401.5,-1.5707963267948966,44.0,20.0
450.0,415.0,-1.5707963267948966,38.0,9.0
1059.0,499.0,0.0,45.0,9.0
450.0,621.0,-1.5707963267948966,42.0,9.0
944.0,632.5,-1.5707963267948966,38.0,11.0
450.0,917.5,-1.5707963267948966,38.0,9.0
532.5,1069.0,0.0,41.0,15.0
