CoordX,CoordY,Orient,HalfLen,HalfWid
309.0,129.5,-1.5707963267948966,33.0,31.0
948.5,244.5,-3.141592653589793,33.0,5.0
1025.0,336.0,-1.5707963267948966,39.0,7.0
836.0,398.5,-1.5707963267948966,43.0,7.0
905.0,483.0,-3.141592653589793,43.0,24.0
