CoordX,CoordY,Orient,HalfLen,HalfWid
510.0,359.0,-1.5707963267948966,37.0,10.0
701.5,681.5,-3.141592653589793,34.0,4.0
793.0,681.5,-3.141592653589793,38.0,4.0
839.5,723.5,-1.5707963267948966,32.0,4.0
510.0,774.0,-1.5707963267948966,37.0,10.0
570.0,837.5,0.0,39.0,8.0
