CoordX,CoordY,Orient,HalfLen,HalfWid
892.5,386.0,-1.5707963267948966,54.0,5.0
412.5,515.0,0.0,37.0,7.0
1324.5,582.5,-1.5707963267948966,45.0,21.0
358.5,605.5,-1.5707963267948966,38.0,5.0
466.5,752.5,-1.5707963267948966,39.0,5.0
329.0,872.5,-3.141592653589793,38.0,5.0
529.0,1080.5,-3.141592653589793,44.0,9.0
