CoordX,CoordY,Orient,HalfLen,HalfWid
472.5,1566.5,-1.5707963267948966,38.0,7.0
472.5,1729.0,-1.5707963267948966,39.0,7.0
944.0,1993.5,-3.141592653589793,45.0,14.0
747.5,2353.0,-3.141592653589793,38.0,13.0
603.0,2419.5,-1.5707963267948966,38.0,7.0
881.0,2496.5,-3.141592653589793,39.0,7.0
