CoordX,CoordY,Orient,HalfLen,HalfWid
1247.0,312.0,-1.5707963267948966,81.0,15.0
509.5,293.0,-3.141592653589793,30.0,4.0
443.0,345.5,-1.5707963267948966,40.0,5.0
696.0,351.5,-1.5707963267948966,43.0,4.0
382.0,606.5,-1.5707963267948966,40.0,4.0
571.0,617.0,-1.5707963267948966,30.0,4.0
503.0,781.5,0.0,41.0,15.0
