CoordX,CoordY,Orient,HalfLen,HalfWid
348.0,291.5,-3.141592653589793,42.0,20.0
240.5,850.0,-1.5707963267948966,42.0,5.0
298.5,949.5,0.0,46.0,9.0
