CoordX,CoordY,Orient,HalfLen,HalfWid
655.5,517.0,-3.141592653589793,41.0,5.0
309.5,612.5,-1.5707963267948966,42.0,19.0
856.0,674.5,0.0,43.0,7.0
803.0,973.0,-3.141592653589793,42.0,5.0
796.0,1149.0,0.0,48.0,10.0
