CoordX,CoordY,Orient,HalfLen,HalfWid
572.5,274.5,-3.141592653589793,39.0,10.0
667.0,552.0,1.5707963267948966,39.0,5.0
932.0,601.0,0.0,32.0,5.0
572.0,796.5,-1.5707963267948966,38.0,5.0
735.0,798.5,-2.3572195322653524,33.946906178385795,5.622060202085395
507.5,957.5,-3.141592653589793,42.0,10.0
