CoordX,CoordY,Orient,HalfLen,HalfWid
357.8641933287951,203.92886317222602,-0.7809603812140579,41.64671584435989,18.202592693699987
757.5,298.5,-1.5707963267948966,40.0,8.0
890.7886944818304,662.7900403768506,0.785480748906777,27.5766388012697,7.068848710354748
754.0,692.0,-1.5707963267948966,40.0,5.0
616.5,811.5,-3.141592653589793,41.0,9.0
