CoordX,CoordY,Orient,HalfLen,HalfWid
639.0,155.5,-1.5707963267948966,30.0,6.0
538.5,333.0,-3.141592653589793,40.0,5.0
682.5,385.0,0.0,30.0,7.0
318.0,617.0,-1.5707963267948966,40.0,17.0
679.0,665.0,0.0,31.0,5.0
677.0,833.0,0.0,45.0,5.0
676.5,922.0,-3.141592653589793,44.0,15.0
627.0,1078.0,0.0,39.0,6.0
