CoordX,CoordY,Orient,HalfLen,HalfWid
1061.0,99.5,-1.5707963267948966,37.0,7.0
1061.0,723.0,-1.5707963267948966,42.0,7.0
501.0,826.0,0.0,37.0,7.0
824.5,826.0,0.0,37.0,7.0
1014.0,826.0,0.0,37.0,7.0
167.60775540641313,1000.5137956748695,0.5217372881531156,46.61858411390664,7.559368342578728
