CoordX,CoordY,Orient,HalfLen,HalfWid
164.0,264.5,0.0,44.0,19.0
251.0,806.0,-1.5707963267948966,39.0,4.0
236.0,979.5,-1.5707963267948966,41.0,4.0
170.5,1083.0,0.0,46.0,4.0
170.0,1169.5,-3.141592653589793,48.0,17.0
