CoordX,CoordY,Orient,HalfLen,HalfWid
458.2972972972973,165.17047817047816,-0.7689832041058275,30.992440716452435,8.715278815819014
204.0,363.0,-3.141592653589793,40.0,6.0
470.0,363.0,-3.141592653589793,41.0,6.0
461.5,622.0,0.0,39.0,6.0
460.0,768.0,-3.141592653589793,40.0,14.0
474.0,925.5,0.0,40.0,7.0
