CoordX,CoordY,Orient,HalfLen,HalfWid
409.5,201.5,-3.141592653589793,83.0,14.0
311.5,799.0,-1.5707963267948966,46.0,6.0
262.5,862.5,-3.141592653589793,39.0,1.0
435.5,1044.0,-3.141592653589793,44.0,15.0
