CoordX,CoordY,Orient,HalfLen,HalfWid
1660.0,321.0,-1.5707963267948966,33.0,5.0
1602.5,381.0,-3.141592653589793,34.0,7.0
1856.0,507.5,-1.5707963267948966,37.0,11.0
1422.0,514.5,-1.5707963267948966,37.0,7.0
490.5,570.0,-3.141592653589793,38.0,5.0
676.5,570.0,0.0,37.0,5.0
1556.5,571.0,0.0,33.0,5.0
373.0,618.0,-1.5707963267948966,25.0,5.0
1551.0,697.0,0.0,34.0,5.0
484.0,720.0,0.0,38.0,5.0
1422.0,755.5,-1.5707963267948966,37.0,7.0
685.5,1074.0,0.0,39.0,11.0
