CoordX,CoordY,Orient,HalfLen,HalfWid
1257.5,356.5,-1.5707963267948966,37.0,9.0
494.0,392.5,-1.5707963267948966,38.0,5.0
743.5,440.5,-3.141592653589793,41.0,7.0
431.0,496.5,-1.5707963267948966,40.0,4.0
494.0,497.0,-1.5707963267948966,40.0,5.0
614.5,581.5,0.0,33.0,4.0
