CoordX,CoordY,Orient,HalfLen,HalfWid
1837.0,398.0,-3.141592653589793,37.0,13.0
1226.0,525.0,0.0,38.0,16.0
486.0,543.0,-3.141592653589793,38.0,6.0
425.0,623.5,-1.5707963267948966,35.0,6.0
1594.0,657.5,-1.5707963267948966,39.0,6.0
487.5,716.5,-3.141592653589793,39.0,5.0
662.5,716.5,-3.141592653589793,37.0,5.0
848.5,716.5,-3.141592653589793,42.0,5.0
1671.0,744.5,0.0,32.0,5.0
1544.0,817.0,-1.5707963267948966,35.0,6.0
847.5,907.0,0.0,41.0,20.0
1841.0,968.0,0.0,38.0,13.0
