CoordX,CoordY,Orient,HalfLen,HalfWid
817.5,229.0,0.0,35.0,5.0
912.0,311.5,-1.5707963267948966,43.0,5.0
144.0,369.5,-1.5707963267948966,44.0,8.0
758.0,471.5,-1.5707963267948966,35.0,5.0
912.0,496.5,-1.5707963267948966,39.0,5.0
856.0,620.0,0.0,46.0,8.0
