CoordX,CoordY,Orient,HalfLen,HalfWid
589.5,247.0,-1.5707963267948966,44.0,23.0
374.5,680.5,-1.5707963267948966,41.0,8.0
314.0,767.0,-3.141592653589793,47.0,11.0
