CoordX,CoordY,Orient,HalfLen,HalfWid
328.5,235.5,-3.141592653589793,40.0,16.0
714.0,411.5,-3.141592653589793,39.0,7.0
663.0,649.0,-1.5707963267948966,39.0,6.0
324.5,833.0,-1.5707963267948966,42.0,7.0
482.5,853.0,-1.5707963267948966,41.0,7.0
382.0,982.5,-3.141592653589793,40.0,5.0
383.0,1136.5,-3.141592653589793,42.0,16.0
