CoordX,CoordY,Orient,HalfLen,HalfWid
342.0,353.0,0.0,38.0,15.0
473.5,713.5,-3.141592653589793,39.0,5.0
381.0,926.0,0.0,42.0,7.0
478.0,926.0,-3.141592653589793,33.0,7.0
565.0,926.0,-3.141592653589793,30.0,7.0
383.0,1110.0,0.0,40.0,16.0
507.5,1195.5,-1.5707963267948966,44.0,7.0
