CoordX,CoordY,Orient,HalfLen,HalfWid
789.0,294.5,-1.5707963267948966,38.0,6.0
190.0,353.5,-1.5707963267948966,39.0,12.0
1090.0,346.5,0.0,35.0,8.0
789.0,517.5,-1.5707963267948966,38.0,6.0
468.5,657.0,-1.5707963267948966,35.0,6.0
1089.0,635.5,-3.141592653589793,34.0,5.0
789.0,707.0,-1.5707963267948966,30.0,6.0
936.5,706.0,-1.5707963267948966,29.0,5.0
468.5,751.5,-1.5707963267948966,34.0,6.0
527.0,795.0,0.0,29.0,8.0
693.0,795.0,0.0,47.0,8.0
