CoordX,CoordY,Orient,HalfLen,HalfWid
1842.0,707.0,-3.141592653589793,45.0,19.0
1804.5,1095.5,-3.141592653589793,42.0,6.0
1453.5,1376.5,0.0,36.0,6.0
694.5,1434.0,-1.5707963267948966,44.0,7.0
1706.5,1435.0,-1.5707963267948966,44.0,6.0
1852.5,1439.0,-1.5707963267948966,43.0,6.0
826.5,1730.5,-3.141592653589793,41.0,7.0
620.5,1754.0,-3.141592653589793,47.0,15.0
1640.0,1761.5,-3.141592653589793,44.0,16.0
737.5,2011.5,-1.5707963267948966,39.0,10.0
