CoordX,CoordY,Orient,HalfLen,HalfWid
734.0,445.0,-3.141592653589793,41.0,8.0
667.0,642.0,-1.5707963267948966,40.0,8.0
302.5,776.5,-1.5707963267948966,39.0,11.0
544.0,803.5,-1.5707963267948966,33.0,8.0
612.0,866.0,0.0,32.0,8.0
732.5,919.5,0.0,38.0,8.0
362.0,970.0,0.0,38.0,8.0
663.0,1085.0,-1.5707963267948966,37.0,9.0
736.5,1157.5,-3.141592653589793,43.0,9.0
812.5,1216.0,-1.5707963267948966,34.0,9.0
662.5,1242.5,-1.5707963267948966,44.0,9.0
662.5,1451.5,-1.5707963267948966,95.0,9.0
