CoordX,CoordY,Orient,HalfLen,HalfWid
911.0,603.5,-1.5707963267948966,35.0,12.0
306.5,697.5,-3.141592653589793,27.0,3.0
270.5,735.5,-1.5707963267948966,26.0,4.0
506.0,743.0,-1.5707963267948966,33.0,4.0
320.0,797.0,-3.141592653589793,30.0,4.0
264.5,971.0,0.0,25.0,3.0
463.5,1029.0,-1.5707963267948966,33.0,3.0
410.0,1137.0,0.0,37.0,7.0
