CoordX,CoordY,Orient,HalfLen,HalfWid
242.0,468.0,-3.141592653589793,33.0,5.0
415.5,468.0,0.0,44.0,5.0
562.0,589.5,0.0,39.0,6.0
1145.0,654.5,-1.5707963267948966,43.0,11.0
513.5,732.0,-1.5707963267948966,62.0,6.0
513.5,985.5,-1.5707963267948966,44.0,6.0
297.0,1033.5,-3.141592653589793,39.0,7.0
513.5,1148.0,-1.5707963267948966,36.0,6.0
895.0,1170.0,-3.141592653589793,61.0,5.0
612.5,1234.5,-3.141592653589793,45.0,10.0
