CoordX,CoordY,Orient,HalfLen,HalfWid
225.0,248.0,-3.141592653589793,30.0,6.0
468.5,417.5,-3.141592653589793,49.0,6.0
863.5,417.5,0.0,40.0,6.0
1183.0,484.5,0.0,39.0,12.0
474.5,568.0,0.0,39.0,6.0
223.0,581.5,0.0,39.0,6.0
668.0,651.0,0.0,61.0,6.0
164.5,761.5,-3.141592653589793,44.0,9.0
