CoordX,CoordY,Orient,HalfLen,HalfWid
984.5,121.5,0.0,37.0,14.0
936.0,494.0,-1.5707963267948966,28.0,7.0
237.0,582.5,-1.5707963267948966,27.0,7.0
986.0,574.5,-3.141592653589793,38.0,5.0
1080.5,574.5,-3.141592653589793,34.0,5.0
400.0,624.5,0.0,32.0,5.0
557.5,624.5,-3.141592653589793,31.0,5.0
1231.0,666.0,0.0,34.0,6.0
354.5,756.0,-1.5707963267948966,38.0,5.0
405.5,839.5,0.0,38.0,5.0
408.0,1010.0,0.0,41.0,14.0
1045.0,1010.5,-3.141592653589793,36.0,13.0
