CoordX,CoordY,Orient,HalfLen,HalfWid
777.0,618.0,-3.141592653589793,42.0,8.0
577.5,895.5,-3.141592653589793,45.0,15.0
580.5,1326.5,-1.5707963267948966,37.0,5.0
828.0,1341.0,-1.5707963267948966,43.0,7.0
890.0,1460.0,-3.141592653589793,46.0,11.0
