CoordX,CoordY,Orient,HalfLen,HalfWid
1044.0,412.5,-1.5707963267948966,62.0,6.0
224.0,482.0,-1.5707963267948966,42.0,10.0
914.5,484.0,-3.141592653589793,44.0,6.0
719.0,532.5,-1.5707963267948966,45.0,5.0
353.5,589.0,0.0,119.0,6.0
1165.5,659.0,-3.141592653589793,35.0,7.0
768.0,660.0,-3.141592653589793,40.0,6.0
870.5,660.0,-3.141592653589793,44.0,6.0
999.5,660.0,0.0,39.0,6.0
870.5,850.0,0.0,46.0,10.0
1001.5,1095.0,-1.5707963267948966,18.0,3.0
