CoordX,CoordY,Orient,HalfLen,HalfWid
405.5,188.5,-3.141592653589793,38.0,10.0
185.5,719.0,-1.5707963267948966,25.0,5.0
342.5,747.0,-1.5707963267948966,38.0,5.0
342.5,1029.5,-1.5707963267948966,37.0,5.0
532.5,1132.5,-3.141592653589793,36.0,3.0
403.5,1228.5,0.0,36.0,4.0
398.0,1335.5,0.0,36.0,10.0
