CoordX,CoordY,Orient,HalfLen,HalfWid
279.5,509.5,-3.141592653589793,40.0,5.0
657.5,509.5,-3.141592653589793,45.0,5.0
978.5,509.5,-3.141592653589793,41.0,5.0
723.5,564.5,-1.5707963267948966,40.0,5.0
478.5,628.0,-1.5707963267948966,41.0,5.0
560.5,728.5,-3.141592653589793,31.0,5.0
671.5,729.0,-3.141592653589793,41.0,6.0
