CoordX,CoordY,Orient,HalfLen,HalfWid
555.5,412.0,0.0,28.0,3.0
490.0,458.5,-1.5707963267948966,38.0,3.0
1133.5,465.0,-1.5707963267948966,36.0,13.0
490.0,561.5,-1.5707963267948966,37.0,3.0
490.0,833.0,-1.5707963267948966,32.0,3.0
535.0,933.0,0.0,38.0,7.0
