CoordX,CoordY,Orient,HalfLen,HalfWid
392.5,275.0,0.0,44.0,18.0
577.0,647.5,-3.141592653589793,33.0,7.0
531.5,816.0,-1.5707963267948966,38.0,7.0
437.0,970.0,0.0,49.0,8.0
