CoordX,CoordY,Orient,HalfLen,HalfWid
983.0,204.0,-1.5707963267948966,60.0,7.0
625.0,226.5,-1.5707963267948966,66.0,7.0
752.0,325.0,0.0,62.0,7.0
625.0,435.5,-1.5707963267948966,42.0,7.0
887.0,458.5,-1.5707963267948966,39.0,7.0
1091.5,718.5,0.0,53.0,15.0
