CoordX,CoordY,Orient,HalfLen,HalfWid
621.0,366.5,-1.5707963267948966,31.0,9.0
1265.5,498.5,-1.5707963267948966,41.0,15.0
566.0,469.0,0.0,40.0,5.0
477.5,854.0,-1.5707963267948966,42.0,4.0
209.5,904.5,-3.141592653589793,30.0,4.0
477.5,942.5,-1.5707963267948966,29.0,4.0
533.0,1015.0,0.0,47.0,8.0
