CoordX,CoordY,Orient,HalfLen,HalfWid
376.5,325.5,-3.141592653589793,47.0,12.0
726.0,500.5,1.5707963267948966,68.0,6.0
317.5,950.0,-1.5707963267948966,43.0,6.0
725.5,975.0,-1.5707963267948966,43.0,6.0
196.5,1103.0,-3.141592653589793,41.0,6.0
372.0,1103.0,0.0,43.0,6.0
520.0,1103.0,-3.141592653589793,49.0,6.0
514.0,1277.0,0.0,49.0,11.0
585.0,1412.5,-1.5707963267948966,43.0,6.0
