CoordX,CoordY,Orient,HalfLen,HalfWid
256.5,537.0,-1.5707963267948966,32.0,4.0
306.0,603.5,0.0,31.0,10.0
457.0,603.5,0.0,32.0,10.0
1199.0,608.5,0.0,33.0,10.0
382.5,714.0,-1.5707963267948966,63.0,10.0
470.0,809.0,-3.141592653589793,47.0,10.0
