CoordX,CoordY,Orient,HalfLen,HalfWid
516.4589308996088,287.50717079530637,0.0006884922328529607,31.003435113558485,5.021342072478407
687.0,332.5,-1.5707963267948966,35.0,4.0
455.0,342.0,-1.5707963267948966,43.0,8.0
455.0,447.5,-1.5707963267948966,42.0,8.0
516.5,543.5,0.0,46.0,7.0
515.0,661.5,0.0,47.0,8.0
650.0,656.0,0.0,32.0,3.0
