CoordX,CoordY,Orient,HalfLen,HalfWid
382.0,309.5,0.0,39.0,10.0
682.5,738.5,-3.141592653589793,34.0,5.0
724.0,809.0,-1.5707963267948966,27.0,5.0
598.0,880.5,-3.141592653589793,38.0,5.0
279.5,926.5,-1.5707963267948966,33.0,5.0
115.5,1018.5,-3.141592653589793,27.0,5.0
341.5,1043.5,0.0,38.0,5.0
441.0,1043.5,0.0,27.0,5.0
341.0,1197.5,0.0,38.0,10.0
