CoordX,CoordY,Orient,HalfLen,HalfWid
1384.0,542.5,-1.5707963267948966,37.0,30.0
584.0,735.0,-1.5707963267948966,45.0,9.0
467.0,816.0,0.0,33.0,9.0
315.5,867.0,-1.5707963267948966,40.0,8.0
534.5,1010.5,0.0,32.0,6.0
671.5,1027.5,-3.141592653589793,72.0,6.0
756.0,1084.5,-1.5707963267948966,33.0,9.0
520.5,1131.0,0.0,24.0,9.0
756.0,1204.0,-1.5707963267948966,33.0,9.0
532.0,1258.0,0.0,31.0,9.0
584.0,1333.5,-1.5707963267948966,44.0,9.0
657.0,1521.5,-3.141592653589793,45.0,20.0
