CoordX,CoordY,Orient,HalfLen,HalfWid
600.5,225.5,-1.5707963267948966,28.0,8.0
645.0,338.5,-3.141592653589793,34.0,5.0
734.0,388.5,-1.5707963267948966,40.0,5.0
537.5,388.0,-1.5707963267948966,39.0,4.0
1102.0,487.0,0.5993909905732518,38.17137556425734,15.134475252024256
537.5,497.0,-1.5707963267948966,40.0,4.0
587.0,766.5,-3.141592653589793,44.0,7.0
