CoordX,CoordY,Orient,HalfLen,HalfWid
486.0,194.0,-3.141592653589793,42.0,16.0
521.0,673.5,0.0,43.0,4.0
627.5,673.5,0.0,38.0,4.0
683.0,754.0,-1.5707963267948966,31.0,5.0
619.0,840.5,0.0,47.0,8.0
