CoordX,CoordY,Orient,HalfLen,HalfWid
1108.0,430.0,-3.141592653589793,56.0,8.0
1199.0,848.0,-1.5707963267948966,43.0,8.0
1108.0,1536.0,0.0,49.0,8.0
