CoordX,CoordY,Orient,HalfLen,HalfWid
814.0,304.0,0.0,37.0,12.0
721.0,356.0,-1.5707963267948966,38.0,13.0
1319.0,517.5,-3.141592653589793,45.0,10.0
721.0,569.0,-1.5707963267948966,38.0,13.0
721.0,746.0,-1.5707963267948966,37.0,13.0
802.5,827.0,0.0,52.0,16.0
