CoordX,CoordY,Orient,HalfLen,HalfWid
434.5,268.5,-3.141592653589793,45.0,21.0
329.0,813.5,-1.5707963267948966,41.0,9.0
393.5,898.5,-3.141592653589793,47.0,11.0
