CoordX,CoordY,Orient,HalfLen,HalfWid
700.0,368.0,-3.141592653589793,40.0,6.0
838.0,470.5,-1.5707963267948966,38.0,6.0
604.0,539.5,-1.5707963267948966,60.0,6.0
178.5,548.0,-1.5707963267948966,40.0,12.0
838.0,590.5,-1.5707963267948966,40.0,6.0
604.0,660.5,-1.5707963267948966,40.0,6.0
677.5,744.0,0.0,28.0,6.0
781.5,922.5,-3.141592653589793,41.0,13.0
