CoordX,CoordY,Orient,HalfLen,HalfWid
890.0,263.5,-3.141592653589793,34.0,7.0
776.5,315.5,-1.5707963267948966,38.0,6.0
997.5,335.0,-1.5707963267948966,44.0,6.0
420.5,431.5,-3.141592653589793,43.0,6.0
235.0,504.5,-1.5707963267948966,38.0,7.0
997.5,710.5,-1.5707963267948966,43.0,6.0
721.0,805.5,0.0,61.0,7.0
997.5,861.0,-1.5707963267948966,43.0,6.0
639.0,870.5,-1.5707963267948966,32.0,7.0
723.5,985.0,0.0,47.0,6.0
