CoordX,CoordY,Orient,HalfLen,HalfWid
226.5,232.0,-3.141592653589793,39.0,15.0
271.0,747.0,-3.141592653589793,29.0,7.0
320.5,852.5,-1.5707963267948966,35.0,5.0
375.5,966.5,-3.141592653589793,44.0,8.0
