CoordX,CoordY,Orient,HalfLen,HalfWid
808.0,208.0,-3.141592653589793,41.0,8.0
545.5,264.0,-1.5707963267948966,37.0,4.0
496.5,607.5,0.0,40.0,3.0
586.5,607.5,-3.141592653589793,31.0,3.0
728.5,657.0,-1.5707963267948966,41.0,8.0
507.5,779.0,-3.141592653589793,46.0,8.0
