CoordX,CoordY,Orient,HalfLen,HalfWid
375.0,248.0,0.0,42.0,15.0
375.5,723.0,-1.5707963267948966,40.0,4.0
215.0,727.5,-1.5707963267948966,36.0,4.0
171.72357723577235,833.4471544715448,-3.1367187870566746,30.02888676550283,6.146144153527232
266.5,936.5,0.0,44.0,4.0
263.5,1042.0,-3.141592653589793,45.0,15.0
227.0,1228.5,-3.141592653589793,40.0,4.0
