CoordX,CoordY,Orient,HalfLen,HalfWid
584.0,360.5,-1.5707963267948966,42.0,20.0
570.0,833.0,-1.5707963267948966,41.0,6.0
815.0,887.5,-3.141592653589793,39.0,5.0
570.0,943.5,-1.5707963267948966,40.0,6.0
570.0,1148.5,-1.5707963267948966,40.0,6.0
435.5,1152.5,-1.5707963267948966,42.0,6.0
820.5,1273.0,0.0,40.0,6.0
520.0,1458.0,-3.141592653589793,46.0,10.0
