CoordX,CoordY,Orient,HalfLen,HalfWid
359.0,144.0,-3.141592653589793,43.0,19.0
714.0,144.0,0.0,42.0,19.0
641.0,379.0,-1.5707963267948966,44.0,6.0
701.5,581.0,-3.141592653589793,44.0,8.0
310.0,789.5,-1.5707963267948966,43.0,6.0
122.0,849.0,0.0,33.0,6.0
310.0,905.0,-1.5707963267948966,44.0,6.0
525.0,976.5,-1.5707963267948966,44.0,6.0
372.5,1196.5,-3.141592653589793,47.0,19.0
169.5,1354.5,-1.5707963267948966,42.0,19.0
