CoordX,CoordY,Orient,HalfLen,HalfWid
913.5,373.5,0.0,42.0,13.0
287.0,711.5,0.0,44.0,6.0
523.0,758.0,-1.5707963267948966,41.0,6.0
863.5,748.5,-1.5707963267948966,30.0,4.0
180.0,881.0,-3.141592653589793,49.0,10.0
