CoordX,CoordY,Orient,HalfLen,HalfWid
2344.0,391.0,-3.141592653589793,29.0,6.0
756.0,393.5,0.0,31.0,7.0
2385.5,447.0,-1.5707963267948966,41.0,6.0
1878.0,437.5,-3.141592653589793,34.0,6.0
1611.0,476.5,0.0,44.0,6.0
1761.5,567.5,-1.5707963267948966,41.0,11.0
2543.0,581.5,-1.5707963267948966,43.0,14.0
352.0,660.5,-3.141592653589793,40.0,5.0
428.5,711.0,-1.5707963267948966,37.0,5.0
365.0,831.5,-3.141592653589793,36.0,7.0
702.0,831.5,-3.141592653589793,79.0,7.0
2078.0,974.5,0.0,81.0,11.0
