CoordX,CoordY,Orient,HalfLen,HalfWid
1634.0,367.0,-1.5707963267948966,41.0,6.0
1634.0,465.0,-1.5707963267948966,32.0,6.0
1826.0,586.5,-1.5707963267948966,40.0,5.0
220.0,643.0,0.0,35.0,6.0
2661.0,714.5,-1.5707963267948966,40.0,8.0
1826.0,869.5,-1.5707963267948966,40.0,5.0
339.5,928.0,-1.5707963267948966,31.0,5.0
1600.0,1048.5,0.0,39.0,6.0
1892.0,1048.5,0.0,44.0,6.0
