CoordX,CoordY,Orient,HalfLen,HalfWid
328.0,411.0,0.0,41.0,25.0
703.0,494.0,-1.5707963267948966,58.0,6.0
472.0,982.0,-1.5707963267948966,40.0,5.0
823.0067437379577,978.9662813102119,-1.571554675107187,34.00529866111093,7.974972207724543
412.5,1135.0,-3.141592653589793,45.0,8.0
