CoordX,CoordY,Orient,HalfLen,HalfWid
222.5,238.0,-1.5707963267948966,42.0,8.0
539.0,372.5,0.0,46.0,23.0
355.0,842.5,-3.141592653589793,42.0,4.0
297.5,1011.0,-1.5707963267948966,41.0,4.0
512.5,1041.5,-1.5707963267948966,40.0,4.0
227.0,1125.0,-3.141592653589793,41.0,6.0
372.0,1123.5,0.0,47.0,4.0
372.0,1311.5,-3.141592653589793,47.0,23.0
