CoordX,CoordY,Orient,HalfLen,HalfWid
809.5,203.5,0.0,24.0,6.0
175.50590488349823,356.9862751356527,1.5712815999251981,43.008244579856196,17.979616409917213
1046.0,389.5,-3.141592653589793,34.0,4.0
801.0,439.5,-3.141592653589793,41.0,4.0
700.5,492.5,-1.5707963267948966,30.0,4.0
868.0,503.0,-1.5707963267948966,35.0,5.0
801.0,634.0,0.0,42.0,13.0
