CoordX,CoordY,Orient,HalfLen,HalfWid
497.0,307.5,-3.141592653589793,40.0,11.0
437.5,547.0,-1.5707963267948966,42.0,5.0
502.5,723.0,0.0,56.0,5.0
377.0,771.0,-1.5707963267948966,39.0,6.0
570.0,802.5,-1.5707963267948966,38.0,6.0
377.0,921.5,-1.5707963267948966,34.0,6.0
570.0,1043.0,-1.5707963267948966,39.0,6.0
324.5,1109.5,-3.141592653589793,35.0,5.0
501.0,1109.5,-3.141592653589793,40.0,5.0
501.0,1255.0,-3.141592653589793,38.0,9.0
383.0,1534.5,-1.5707963267948966,38.0,8.0
