CoordX,CoordY,Orient,HalfLen,HalfWid
1050.0,505.0,0.0,42.0,7.0
1160.0,505.0,0.0,43.0,7.0
1294.0,612.5,-1.5707963267948966,39.0,6.0
1294.0,865.0,-1.5707963267948966,44.0,6.0
1127.0,929.0,0.0,44.0,12.0
