CoordX,CoordY,Orient,HalfLen,HalfWid
244.0,212.0,0.0,39.0,21.0
402.5,890.0,-1.5707963267948966,39.0,4.0
292.0,993.5,-3.141592653589793,44.0,12.0
