CoordX,CoordY,Orient,HalfLen,HalfWid
293.0,173.0,-3.141592653589793,45.0,11.0
191.5,555.5,-1.5707963267948966,37.0,3.0
191.5,645.0,-1.5707963267948966,33.0,3.0
244.5,692.5,-3.141592653589793,42.0,6.0
