CoordX,CoordY,Orient,HalfLen,HalfWid
557.0,338.0,0.0,34.0,5.0
1077.0,400.5,-1.5707963267948966,34.0,12.0
453.0,426.0,-1.5707963267948966,35.0,5.0
624.0,584.0,-1.5707963267948966,35.0,5.0
624.0,807.5,-1.5707963267948966,25.0,5.0
577.5,846.5,-3.141592653589793,34.0,10.0
