CoordX,CoordY,Orient,HalfLen,HalfWid
472.0,263.0,-3.141592653589793,42.0,12.0
685.5,624.5,0.0,42.0,4.0
1004.0,624.5,-3.141592653589793,41.0,4.0
1065.5,670.5,-1.5707963267948966,36.0,3.0
848.5,797.0,-3.141592653589793,35.0,3.0
999.5,797.0,-3.141592653589793,36.0,3.0
560.5,865.5,-1.5698703105852196,41.00831656582383,8.962029482052534
621.5,980.0,-3.141592653589793,48.0,9.0
