CoordX,CoordY,Orient,HalfLen,HalfWid
328.0,198.0,-1.5707963267948966,37.0,4.0
286.5,465.0,-3.141592653589793,32.0,4.0
318.0,613.5,0.0,41.0,10.0
