CoordX,CoordY,Orient,HalfLen,HalfWid
906.5,225.0,0.0,35.0,20.0
991.5,526.0,-1.5707963267948966,40.0,9.0
558.5,526.5,-1.5707963267948966,39.0,8.0
644.5,728.5,-3.141592653589793,57.0,8.0
721.5,880.5,-1.5707963267948966,31.0,6.0
443.0,966.5,0.0,88.0,8.0
558.5,1032.0,-1.5707963267948966,34.0,8.0
720.5,1027.5,-1.5707963267948966,24.0,5.0
720.5,1137.0,-1.5707963267948966,26.0,5.0
657.0,1197.0,0.0,45.0,10.0
