CoordX,CoordY,Orient,HalfLen,HalfWid
832.5,354.5,-3.141592653589793,35.0,4.0
1050.0,355.0,-3.141592653589793,51.0,4.0
890.0,406.5,-1.5707963267948966,42.0,5.0
222.0,407.0,-1.5707963267948966,38.0,21.0
745.5,431.5,-1.5707963267948966,41.0,4.0
890.0,499.0,-1.5707963267948966,26.0,5.0
442.5,489.0,0.0,42.0,5.0
745.5,623.5,-1.5707963267948966,30.0,4.0
830.0,676.5,0.0,47.0,14.0
