CoordX,CoordY,Orient,HalfLen,HalfWid
473.5,317.0,-1.5707963267948966,43.0,5.0
616.0,384.5,0.0,85.0,5.0
1135.5,663.5,-1.5707963267948966,35.0,5.0
1276.5063731170335,818.5411355735805,-1.5702558126517132,35.00269745786252,5.018917263701427
965.5,840.0,-1.5707963267948966,36.0,5.0
1220.5,933.5,-3.141592653589793,42.0,5.0
