CoordX,CoordY,Orient,HalfLen,HalfWid
511.0,48.5,-3.141592653589793,39.0,11.0
413.5,666.5,-1.5707963267948966,68.0,4.0
615.5,665.0,-1.5707963267948966,37.0,4.0
98.5,792.0,-1.5707963267948966,40.0,11.0
615.5,900.5,-1.5707963267948966,33.0,4.0
182.5,898.5,-3.141592653589793,34.0,5.0
541.0,976.0,0.0,43.0,6.0
279.5,1073.0,-1.5707963267948966,32.0,4.0
542.0,1125.5,-3.141592653589793,44.0,11.0
