CoordX,CoordY,Orient,HalfLen,HalfWid
893.5,335.0,-3.141592653589793,38.0,6.0
1010.0,392.5,-1.5707963267948966,44.0,6.0
825.0,406.5,-1.5707963267948966,48.0,6.0
167.5,409.5,-1.5707963267948966,42.0,11.0
1010.0,533.5,-1.5707963267948966,43.0,6.0
914.5,833.5,0.0,48.0,12.0
