CoordX,CoordY,Orient,HalfLen,HalfWid
369.5,224.5,0.0,43.0,7.0
634.0,633.0,-1.5707963267948966,33.0,6.0
537.5,680.0,-3.141592653589793,39.0,5.0
808.0,732.5,-1.5707963267948966,42.0,8.0
553.5,855.5,-3.141592653589793,44.0,9.0
