CoordX,CoordY,Orient,HalfLen,HalfWid
402.5,558.5,-3.141592653589793,44.0,16.0
188.5,1142.5,0.0,32.0,7.0
354.5,1195.0,-1.5707963267948966,41.0,7.0
520.5,1224.5,-1.5707963267948966,40.0,7.0
562.5,1352.5,-3.141592653589793,31.0,6.0
420.5,1398.5,0.0,44.0,7.0
418.0,1526.0,0.0,45.0,18.0
