CoordX,CoordY,Orient,HalfLen,HalfWid
365.0,233.5,-3.141592653589793,45.0,14.0
414.0,762.0,-1.5707963267948966,32.0,5.0
613.0,806.0,0.0,34.0,5.0
414.0,859.5,-1.5707963267948966,44.0,5.0
225.0,987.5,-1.5707963267948966,39.0,5.0
183.0,1038.5,-3.141592653589793,34.0,6.0
346.0,1071.0,-3.141592653589793,49.0,5.0
347.0,1214.5,0.0,50.0,16.0
612.5,1335.5,-1.5707963267948966,42.0,7.0
