CoordX,CoordY,Orient,HalfLen,HalfWid
575.5,173.0,0.0,42.0,13.0
598.5,693.5,-1.5707963267948966,37.0,5.0
401.5,731.5,-1.5707963267948966,30.0,4.0
598.5,860.5,-1.5707963267948966,42.0,5.0
290.0,949.0,0.0,37.0,8.0
339.5,997.0,-1.5707963267948966,38.0,5.0
420.0,1045.0,-3.141592653589793,31.0,6.0
541.0,1045.0,0.0,46.0,6.0
541.5,1204.0,0.0,47.0,14.0
267.5,1421.0,-1.5707963267948966,39.0,6.0
