CoordX,CoordY,Orient,HalfLen,HalfWid
430.5,292.5,0.0,41.0,8.0
532.5,642.0,-3.141592653589793,40.0,5.0
483.0,735.0,-1.5707963267948966,77.0,5.0
483.0,868.0,-1.5707963267948966,42.0,5.0
701.5,855.0,0.0,33.0,6.0
658.0,934.0,-1.5707963267948966,36.0,5.0
601.0,980.0,0.0,46.0,5.0
600.5,1092.0,-3.141592653589793,45.0,8.0
