CoordX,CoordY,Orient,HalfLen,HalfWid
831.5,520.5,-1.5707963267948966,32.0,4.0
640.5,682.5,-3.141592653589793,34.0,4.0
831.5,746.0,-1.5707963267948966,40.0,4.0
693.5,768.0,-1.5707963267948966,36.0,4.0
398.0,792.0,-1.5707963267948966,28.0,4.0
480.0,843.5,-3.141592653589793,42.0,9.0
