CoordX,CoordY,Orient,HalfLen,HalfWid
1229.0,441.5,-1.5707963267948966,40.0,7.0
232.5,468.0,-1.5707963267948966,36.0,4.0
328.0,580.5,0.0,46.0,12.0
1057.5,589.5,0.0,45.0,14.0
