CoordX,CoordY,Orient,HalfLen,HalfWid
562.5,129.5,0.0,41.0,8.0
272.0,433.0,-1.5707963267948966,41.0,5.0
637.0,475.5,-1.5707963267948966,40.0,5.0
340.5,654.0,0.0,32.0,5.0
272.0,705.0,-1.5707963267948966,40.0,5.0
181.0,783.0,-3.141592653589793,42.0,5.0
338.0,783.0,-3.141592653589793,30.0,5.0
453.0,783.0,0.0,46.0,5.0
454.5,929.0,-3.141592653589793,45.0,8.0
510.0,1045.0,-1.5707963267948966,42.0,5.0
