CoordX,CoordY,Orient,HalfLen,HalfWid
700.5,253.5,0.0,32.0,14.0
425.0,690.0,-3.141592653589793,33.0,7.0
810.0,694.0,0.0,31.0,5.0
674.0,744.5,-1.5707963267948966,39.0,5.0
882.0,794.0,-3.141592653589793,24.0,6.0
849.5,887.0,-1.5707963267948966,35.0,4.0
808.0,966.5,0.0,33.0,5.0
807.5,1041.0,-3.141592653589793,32.0,12.0
