CoordX,CoordY,Orient,HalfLen,HalfWid
494.5,202.5,0.0,42.0,14.0
737.5,605.0,-1.5707963267948966,31.0,4.0
355.5,739.0,-1.5707963267948966,41.0,5.0
713.5,732.5,-1.5707963267948966,32.0,4.0
589.0,893.0,-1.5707963267948966,42.0,5.0
713.5,913.0,-1.5707963267948966,36.0,4.0
766.5,1004.0,-3.141592653589793,36.0,7.0
653.5,1056.5,-3.141592653589793,49.0,4.0
653.5,1173.0,-3.141592653589793,45.0,15.0
759.5,1289.0,-3.141592653589793,32.0,4.0
