CoordX,CoordY,Orient,HalfLen,HalfWid
905.0,275.5,-1.5707963267948966,29.0,4.0
845.0,378.0,-3.141592653589793,39.0,4.0
1065.0,430.5,-1.5707963267948966,40.0,4.0
257.5062224006423,474.98354074668805,1.5713069089142364,41.007142805131224,14.979574760908063
1065.0,531.0,-1.5707963267948966,41.0,4.0
886.0,619.0,-1.5707963267948966,38.0,4.0
941.5,832.0,-3.141592653589793,44.0,22.0
