CoordX,CoordY,Orient,HalfLen,HalfWid
281.0,187.5,-1.5707963267948966,37.0,8.0
449.0,1344.5,0.0,35.0,15.0
1154.0,1347.5,0.0,36.0,15.0
1035.0,1790.5,0.0,35.0,9.0
1154.5,1790.5,0.0,35.0,9.0
975.5,1868.0,-1.5707963267948966,35.0,7.0
930.0,2051.5,0.0,32.0,7.0
1030.5,2051.5,0.0,32.0,7.0
1150.0,2051.5,-3.141592653589793,34.0,7.0
556.5,2100.0,1.5707963267948966,34.0,7.0
431.0,2284.0,0.0,36.0,6.0
414.5,2363.5,0.0,35.0,15.0
614.5,2363.5,-3.141592653589793,33.0,15.0
