CoordX,CoordY,Orient,HalfLen,HalfWid
580.5,572.5,0.0,44.0,18.0
463.0,657.0,-1.5707963267948966,39.0,6.0
463.0,1092.0,-1.5707963267948966,40.0,6.0
179.0,1180.5,-3.141592653589793,38.0,5.0
638.5,1230.5,-1.5707963267948966,39.0,5.0
406.0,1237.5,-1.5707963267948966,38.0,7.0
700.5,1361.5,-3.141592653589793,47.0,17.0
