CoordX,CoordY,Orient,HalfLen,HalfWid
1030.5,335.5,-1.5707963267948966,36.0,12.0
464.5,345.0,-1.5707963267948966,36.0,5.0
156.5,393.0,0.0,26.0,6.0
464.5,473.0,-1.5707963267948966,28.0,5.0
160.0,563.0,0.0,27.0,6.0
464.5,674.5,-1.5707963267948966,36.0,5.0
514.0,839.5,-3.141592653589793,37.0,5.0
