CoordX,CoordY,Orient,HalfLen,HalfWid
376.5,554.0,-1.5707963267948966,40.0,17.0
862.0,571.0,-3.141592653589793,40.0,6.0
809.0,619.5,-1.5707963267948966,40.0,7.0
1016.5,734.0,-3.141592653589793,31.0,7.0
809.0,782.5,-1.5707963267948966,40.0,7.0
973.0,857.0,-1.5707963267948966,44.0,7.0
916.0,913.5,-3.141592653589793,44.0,5.0
915.5,1057.5,0.0,46.0,16.0
