CoordX,CoordY,Orient,HalfLen,HalfWid
635.0,399.5,0.0,41.0,14.0
383.5,747.0,-1.5707963267948966,40.0,4.0
383.5,971.0,-1.5707963267948966,39.0,4.0
536.5,1071.0,-1.5707963267948966,36.0,4.0
813.8979865771812,1072.9986577181207,1.0487118350319042,40.57230368741467,4.951045395468748
917.0,1206.5,-3.141592653589793,46.0,10.0
