CoordX,CoordY,Orient,HalfLen,HalfWid
354.0,140.0,-3.141592653589793,38.0,9.0
298.5,257.5,-1.5707963267948966,108.0,10.0
358.0,566.5,0.0,44.0,6.0
237.0,615.5,-1.5707963267948966,38.0,8.0
647.5,704.5,-3.141592653589793,29.0,6.0
196.5,841.5,0.0,30.0,7.0
411.5,886.0,-1.5707963267948966,39.0,6.0
237.0,890.0,-1.5707963267948966,35.0,8.0
355.5,934.5,-3.141592653589793,44.0,6.0
354.5,1076.0,-3.141592653589793,44.0,9.0
