CoordX,CoordY,Orient,HalfLen,HalfWid
1163.0,146.5,-1.5707963267948966,39.0,11.0
468.0,356.5,-1.5707963267948966,40.0,4.0
191.0,409.5,-3.141592653589793,37.0,5.0
468.0,529.0,-1.5707963267948966,39.0,4.0
621.5,535.0,-1.5707963267948966,40.0,5.0
713.0,603.0,-3.141592653589793,30.0,3.0
188.0,638.5,-3.141592653589793,32.0,4.0
331.5,676.5,-1.5707963267948966,29.0,4.0
468.0,696.5,-1.5707963267948966,34.0,4.0
521.5,811.5,-3.141592653589793,44.0,8.0
