CoordX,CoordY,Orient,HalfLen,HalfWid
394.0,290.5,0.0,35.0,10.0
555.0,615.5,-3.141592653589793,38.0,4.0
843.0,615.5,0.0,36.0,4.0
892.5,667.0,-1.5707963267948966,43.0,7.0
504.5,669.0,-1.5707963267948966,44.0,8.0
838.5,800.0,-3.141592653589793,41.0,8.0
