CoordX,CoordY,Orient,HalfLen,HalfWid
739.5,98.5,-1.5707963267948966,31.0,6.0
822.5,334.5,0.0,33.0,6.0
924.0,334.5,0.0,39.0,6.0
1050.5,411.0,-1.5707963267948966,60.0,6.0
739.5,432.0,-1.5707963267948966,61.0,6.0
1436.5,494.0,0.0,63.0,6.0
1050.5,659.5,-1.5707963267948966,58.0,6.0
878.0,764.5,-3.141592653589793,60.0,6.0
956.5,847.5,-1.5707963267948966,70.0,7.0
739.5,905.5,-1.5707963267948966,57.0,6.0
816.0,971.5,-3.141592653589793,41.0,6.0
