CoordX,CoordY,Orient,HalfLen,HalfWid
502.5,292.5,-3.141592653589793,34.0,4.0
640.5,335.0,-1.5707963267948966,30.0,7.0
388.5,353.5,-1.5707963267948966,38.0,7.0
168.5,414.5,-3.141592653589793,26.0,4.0
388.5,458.5,-1.5707963267948966,22.0,7.0
455.0,566.5,-3.141592653589793,26.0,7.0
