CoordX,CoordY,Orient,HalfLen,HalfWid
655.0,464.0,0.0,44.0,18.0
561.0,942.0,-1.5707963267948966,39.0,8.0
714.0,1035.5,-1.5707963267948966,41.0,8.0
984.0,1031.5,-1.5707963267948966,37.0,8.0
561.0,1146.5,-1.5707963267948966,42.0,8.0
561.0,1386.5,-1.5707963267948966,40.0,8.0
1043.0,1426.5,0.0,46.0,20.0
561.0,1497.0,-1.5707963267948966,40.0,8.0
618.0,1756.5,0.0,48.0,20.0
