CoordX,CoordY,Orient,HalfLen,HalfWid
406.5,582.5,-3.141592653589793,44.0,17.0
323.5,883.0,-1.5707963267948966,41.0,4.0
323.5,1118.0,-1.5707963267948966,41.0,4.0
125.5,1169.0,-3.141592653589793,40.0,5.0
323.5,1216.5,-1.5707963267948966,40.0,4.0
323.5,1426.5,-1.5707963267948966,39.0,4.0
375.0,1689.0,0.0,44.0,16.0
546.0,1857.5,-1.5707963267948966,41.0,10.0
