CoordX,CoordY,Orient,HalfLen,HalfWid
311.0,372.5,-3.141592653589793,40.0,20.0
669.5,794.5,0.0,39.0,9.0
483.5,925.5,-1.5707963267948966,39.0,5.0
423.0,1019.0,-3.141592653589793,46.0,10.0
