CoordX,CoordY,Orient,HalfLen,HalfWid
594.5,267.5,-3.141592653589793,41.0,17.0
690.0,584.0,-1.5707963267948966,40.0,5.0
314.0,597.5,-1.5707963267948966,40.0,5.0
159.2520661157025,881.7878787878788,-0.7384659436979044,42.8441252708026,10.409700929578825
328.5,892.5,-1.5707963267948966,41.0,5.0
555.0,974.0,-3.141592653589793,47.0,6.0
551.5,1076.5,-3.141592653589793,47.0,16.0
