CoordX,CoordY,Orient,HalfLen,HalfWid
292.0,28.0,0.0,31.0,8.0
158.0,228.5,-3.141592653589793,34.0,6.0
205.0,537.5,-1.5707963267948966,32.0,8.0
205.0,659.0,-1.5707963267948966,35.0,8.0
367.0,795.5,-1.5707963267948966,36.0,8.0
300.5,845.5,0.0,32.0,6.0
