CoordX,CoordY,Orient,HalfLen,HalfWid
226.5,332.0,-3.141592653589793,108.0,5.0
374.0,486.0,-1.5707963267948966,59.0,5.0
512.5,553.0,-3.141592653589793,29.0,5.0
665.0,687.5,0.0,44.0,17.0
649.5,1011.0,0.0,42.0,7.0
278.62322015334064,1112.8532311062431,-1.560286210711339,28.072022996796896,7.293891217158892
528.5,1216.5,-3.141592653589793,34.0,8.0
589.0,1280.0,-1.5707963267948966,40.0,8.0
649.0,1479.5,0.0,38.0,16.0
