CoordX,CoordY,Orient,HalfLen,HalfWid
781.5,314.5,-3.141592653589793,30.0,3.0
705.5,368.5,-1.5707963267948966,37.0,5.0
861.5,368.0,-1.5707963267948966,37.0,3.0
861.5,690.5,-1.5707963267948966,40.0,3.0
188.0,715.0,-1.5707963267948966,39.0,12.0
861.5,852.0,-1.5707963267948966,37.0,3.0
1085.5,1142.5,0.0,34.0,3.0
861.5,1180.5,-1.5707963267948966,29.0,3.0
991.5,1182.5,-1.5707963267948966,29.0,3.0
796.5,1365.5,0.0,44.0,7.0
