CoordX,CoordY,Orient,HalfLen,HalfWid
563.0,266.5,-3.141592653589793,41.0,19.0
960.5,597.5,-3.141592653589793,41.0,7.0
593.5,751.0,-1.5707963267948966,37.0,5.0
654.0,798.5,0.0,36.0,5.0
854.5,862.5,-3.141592653589793,31.0,6.0
963.5,867.0,0.0,46.0,11.0
592.0,903.0,-1.5707963267948966,31.0,7.0
