CoordX,CoordY,Orient,HalfLen,HalfWid
574.5,240.5,-1.5707963267948966,66.0,5.0
1301.0,384.5,-1.5707963267948966,40.0,13.0
516.0,385.5,-3.141592653589793,38.0,5.0
462.5,439.0,-1.5707963267948966,36.0,5.0
536.5,509.5,-3.141592653589793,39.0,5.0
272.224,728.764,1.5618851871974324,43.05175886047395,7.026455137392005
613.5,752.5,-1.5707963267948966,40.0,5.0
723.5,870.5,0.0,46.0,10.0
