CoordX,CoordY,Orient,HalfLen,HalfWid
1517.0,386.5,-3.141592653589793,41.0,16.0
881.9730458221024,691.3854447439353,0.5343430751127941,41.36061665291218,4.899378626832053
1048.4895688456188,790.4547983310154,-2.6030901958994384,40.48213973934456,4.726992025620534
1174.0,916.5,-1.5707963267948966,39.0,5.0
1303.0,934.0,-1.5707963267948966,40.0,6.0
967.87087517934,1040.4791965566715,-1.0263699507338824,42.39348189622757,8.741155970755553
1232.0,1164.0,0.0,46.0,6.0
1271.5,1295.5,2.111235759247039,44.93230113768179,16.46475977573557
