CoordX,CoordY,Orient,HalfLen,HalfWid
367.0,484.5,0.0,38.0,11.0
975.0,700.5,-1.5707963267948966,42.0,4.0
1085.0,815.0,-3.141592653589793,40.0,4.0
1138.0,947.5,-1.5707963267948966,40.0,4.0
1025.0,1022.0,0.0,41.0,5.0
357.0,1068.5,-1.5707963267948966,42.0,6.0
941.7798561151079,1166.0474820143884,-0.7802146699529142,40.33020192679486,5.4661843723015995
181.5,1202.0,0.0,39.0,6.0
304.0,1202.0,0.0,39.0,6.0
304.0,1313.0,-3.141592653589793,39.0,13.0
241.5,1461.0,-1.5707963267948966,42.0,6.0
