CoordX,CoordY,Orient,HalfLen,HalfWid
1013.5,259.0,-3.141592653589793,31.0,7.0
367.5,324.0,-1.5707963267948966,37.0,6.0
1211.0,302.5,0.0,35.0,8.0
1297.5,363.0,-1.5707963267948966,35.0,8.0
866.5,374.5,-1.5707963267948966,30.0,6.0
785.0,421.5,-3.141592653589793,40.0,6.0
1216.0,446.5,-3.141592653589793,40.0,8.0
796.0,517.5,-3.141592653589793,40.0,5.0
