CoordX,CoordY,Orient,HalfLen,HalfWid
793.5,398.0,-1.5707963267948966,34.0,10.0
264.0,554.0,-1.5707963267948966,34.0,5.0
373.0,767.5,-1.5707963267948966,34.0,5.0
211.5,920.5,-3.141592653589793,34.0,10.0
