CoordX,CoordY,Orient,HalfLen,HalfWid
242.5,395.5,-1.5707963267948966,42.0,7.0
854.0,398.5,-1.5707963267948966,40.0,4.0
392.5,451.5,-3.141592653589793,40.0,7.0
782.5,451.5,-3.141592653589793,61.0,7.0
531.0,505.0,-1.5707963267948966,40.0,4.0
854.0,507.5,-1.5707963267948966,40.0,4.0
639.5,555.0,-3.141592653589793,35.0,4.0
786.5,814.5,0.0,44.0,7.0
