CoordX,CoordY,Orient,HalfLen,HalfWid
823.0,264.0,-3.141592653589793,49.0,20.0
1024.0,424.0,0.0,43.0,7.0
721.0,559.0,-1.5707963267948966,42.0,7.0
881.0,559.5,-1.5707963267948966,42.0,7.0
380.0,767.5,-1.5707963267948966,46.0,20.0
721.0,799.0,-1.5707963267948966,41.0,7.0
125.0,829.5,-3.141592653589793,46.0,10.0
673.0,1041.0,0.0,37.0,7.0
721.0,1399.5,-1.5707963267948966,61.0,7.0
794.5,1481.0,0.0,41.0,20.0
