CoordX,CoordY,Orient,HalfLen,HalfWid
640.0,281.0,0.0,41.0,14.0
317.0,648.5,0.0,39.0,4.0
485.5,697.5,-1.5707963267948966,38.0,5.0
267.5,785.0,-1.5707963267948966,33.0,4.0
221.5,892.5,0.0,32.0,4.0
420.5,1019.0,-1.5707963267948966,37.0,6.0
267.5,1066.0,-1.5707963267948966,31.0,4.0
359.5,1153.5,0.0009678486509809019,40.00675620488039,6.961282781446572
