CoordX,CoordY,Orient,HalfLen,HalfWid
742.5,423.5,0.0,46.0,18.0
381.5,788.5,-1.5707963267948966,51.0,5.0
198.46187363834423,846.9956427015251,-0.0002485759940658941,52.0014898494084,6.012677190196731
474.5,847.0,-3.141592653589793,73.0,6.0
555.0,907.0,-1.5707963267948966,53.0,5.0
861.0,913.5,-1.5707963267948966,42.0,6.0
463.0,1083.5,-3.1409236351066077,49.00801725534935,11.967215411255065
