CoordX,CoordY,Orient,HalfLen,HalfWid
629.0,242.0,-3.141592653589793,45.0,19.0
316.5,508.5,-1.5707963267948966,43.0,5.0
612.5,646.0,-3.141592653589793,68.0,14.0
689.5,771.0,-1.5707963267948966,39.0,5.0
533.5,777.0,-1.5707963267948966,44.0,6.0
800.0,870.0,0.0,40.0,7.0
533.0,915.0,-1.5707963267948966,38.0,7.0
596.0,1044.0,-3.141592653589793,44.0,20.0
