CoordX,CoordY,Orient,HalfLen,HalfWid
701.5,451.0,0.0,41.0,24.0
605.5,733.5,-1.5707963267948966,41.0,5.0
441.5,905.0,-1.5707963267948966,41.0,6.0
385.5,1089.5,-3.141592653589793,40.0,7.0
882.0,1257.0,-3.141592653589793,47.0,24.0
