CoordX,CoordY,Orient,HalfLen,HalfWid
203.0,670.5,-3.141592653589793,40.0,5.0
627.5,881.5,-1.5707963267948966,39.0,5.0
692.0,1070.5,0.0,42.0,21.0
