CoordX,CoordY,Orient,HalfLen,HalfWid
461.5,315.0,-1.5707963267948966,35.0,7.0
1185.5,400.0,-1.5707963267948966,40.0,7.0
461.5,613.5,-1.5707963267948966,36.0,7.0
671.0,645.5,-3.141592653589793,32.0,6.0
461.5,763.5,-1.5707963267948966,36.0,7.0
625.0,895.0,-1.5707963267948966,31.0,7.0
554.0,993.5,-3.141592653589793,39.0,7.0
