CoordX,CoordY,Orient,HalfLen,HalfWid
252.0,425.5,0.0,45.0,23.0
478.5,767.0,-1.5707963267948966,41.0,5.0
204.5,1091.5,-3.141592653589793,45.0,10.0
