CoordX,CoordY,Orient,HalfLen,HalfWid
274.5,158.5,-1.5707963267948966,39.0,3.0
221.5,457.5,0.0,34.0,3.0
388.5,457.5,0.0,44.0,3.0
211.0,613.5,-3.141592653589793,43.0,3.0
