CoordX,CoordY,Orient,HalfLen,HalfWid
384.0,305.0,-1.5707963267948966,40.0,5.0
1097.0,341.0,-1.5707963267948966,40.0,13.0
847.5,450.5,0.0,41.0,8.0
726.5,503.0,-1.5707963267948966,41.0,3.0
644.5,561.5,0.0,25.0,4.0
384.0,626.0,-1.5707963267948966,41.0,5.0
568.5,695.0,-1.5707963267948966,25.0,4.0
384.0,733.0,-1.5707963267948966,41.0,5.0
568.5,885.5,-1.5707963267948966,25.0,4.0
510.5,980.5,-3.141592653589793,45.0,8.0
