CoordX,CoordY,Orient,HalfLen,HalfWid
520.5,76.5,-3.141592653589793,44.0,24.0
352.5,578.0,-1.5707963267948966,42.0,7.0
516.0,700.0,0.0,49.0,11.0
