CoordX,CoordY,Orient,HalfLen,HalfWid
607.5,308.5,0.0,23.0,5.0
1145.5,413.0,-1.5707963267948966,33.0,11.0
396.5,397.5,-3.141592653589793,32.0,5.0
507.5,686.0,-1.5707963267948966,33.0,5.0
613.0,880.0,0.0,36.0,11.0
