CoordX,CoordY,Orient,HalfLen,HalfWid
100.5,325.0,0.0,42.0,17.0
906.0,423.5,-1.5707963267948966,37.0,5.0
621.5,673.0,0.0,42.0,5.0
965.5,703.5,-3.141592653589793,41.0,5.0
785.0,767.0,-1.5707963267948966,42.0,5.0
619.0,904.0,0.0,47.0,5.0
