CoordX,CoordY,Orient,HalfLen,HalfWid
170.5,136.0,-3.141592653589793,40.0,15.0
240.5,670.0,-1.5707963267948966,46.0,4.0
240.5,840.0,-1.5707963267948966,41.0,4.0
171.0,891.5,-3.141592653589793,46.0,4.0
169.5,1009.5,-3.141592653589793,44.0,9.0
