CoordX,CoordY,Orient,HalfLen,HalfWid
427.0,52.5,-3.141592653589793,44.0,24.0
619.0,428.5,-1.5707963267948966,44.0,6.0
719.0,822.0,0.0,45.0,10.0
