CoordX,CoordY,Orient,HalfLen,HalfWid
628.353488372093,484.85322997416023,-0.9870446124768283,63.54443111210036,8.052799081828905
198.0,813.5,-3.141592653589793,33.0,7.0
435.5,945.5,-1.5707963267948966,32.0,7.0
519.5,1000.5,0.0,33.0,7.0
