CoordX,CoordY,Orient,HalfLen,HalfWid
1006.0,244.5,-1.5707963267948966,24.0,4.0
920.0,297.0,0.0,79.0,3.0
221.0,470.5,-1.5707963267948966,41.0,13.0
897.0,521.0,0.0,37.0,4.0
1006.0,567.0,-1.5707963267948966,39.0,4.0
723.0,649.0,-1.5707963267948966,40.0,4.0
1006.0,693.0,-1.5707963267948966,30.0,4.0
1006.0,828.0,-1.5707963267948966,40.0,4.0
896.0,1127.5,-3.141592653589793,40.0,8.0
