CoordX,CoordY,Orient,HalfLen,HalfWid
320.0,475.0,0.0,40.0,18.0
152.5,1074.5,-3.141592653589793,40.0,9.0
492.0,1108.5,-3.141592653589793,31.0,5.0
334.0,1165.0,-1.5707963267948966,41.0,6.0
205.0,1231.5,-1.5707963267948966,40.0,6.0
274.0,1337.0,0.0,45.0,6.0
273.0,1480.0,0.0,45.0,18.0
