CoordX,CoordY,Orient,HalfLen,HalfWid
580.0,240.5,0.0,38.0,6.0
456.5,283.0,-1.5707963267948966,31.0,5.0
1213.5,317.5,-1.5707963267948966,35.0,13.0
685.5,341.0,-1.5707963267948966,39.0,5.0
456.5,372.5,-1.5707963267948966,32.0,5.0
685.5,451.5,-1.5707963267948966,36.0,5.0
621.0,611.0,0.0,38.0,11.0
