CoordX,CoordY,Orient,HalfLen,HalfWid
425.0,261.5,0.0,40.0,15.0
606.5,641.0,0.0,39.0,4.0
655.0,764.5,-1.5707963267948966,28.0,4.0
256.5,852.5,0.0,29.0,3.0
393.0,901.5,-1.5707963267948966,38.0,5.0
593.0,903.0,-1.5707963267948966,31.0,4.0
631.0,1018.0,0.0,29.0,4.0
465.0,1046.0,-3.141592653589793,40.0,4.0
465.0,1173.5,0.0,38.0,16.0
