CoordX,CoordY,Orient,HalfLen,HalfWid
904.5,307.5,0.0,43.0,11.0
319.0,408.0,-0.7853981633974485,31.112698372208094,5.656854249492385
564.0,419.5,1.5707963267948966,34.0,8.0
223.0,500.5,-1.5707963267948966,35.0,10.0
395.0,520.5,-0.7695231938534284,35.238635849729704,8.641213342019672
1238.995399414471,634.521539104977,-1.5710730524738252,51.003042029713306,11.013835862595792
1317.5,725.0,-3.141592653589793,42.0,9.0
846.0,727.5,0.0,40.0,7.0
1175.5,727.5,0.0,36.0,7.0
