CoordX,CoordY,Orient,HalfLen,HalfWid
885.0,487.5,-1.5707963267948966,38.0,9.0
474.5,489.5,-1.5707963267948966,38.0,3.0
275.0,499.0,-1.5707963267948966,33.0,4.0
275.0,623.5,-1.5707963267948966,32.0,4.0
362.5,910.0,-3.141592653589793,39.0,9.0
