CoordX,CoordY,Orient,HalfLen,HalfWid
143.0,286.0,-1.5707963267948966,37.0,8.0
642.5,259.0,-3.141592653589793,36.0,3.0
598.0,315.5,-1.5707963267948966,47.0,3.0
755.0,315.0,-1.5707963267948966,47.0,3.0
755.0,430.0,-1.5707963267948966,40.0,3.0
707.5,661.5,0.0,41.0,8.0
