CoordX,CoordY,Orient,HalfLen,HalfWid
719.5,411.0,-1.5707963267948966,31.0,4.0
762.0,451.5,-3.141592653589793,34.0,4.0
906.5,494.0,-1.5707963267948966,34.0,4.0
586.0,533.0,1.5707963267948966,39.0,5.0
1210.0,542.5,-3.141592653589793,87.0,4.0
906.5,625.0,-1.5707963267948966,76.0,4.0
1311.5,599.0,-1.5707963267948966,38.0,13.0
586.0,630.5,-1.5707963267948966,38.0,5.0
771.5,843.5,-1.5707963267948966,32.0,4.0
854.0,887.0,0.0,43.0,9.0
