CoordX,CoordY,Orient,HalfLen,HalfWid
299.5,323.0,-1.5707963267948966,39.0,17.0
973.0,294.0,-3.141592653589793,29.0,6.0
1047.0,347.5,-1.5707963267948966,37.0,6.0
1047.0,487.5,-1.5707963267948966,38.0,6.0
988.5,731.0,0.0,46.0,12.0
