CoordX,CoordY,Orient,HalfLen,HalfWid
923.5,471.5,-1.5707963267948966,40.0,13.0
420.0,445.0,-3.141592653589793,41.0,6.0
249.5,600.5,-3.141592653589793,33.0,8.0
425.16888433981575,637.6929375639713,0.8914126525316236,39.85433303023014,6.462510994518752
515.0,674.0,0.0,45.0,6.0
515.0,809.5,0.0,46.0,12.0
