CoordX,CoordY,Orient,HalfLen,HalfWid
1586.5,241.5,0.0,73.0,2.0
1789.0,241.5,0.0,91.0,2.0
1175.5,242.0,-3.141592653589793,64.0,2.0
1342.5,242.0,-3.141592653589793,64.0,2.0
465.0,480.0,-1.5707963267948966,41.0,6.0
1427.0,538.5,-1.5707963267948966,38.0,7.0
559.0,617.0,0.0,39.0,6.0
708.0,670.5,-1.5707963267948966,39.0,6.0
616.0,803.0,-3.141592653589793,40.0,6.0
504.0,1035.5,-3.141592653589793,40.0,12.0
