CoordX,CoordY,Orient,HalfLen,HalfWid
400.0,341.0,0.0,37.0,11.0
903.5,341.0,-3.141592653589793,37.0,11.0
796.5,634.0,-1.5707963267948966,31.0,4.0
842.0,674.0,0.0,32.0,5.0
347.5,843.0,-1.5707963267948966,34.0,4.0
177.5,885.0,0.0,32.0,5.0
347.5,933.0,-1.5707963267948966,38.0,4.0
539.5,934.0,-1.5707963267948966,38.0,5.0
484.0,1116.5,0.0,37.0,4.0
488.0,1255.0,0.0,38.0,10.0
217.5,1402.5,-1.5707963267948966,37.0,4.0
