CoordX,CoordY,Orient,HalfLen,HalfWid
839.5,205.5,0.0,24.0,5.0
916.5,304.5,-1.5707963267948966,38.0,5.0
194.0,334.0,-1.5707963267948966,33.0,11.0
1029.5,502.5,-1.5707963267948966,29.0,5.0
916.5,524.5,-1.5707963267948966,30.0,5.0
745.0,556.5,-1.5707963267948966,37.0,5.0
848.0,620.5,-3.141592653589793,43.0,11.0
