CoordX,CoordY,Orient,HalfLen,HalfWid
234.5,268.0,-1.5707963267948966,27.0,7.0
725.0,249.0,-3.141592653589793,27.0,5.0
814.0,290.5,-1.5707963267948966,26.0,5.0
663.0,312.5,-1.5707963267948966,27.0,5.0
814.0,408.0,-1.5707963267948966,26.0,5.0
673.0,476.0,-3.141592653589793,27.0,5.0
754.0,630.5,-3.141592653589793,28.0,7.0
