CoordX,CoordY,Orient,HalfLen,HalfWid
246.0,118.5,0.0,43.0,10.0
282.0,531.0,-1.5707963267948966,42.0,6.0
250.0,824.5,-3.141592653589793,48.0,10.0
