CoordX,CoordY,Orient,HalfLen,HalfWid
807.8753056234718,149.13814180929094,0.7097721668466576,31.01320485012296,7.2328616069557405
815.0,282.5,0.0,31.0,6.0
276.5,341.5,-1.5707963267948966,39.0,14.0
668.5,637.5,-1.5707963267948966,40.0,6.0
777.0,753.0,0.0,48.0,10.0
