CoordX,CoordY,Orient,HalfLen,HalfWid
371.5,311.5,0.0,42.0,14.0
777.5,488.0,0.0,28.0,8.0
602.0,712.0,-2.370979995252092,38.26322896114289,5.091690236763817
833.0,737.5,-3.141592653589793,35.0,4.0
879.5,961.0,0.0,40.0,8.0
