CoordX,CoordY,Orient,HalfLen,HalfWid
801.0,310.5,0.0,40.0,15.0
690.5,576.0,-1.5707963267948966,61.0,5.0
944.0,714.0,-3.141592653589793,30.0,5.0
719.0,815.0,-1.5707963267948966,30.0,5.0
539.0,829.5,-1.5707963267948966,40.0,7.0
313.0,837.0,-1.5707963267948966,40.0,5.0
370.5,946.5,0.0,46.0,9.0
