CoordX,CoordY,Orient,HalfLen,HalfWid
675.0,318.0,-1.5707963267948966,44.0,7.0
296.0,336.0,-1.5707963267948966,44.0,19.0
415.0,450.0,-3.141592653589793,45.0,7.0
487.0,512.5,-1.5707963267948966,46.0,6.0
1186.0,513.0,0.0,46.0,6.0
1251.0,633.5,-1.5707963267948966,45.0,6.0
675.0,776.0,-1.5707963267948966,45.0,7.0
760.0,1025.0,-3.141592653589793,43.0,19.0
1291.5,1025.0,-3.141592653589793,47.0,19.0
