CoordX,CoordY,Orient,HalfLen,HalfWid
1175.5,347.5,-1.5707963267948966,34.0,12.0
409.5,417.0,-3.141592653589793,34.0,5.0
349.5,461.5,-1.5707963267948966,34.0,5.0
830.5,466.5,-1.5707963267948966,34.0,5.0
444.0,507.5,-3.141592653589793,34.0,5.0
579.0,629.5,-3.141592653589793,34.0,5.0
724.5,629.5,0.0,25.0,5.0
578.0,747.0,0.0,35.0,11.0
