CoordX,CoordY,Orient,HalfLen,HalfWid
776.0,175.0,-1.5707963267948966,42.0,9.0
409.5,174.5,-1.5707963267948966,36.0,10.0
363.0,589.0,0.0,39.0,3.0
513.0,589.0,0.0,39.0,3.0
776.0,634.5,-1.5707963267948966,37.0,9.0
269.0,675.0,-1.5707963267948966,24.0,4.0
349.5,757.0,-3.141592653589793,50.0,10.0
671.0,757.0,-3.141592653589793,34.0,10.0
