CoordX,CoordY,Orient,HalfLen,HalfWid
615.5,173.0,-1.5707963267948966,30.0,3.0
503.0,284.5,-3.141592653589793,40.0,3.0
1200.5,325.5,-1.5707963267948966,39.0,15.0
412.5,331.5,-1.5707963267948966,39.0,5.0
517.5,428.5,-1.5707963267948966,40.0,3.0
636.0,664.5,-3.141592653589793,46.0,9.0
