CoordX,CoordY,Orient,HalfLen,HalfWid
972.0,383.5,-1.5707963267948966,34.0,6.0
794.5,575.5,-1.5707963267948966,39.0,5.0
220.0,579.0,-1.5707963267948966,39.0,11.0
861.0,670.5,0.0,37.0,10.0
