CoordX,CoordY,Orient,HalfLen,HalfWid
595.5,117.0,-3.141592653589793,40.0,15.0
674.6559356136821,796.979879275654,2.1459399890490367,41.53844761121183,6.481101849476783
498.5,839.5,-1.5707963267948966,39.0,4.0
444.5,1017.0,-3.141592653589793,38.0,9.0
553.0,1023.5,0.0,44.0,6.0
552.5,1172.0,-3.141592653589793,45.0,15.0
804.0,1276.0,-1.5707963267948966,38.0,10.0
