CoordX,CoordY,Orient,HalfLen,HalfWid
543.0,232.5,0.0,35.0,5.0
406.5,367.0,-1.5707963267948966,36.0,5.0
532.0,419.0,0.0,44.0,13.0
444.5,470.5,-1.5707963267948966,31.0,4.0
