CoordX,CoordY,Orient,HalfLen,HalfWid
1087.5,286.5,0.0,36.0,12.0
375.0,285.5,-3.141592653589793,45.0,10.0
986.5,639.0,0.0,39.0,6.0
1088.5,639.0,-3.141592653589793,38.0,6.0
936.5,714.0,-1.5707963267948966,30.0,4.0
429.0,793.5,-1.5707963267948966,38.0,5.0
1199.0,807.0,0.0,36.0,6.0
1063.0,873.0,-1.5707963267948966,37.0,6.0
394.0,951.5,-1.5707963267948966,43.0,6.0
164.0,1146.0,0.0,32.0,6.0
338.5,1146.0,-3.141592653589793,44.0,6.0
335.5,1255.5,0.0,46.0,10.0
