CoordX,CoordY,Orient,HalfLen,HalfWid
634.0058565153734,176.55490483162518,-1.5703315711656443,37.00185502649095,4.016730770055182
634.0,264.5,-1.5707963267948966,36.0,4.0
475.0,268.5,-1.5707963267948966,34.0,4.0
1073.5,314.0,0.0,58.0,8.0
1143.0,371.0,-1.5707963267948966,39.0,11.0
473.5,612.5,-1.5707963267948966,48.0,5.0
473.5,808.0,-1.5707963267948966,48.0,5.0
635.0,794.5,-1.5707963267948966,33.0,5.0
533.0,1022.5,-3.141592653589793,47.0,9.0
