CoordX,CoordY,Orient,HalfLen,HalfWid
654.0,682.0,-1.5707963267948966,34.0,13.0
687.5,910.5,-3.141592653589793,29.0,6.0
695.5,1100.5,-3.141592653589793,35.0,6.0
415.5,1102.5,0.0,38.0,6.0
818.5,1144.5,-1.5707963267948966,35.0,6.0
818.5,1244.5,-1.5707963267948966,37.0,6.0
613.5,1428.5,-3.141592653589793,28.0,6.0
708.5,1428.5,-3.141592653589793,43.0,6.0
714.5,1569.0,-3.141592653589793,43.0,17.0
655.5,1704.5,-1.5707963267948966,35.0,8.0
