CoordX,CoordY,Orient,HalfLen,HalfWid
209.0,363.5,-1.5707963267948966,40.0,14.0
809.0,373.0,-1.5707963267948966,41.0,5.0
312.5,435.5,-3.141592653589793,76.0,8.0
663.5,515.0,-1.5707963267948966,34.0,8.0
809.0,551.5,-1.5707963267948966,41.0,5.0
579.0,594.0,0.0,31.0,5.0
1084.0,703.5,0.0,41.0,5.0
809.0,750.0,-1.5707963267948966,32.0,5.0
1139.4849315068493,747.9191780821918,1.5722991913733038,30.007480441040652,5.043577409863885
728.5,877.5,0.0,47.0,7.0
