CoordX,CoordY,Orient,HalfLen,HalfWid
343.5,464.0,-3.141592653589793,46.0,6.0
454.0,464.0,-3.141592653589793,42.0,6.0
507.0,556.5,-1.5707963267948966,31.0,6.0
507.0,717.0,-1.5707963267948966,31.0,6.0
452.5,760.0,0.0,43.0,9.0
