CoordX,CoordY,Orient,HalfLen,HalfWid
766.5,499.5,-1.5707963267948966,40.0,5.0
544.5,728.5,-3.141592653589793,35.0,7.0
600.5,883.5,-3.141592653589793,41.0,6.0
679.5,948.5,-1.5699927615151463,44.00480718538289,5.964641194344702
603.0,1009.5,-3.141592653589793,46.0,11.0
1375.0,1017.5,0.0,45.0,11.0
