CoordX,CoordY,Orient,HalfLen,HalfWid
1370.0,339.5,0.0,45.0,19.0
688.0,614.0,-3.141592653589793,45.0,19.0
1241.0,627.5,-3.141592653589793,40.0,5.0
1316.5,685.5,-1.5707963267948966,40.0,5.0
1316.5,783.0,-1.5707963267948966,34.0,5.0
997.5,864.5,-1.5707963267948966,40.0,5.0
1498.5,999.5,-1.5707963267948966,29.0,7.0
997.5,1037.0,-1.5707963267948966,42.0,5.0
1281.0,1057.5,-3.141592653589793,72.0,4.0
922.5,1172.0,0.0,45.0,10.0
