CoordX,CoordY,Orient,HalfLen,HalfWid
375.0,161.5,0.0,38.0,9.0
410.0,660.5,-1.5707963267948966,33.0,7.0
356.5,752.0,-3.141592653589793,38.0,6.0
357.5,830.5,0.0,40.0,20.0
