CoordX,CoordY,Orient,HalfLen,HalfWid
524.0,174.0,-1.5707963267948966,59.0,5.0
596.0,320.5,-1.5707963267948966,45.0,6.0
1387.0,348.0,-1.5707963267948966,35.0,24.0
427.5,379.0,-3.141592653589793,43.0,6.0
681.5,379.0,0.0,63.0,6.0
375.0,429.0,-1.5707963267948966,35.0,5.0
956.0,419.0,0.0,45.0,8.0
866.0,485.5,-1.5707963267948966,42.0,6.0
416.0,480.0,0.0,32.0,8.0
681.0,543.0,0.0,59.0,8.0
823.5,623.0,0.0,31.0,6.0
838.5,734.0,0.0,18.0,5.0
