CoordX,CoordY,Orient,HalfLen,HalfWid
568.5,55.0,0.0,20.0,7.0
705.5,55.0,0.0,20.0,7.0
635.5,272.0,-1.5707963267948966,51.0,7.0
450.5,380.0,0.0,36.0,8.0
1005.5,412.5,0.0,46.0,7.0
686.5,505.5,-1.5707963267948966,40.0,7.0
445.5,541.5,-3.141592653589793,35.0,7.0
629.9311926605504,553.8876146788991,-2.8571277749960697,23.596774997999233,4.815829076472536
