CoordX,CoordY,Orient,HalfLen,HalfWid
453.5,204.5,-1.5707963267948966,34.0,5.0
553.5,530.5,0.0,29.0,4.0
457.0,580.0,-1.5707963267948966,40.0,5.0
591.5,720.5,-3.141592653589793,43.0,5.0
