CoordX,CoordY,Orient,HalfLen,HalfWid
518.0,332.5,-3.141592653589793,49.0,18.0
312.5,401.0,-1.5707963267948966,42.0,7.0
258.0,579.5,0.0,43.0,7.0
270.5,868.0,2.613684287087797,42.611836598582386,7.565142542987165
398.0,959.0,-0.6884265468218742,41.142658748583216,6.785927628769307
299.0,1092.0,-3.141592653589793,49.0,6.0
294.0,1245.5,-3.141592653589793,51.0,17.0
