CoordX,CoordY,Orient,HalfLen,HalfWid
402.0,402.0,-1.5707963267948966,37.0,5.0
475.0,468.5,0.0,56.0,5.0
702.0,468.5,0.0,30.0,5.0
795.0,503.5,-1.5707963267948966,24.0,5.0
636.0,518.5,-1.5707963267948966,37.0,5.0
211.0,536.5,-1.5707963267948966,38.0,10.0
795.0,689.5,-1.5707963267948966,33.0,5.0
726.5,829.0,-3.141592653589793,37.0,11.0
