CoordX,CoordY,Orient,HalfLen,HalfWid
316.0,285.0,0.0,39.0,8.0
230.5,611.5,-3.141592653589793,28.0,5.0
642.0,720.0,-1.5707963267948966,33.0,5.0
717.0,838.0,0.0,40.0,9.0
