CoordX,CoordY,Orient,HalfLen,HalfWid
863.5,210.5,-3.141592653589793,41.0,13.0
1158.0,256.5,-1.5707963267948966,36.0,8.0
1366.0,259.5,-1.5707963267948966,32.0,11.0
623.0,495.5,0.0,41.0,5.0
973.0,495.5,-3.141592653589793,43.0,5.0
1089.5,652.0,-1.5707963267948966,41.0,5.0
1089.5,757.0,-1.5707963267948966,42.0,5.0
852.0,836.5,-3.141592653589793,48.0,5.0
1040.0,836.5,0.0,32.0,5.0
853.0,1013.5,-3.141592653589793,47.0,13.0
