CoordX,CoordY,Orient,HalfLen,HalfWid
801.5,426.5,-1.5707963267948966,53.0,9.0
503.5,855.5,-3.141592653589793,51.0,9.0
388.5,923.0,-1.5707963267948966,49.0,7.0
801.5,989.5,-1.5707963267948966,54.0,9.0
388.5,1066.5,-1.5707963267948966,39.0,7.0
470.5,1148.0,-3.141592653589793,61.0,14.0
691.5,1148.0,-3.141592653589793,50.0,14.0
671.5,1396.5,0.06808559076723286,43.62592314413024,7.051411736038206
461.5,1533.5,-3.141592653589793,55.0,10.0
