CoordX,CoordY,Orient,HalfLen,HalfWid
1458.5,600.5,0.0,42.0,20.0
551.0,605.5,-3.141592653589793,41.0,20.0
468.5,685.0,-1.5707963267948966,38.0,5.0
335.0,737.5,-3.141592653589793,37.0,5.0
263.0,936.0,-3.141592653589793,30.0,6.0
468.5,1049.0,-1.5707963267948966,32.0,5.0
593.5,1102.0,-1.5707963267948966,39.0,5.0
1202.5,1103.0,-1.5707963267948966,35.0,4.0
1461.0,1121.5,-1.5707963267948966,40.0,6.0
489.5,1341.5,0.0,47.0,6.0
491.0,1472.0,-3.141592653589793,49.0,18.0
