CoordX,CoordY,Orient,HalfLen,HalfWid
698.5,511.0,-1.5707963267948966,30.0,6.0
629.5,622.5,-3.141592653589793,34.0,4.0
1419.0,668.0,-1.5707963267948966,40.0,18.0
518.0,685.5,-1.5707963267948966,41.0,5.0
518.0,784.0,-1.5707963267948966,40.0,5.0
804.0,1071.0,-3.141592653589793,39.0,9.0
