CoordX,CoordY,Orient,HalfLen,HalfWid
252.0,285.5,-3.141592653589793,41.0,16.0
346.0,778.5,-1.5707963267948966,41.0,6.0
283.0,903.0,-3.141592653589793,46.0,17.0
363.5,1004.5,-1.5707963267948966,41.0,17.0
