CoordX,CoordY,Orient,HalfLen,HalfWid
598.0,209.0,-3.141592653589793,39.0,27.0
348.0,329.5,-1.5707963267948966,30.0,5.0
517.5,336.5,-1.5707963267948966,32.0,5.0
253.5,673.5,-3.141592653589793,42.0,5.0
422.5,673.5,-3.141592653589793,32.0,5.0
517.5,740.0,-1.5707963267948966,43.0,5.0
242.5,867.0,0.0,42.0,11.0
