CoordX,CoordY,Orient,HalfLen,HalfWid
213.0,473.5,0.0,39.0,8.0
418.0,473.5,-3.141592653589793,40.0,8.0
993.5,525.5,-1.5707963267948966,39.0,7.0
604.5,628.0,-1.5707963267948966,36.0,8.0
471.0,685.5,-3.141592653589793,31.0,8.0
251.5,776.5,-1.5707963267948966,30.0,7.0
197.0,944.5,0.0,43.0,7.0
