CoordX,CoordY,Orient,HalfLen,HalfWid
277.0,293.0,-3.141592653589793,39.0,11.0
455.5,537.5,-1.5707963267948966,38.0,5.0
455.5,749.5,-1.5707963267948966,36.0,5.0
608.5,815.5,0.0,24.0,5.0
349.5,912.0,-1.5707963267948966,24.0,5.0
414.5,988.0,0.0,36.0,11.0
