CoordX,CoordY,Orient,HalfLen,HalfWid
740.6599690880989,337.2519319938176,-2.5164942182249668,38.73086465453453,4.71454483572318
359.5,426.5,-1.5707963267948966,40.0,15.0
1006.0,547.0,0.0,34.0,4.0
1011.5,708.0,-3.141592653589793,37.0,8.0
