CoordX,CoordY,Orient,HalfLen,HalfWid
362.5,176.5,-1.5707963267948966,50.0,3.0
476.5,341.5,-3.141592653589793,45.0,15.0
395.5,402.0,-1.5707963267948966,45.0,4.0
227.5,897.0,-3.141592653589793,30.0,8.0
476.5,980.0,-1.5707963267948966,45.0,4.0
342.0,987.0,-1.5707963267948966,43.0,5.0
407.5,1106.0,0.0,45.0,9.0
