CoordX,CoordY,Orient,HalfLen,HalfWid
630.5,659.0,0.0,41.0,16.0
1023.5,937.0,-1.5707963267948966,40.0,6.0
564.5,1005.0,-1.5707963267948966,41.0,6.0
349.0,1059.0,-3.141592653589793,41.0,6.0
1023.5,1105.5,-1.5707963267948966,40.0,6.0
564.5,1193.5,-1.5707963267948966,40.0,6.0
1235.0,1194.5,-3.141592653589793,41.0,6.0
564.5,1299.5,-1.5707963267948966,40.0,6.0
1287.5,1389.0,-3.141592653589793,41.0,6.0
626.0,1583.0,-3.141592653589793,47.0,16.0
