CoordX,CoordY,Orient,HalfLen,HalfWid
672.5,297.0,-1.5707963267948966,37.0,13.0
476.0,669.0,-1.5707963267948966,41.0,5.0
162.5,798.0,-3.141592653589793,46.0,8.0
