CoordX,CoordY,Orient,HalfLen,HalfWid
201.5,481.0,-3.141592653589793,45.0,5.0
403.5,658.0,-3.141592653589793,45.0,5.0
319.0,799.5,-1.5707963267948966,39.0,5.0
397.5,922.0,0.0,48.0,11.0
