CoordX,CoordY,Orient,HalfLen,HalfWid
683.0,296.5,-3.141592653589793,36.0,13.0
639.0,431.0,-1.5707963267948966,45.0,6.0
680.0,617.0,-3.141592653589793,30.0,6.0
335.0,772.5,-1.5707963267948966,35.0,6.0
511.0,879.0,-1.5707963267948966,36.0,6.0
132.0378590078329,861.0078328981723,3.14076648666761,29.0041209371407,6.0231306235343585
335.0,964.0,-1.5707963267948966,42.0,6.0
390.5,1036.0,-3.141592653589793,43.0,6.0
393.0,1178.5,0.0,43.0,15.0
