CoordX,CoordY,Orient,HalfLen,HalfWid
364.5,255.0,0.0,36.0,9.0
748.0,651.0,-3.141592653589793,33.0,4.0
847.5,651.0,0.0,31.0,4.0
424.0,701.0,-1.5707963267948966,29.0,4.0
895.0,706.5,-1.5707963267948966,32.0,4.0
593.0,807.0,0.0,40.0,9.0
