CoordX,CoordY,Orient,HalfLen,HalfWid
560.0,125.0,-1.5707963267948966,25.0,4.0
540.5,493.0,0.0,25.0,4.0
340.5,552.5,0.0,44.0,4.0
449.0,552.5,-3.141592653589793,46.0,4.0
513.5,590.0,-1.5707963267948966,24.0,4.0
615.0,624.0,0.0,25.0,5.0
330.5,765.5,-3.141592653589793,34.0,6.0
438.0,765.5,-3.141592653589793,25.0,6.0
597.5,805.5,-3.141592653589793,42.0,6.0
