CoordX,CoordY,Orient,HalfLen,HalfWid
388.5,201.5,-3.141592653589793,46.0,15.0
482.0,626.5,-1.5707963267948966,44.0,7.0
482.0,877.0,-1.5707963267948966,45.0,7.0
181.0,1030.5,-3.141592653589793,46.0,7.0
384.63484486873506,1027.9463007159904,-0.0038698757357271355,38.01519492183537,5.1121886764215665
