CoordX,CoordY,Orient,HalfLen,HalfWid
736.5,468.0,0.0,40.0,17.0
1745.5,696.0,0.0,40.0,10.0
1196.0,743.5,-1.5707963267948966,41.0,7.0
783.0,972.0,-1.5707963267948966,41.0,7.0
572.0,981.5,-1.5707963267948966,30.0,7.0
1122.0,1062.5,-1.5707963267948966,43.0,7.0
783.0,1085.5,-1.5707963267948966,41.0,7.0
918.0,1163.0,0.0,47.0,7.0
1032.5,1163.0,0.0,41.0,7.0
921.5,1350.5,-3.141592653589793,47.0,16.0
