CoordX,CoordY,Orient,HalfLen,HalfWid
1028.0,329.5,-1.5707963267948966,42.0,6.0
264.0,407.0,-1.5707963267948966,41.0,14.0
960.0817661488144,484.301308258381,-3.133588336831335,63.07001991612665,9.47996556788014
1035.0,572.0,-1.5707963267948966,38.0,6.0
1035.0,703.5,-1.5707963267948966,33.0,6.0
1035.0,843.5,-1.5707963267948966,38.0,6.0
980.0,960.5,-3.141592653589793,44.0,9.0
