CoordX,CoordY,Orient,HalfLen,HalfWid
1089.0,154.0,-1.5707963267948966,37.0,11.0
403.0,348.5,-1.5707963267948966,30.0,6.0
431.0,396.0,-3.141592653589793,21.0,6.0
403.0,509.0,-1.5707963267948966,36.0,6.0
564.0,524.0,-1.5707963267948966,36.0,6.0
651.5,573.5,0.0,27.0,6.0
275.0,668.0,-1.5707963267948966,28.0,6.0
403.5,666.5,-1.5707963267948966,26.0,5.0
466.0,779.5,0.0,36.0,11.0
