CoordX,CoordY,Orient,HalfLen,HalfWid
586.0,329.0,-1.5707963267948966,44.0,6.0
244.5,354.0,-1.5707963267948966,42.0,5.0
649.5,413.0,-3.141592653589793,42.0,6.0
193.5,633.0,0.0,40.0,6.0
996.5,711.0,-1.5707963267948966,42.0,17.0
191.0,825.5,0.0,47.0,11.0
