CoordX,CoordY,Orient,HalfLen,HalfWid
1078.0,517.5,0.0,42.0,6.0
931.5,577.0,-1.5707963267948966,41.0,6.0
1355.5,585.5,-1.5707963267948966,41.0,6.0
609.5,663.5,-3.141592653589793,41.0,6.0
837.5,858.5,-1.5707963267948966,35.0,7.0
551.5,914.5,-3.141592653589793,40.0,9.0
734.5,914.5,0.0,39.0,9.0
1279.0,1086.5,0.0,44.0,4.0
