CoordX,CoordY,Orient,HalfLen,HalfWid
291.5,526.0,-1.5707963267948966,45.0,10.0
1115.5,642.0,-3.141592653589793,40.0,5.0
864.9943946188341,722.0459641255605,1.5712230875830357,40.002130161380585,5.0166432149203
1298.5,846.0,-3.141592653589793,46.0,9.0
