CoordX,CoordY,Orient,HalfLen,HalfWid
360.0,332.5,0.0,37.0,8.0
711.5,506.0,-1.5707963267948966,58.0,4.0
362.5,879.5,-1.5707963267948966,37.0,4.0
711.5,883.0,-1.5707963267948966,38.0,4.0
410.0,995.0,-3.141592653589793,33.0,5.0
533.5,995.0,0.0,44.0,5.0
254.0,995.5,-3.141592653589793,34.0,4.0
532.5,1148.0,-3.141592653589793,43.0,8.0
598.0,1288.0,-1.5707963267948966,38.0,7.0
