CoordX,CoordY,Orient,HalfLen,HalfWid
417.5,586.5,0.0,80.0,6.0
331.5,641.0,-1.5707963267948966,45.0,5.0
448.0,840.0,0.0,44.0,5.0
448.5,979.5,0.0,44.0,4.0
261.5,1057.5,-1.5707963267948966,49.0,6.0
