CoordX,CoordY,Orient,HalfLen,HalfWid
587.025278810409,269.1026022304833,-1.5685409111763198,35.01795428894572,9.074405761272603
267.5,354.5,-3.141592653589793,41.0,9.0
734.0,354.5,0.0,38.0,9.0
652.0,799.5,-3.141592653589793,41.0,12.0
