CoordX,CoordY,Orient,HalfLen,HalfWid
509.0,303.0,0.0,33.0,6.0
403.0,346.0,-1.5707963267948966,34.0,6.0
1074.0,372.5,-1.5707963267948966,33.0,12.0
537.5,447.5,-3.141592653589793,33.0,11.0
706.5,441.5,-3.141592653589793,32.0,5.0
