CoordX,CoordY,Orient,HalfLen,HalfWid
56.5,97.0,-1.5707963267948966,24.0,2.0
844.5,258.0,0.0,25.0,4.0
701.0,408.0,-3.141592653589793,33.0,4.0
860.0,446.0,-3.141592653589793,49.0,4.0
918.5,502.0,-1.5707963267948966,29.0,3.0
918.5,596.5,-1.5707963267948966,28.0,3.0
872.0,750.0,0.0,36.0,6.0
