CoordX,CoordY,Orient,HalfLen,HalfWid
556.0,218.0,0.0,38.0,10.0
654.0,633.0,-1.5707963267948966,28.0,5.0
483.0,657.5,-1.5707963267948966,36.0,5.0
654.0,730.0,-1.5707963267948966,24.0,5.0
602.0,824.0,-3.141592653589793,37.0,10.0
