CoordX,CoordY,Orient,HalfLen,HalfWid
1010.5,391.0,-1.5707963267948966,34.0,10.0
288.0,515.0,-1.5707963267948966,28.0,5.0
402.0,564.0,-3.141592653589793,26.0,5.0
537.5,676.5,0.0,38.0,8.0
