CoordX,CoordY,Orient,HalfLen,HalfWid
939.0,224.0,-3.141592653589793,45.0,16.0
906.5,794.5,-1.5707963267948966,34.0,7.0
1083.5,821.0,-1.5707963267948966,32.0,5.0
960.0,1004.0,-3.141592653589793,36.0,7.0
1122.5,1007.0,-3.141592653589793,29.0,7.0
973.0,1096.0,0.0,48.0,13.0
