CoordX,CoordY,Orient,HalfLen,HalfWid
1363.0,354.0,-1.5707963267948966,34.0,17.0
766.5,478.0,-1.5707963267948966,25.0,4.0
593.5,488.0,-1.5707963267948966,34.0,4.0
766.5,614.0,-1.5707963267948966,25.0,4.0
593.5,744.5,-1.5707963267948966,33.0,4.0
669.5,804.5,-3.141592653589793,34.0,10.0
