CoordX,CoordY,Orient,HalfLen,HalfWid
808.0,366.5,0.0,27.0,4.0
745.5,393.5,-1.5707963267948966,16.0,5.0
745.5,446.5,-1.5707963267948966,31.0,5.0
1169.5,516.5,-3.141592653589793,94.0,5.0
745.5062857142857,592.0411428571429,-1.570270859275643,36.00262236738542,5.018390672037251
1323.5,715.0,-1.5707963267948966,38.0,10.0
745.5145888594164,899.080901856764,-1.56938984011475,31.007001768913078,5.042189640981672
745.5,1044.0,-1.5707963267948966,27.0,5.0
794.5,1127.5,-3.141592653589793,39.0,10.0
