CoordX,CoordY,Orient,HalfLen,HalfWid
1072.0,309.5,-1.5707963267948966,39.0,6.0
1072.0,458.0,-1.5707963267948966,40.0,6.0
743.0,469.5,0.0,41.0,5.0
1297.0,509.5,-3.141592653589793,40.0,5.0
433.0060318828091,627.5174493752693,1.570269692227568,40.00684070217959,14.020536805768705
1072.0,619.5,-1.5707963267948966,30.0,6.0
1072.0,718.0,-1.5707963267948966,40.0,6.0
945.5,942.5,-3.141592653589793,45.0,15.0
