CoordX,CoordY,Orient,HalfLen,HalfWid
313.0,387.5,0.0,32.0,11.0
318.0,792.5,-3.141592653589793,34.0,5.0
471.5,848.5,-1.5707963267948966,33.0,5.0
227.5,1039.5,-3.141592653589793,33.0,11.0
