CoordX,CoordY,Orient,HalfLen,HalfWid
1026.0,231.5,-3.141592653589793,39.0,16.0
867.5,700.0,-1.5707963267948966,33.0,5.0
1017.0,706.5,-1.5707963267948966,26.0,7.0
925.5,872.0,-1.5707963267948966,36.0,5.0
827.5,996.5,-3.141592653589793,39.0,5.0
828.0,1106.5,-3.141592653589793,40.0,13.0
1030.5,1216.0,-1.5707963267948966,27.0,5.0
