CoordX,CoordY,Orient,HalfLen,HalfWid
665.0,495.0,0.0,41.0,15.0
768.0,594.5,-1.5707963267948966,39.0,6.0
458.5,655.0,-1.5707963267948966,59.0,10.0
382.0,797.5,-3.141592653589793,44.0,9.0
237.5,912.5,-1.5707963267948966,35.0,9.0
533.0,1082.5,-3.141592653589793,46.0,10.0
