CoordX,CoordY,Orient,HalfLen,HalfWid
358.0,230.5,0.0,38.0,7.0
487.5,659.5,-3.141592653589793,37.0,7.0
732.5,659.5,-3.141592653589793,35.0,7.0
430.5,724.5,-1.5707963267948966,37.0,7.0
783.5,726.5,-1.5707963267948966,27.0,7.0
490.0,827.5,0.0,37.0,7.0
