CoordX,CoordY,Orient,HalfLen,HalfWid
972.5,329.5,-1.5707963267948966,46.0,7.0
307.0,292.5,-3.141592653589793,48.0,5.0
229.5,431.0,-1.5707963267948966,43.0,12.0
429.5,450.0,-1.5707963267948966,45.0,6.0
972.5,461.0,-1.5707963267948966,48.0,7.0
429.5,683.5,-1.5707963267948966,44.0,6.0
507.0,764.5,-3.141592653589793,49.0,13.0
