CoordX,CoordY,Orient,HalfLen,HalfWid
621.5,396.5,0.0,41.0,15.0
1035.5,579.0,0.0,30.0,10.0
986.0,918.0,-1.5707963267948966,43.0,7.0
916.5,1040.0,0.0,40.0,6.0
658.0,1099.5,-1.5707963267948966,39.0,7.0
727.5,1296.5,0.0,45.0,6.0
727.0,1445.0,-3.141592653589793,46.0,17.0
