CoordX,CoordY,Orient,HalfLen,HalfWid
880.5,342.0,-1.5707963267948966,39.0,11.0
261.5,424.0,0.0,34.0,6.0
383.5,424.0,0.0,34.0,6.0
489.0,486.0,-1.5707963267948966,34.0,6.0
196.0,551.5,-1.5707963267948966,27.0,6.0
196.0,660.5,-1.5707963267948966,28.0,6.0
377.0,728.0,0.0,35.0,6.0
196.0,791.5,-1.5707963267948966,27.0,6.0
258.0,892.5,-3.141592653589793,40.0,11.0
