CoordX,CoordY,Orient,HalfLen,HalfWid
471.0,262.5,0.0,43.0,12.0
554.0,378.0,-1.5707963267948966,46.0,5.0
586.5,659.0,-2.459291411347286,34.63416301384806,5.675858022051798
669.0,685.0,0.0,33.0,6.0
515.0,845.5,0.0,48.0,8.0
