CoordX,CoordY,Orient,HalfLen,HalfWid
235.5,345.0,-1.5707963267948966,42.0,7.0
875.5,366.5,-1.5707963267948966,40.0,4.0
281.0,420.5,0.0,38.0,6.0
875.5,474.5,-1.5707963267948966,40.0,4.0
451.5,532.0,0.0,27.0,4.0
655.5,555.5,-2.433252756184423,30.911501812101882,4.0043917824574216
874.5,852.5,-1.5707963267948966,40.0,4.0
815.5,1186.0,-3.141592653589793,46.0,15.0
