CoordX,CoordY,Orient,HalfLen,HalfWid
386.0,486.0,0.0,44.0,11.0
504.5,879.0,-1.5707963267948966,34.0,5.0
580.0,926.0,0.0,41.0,5.0
218.5,991.0,0.0,33.0,5.0
714.0,1077.0,-3.141592653589793,29.0,5.0
504.5,1127.0,-1.5707963267948966,34.0,5.0
504.4936268829664,1255.4588644264195,1.5713368409380801,35.00269745786252,5.018917263701425
504.5,1400.5,-1.5707963267948966,34.0,5.0
389.5,1501.0,0.0,44.0,5.0
386.5,1656.0,-3.141592653589793,44.0,11.0
504.5,1809.5,-1.5707963267948966,44.0,5.0
