CoordX,CoordY,Orient,HalfLen,HalfWid
407.5,142.0,-1.5707963267948966,42.0,8.0
812.0,731.0,0.0,40.0,19.0
172.0,733.5,0.0,40.0,18.0
1009.0,892.5,-3.141592653589793,39.0,5.0
414.5,1028.5,-1.5707963267948966,29.0,8.0
909.5,1099.0,-1.5707963267948966,39.0,5.0
1007.5,1148.0,0.0,39.0,6.0
411.5,1245.5,-1.5707963267948966,39.0,5.0
859.0,1227.5,-3.141592653589793,36.0,7.0
360.0,1325.0,0.0,43.0,6.0
359.0,1397.0,0.0,44.0,16.0
