CoordX,CoordY,Orient,HalfLen,HalfWid
503.5,343.5,-3.141592653589793,41.0,14.0
597.5,627.0,-1.5707963267948966,38.0,5.0
569.5,857.5,-1.5707963267948966,38.0,5.0
782.0,989.5,-3.141592653589793,34.0,6.0
569.5,1096.5,-1.5707963267948966,38.0,5.0
569.5,1276.5,-1.5707963267948966,38.0,5.0
510.0,1419.0,0.0,42.0,15.0
303.5,1420.5,-3.141592653589793,37.0,6.0
721.5,1511.5,-1.5707963267948966,38.0,10.0
