CoordX,CoordY,Orient,HalfLen,HalfWid
1257.5,265.0,-3.141592653589793,39.0,5.0
535.0,268.0,-3.141592653589793,41.0,6.0
1050.0,688.5,0.0,41.0,5.0
994.5,730.5,-1.5707963267948966,29.0,5.0
1074.0,821.5,-3.141592653589793,39.0,5.0
1234.0,821.5,-3.141592653589793,40.0,5.0
195.0,994.0,-3.141592653589793,42.0,6.0
446.0,1031.5,-1.5707963267948966,30.0,6.0
1252.5,1064.5,-3.141592653589793,35.0,5.0
446.0,1229.5,-1.5707963267948966,36.0,6.0
518.0,1280.0,-3.141592653589793,46.0,7.0
