CoordX,CoordY,Orient,HalfLen,HalfWid
267.0,193.0,-1.5707963267948966,41.0,6.0
440.5,294.0,-1.5707963267948966,41.0,5.0
947.0,376.5,-3.141592653589793,47.0,18.0
197.5,389.5,-3.141592653589793,46.0,5.0
239.0,572.0,0.0,46.0,9.0
