CoordX,CoordY,Orient,HalfLen,HalfWid
849.0,216.0,0.0,42.0,7.0
447.0,548.0,0.0,38.0,7.0
664.0,548.0,0.0,37.0,7.0
396.0,600.0,-1.5707963267948966,38.0,7.0
769.5,599.5,-1.5707963267948966,37.0,6.0
691.0,711.5,0.0,48.0,6.0
