CoordX,CoordY,Orient,HalfLen,HalfWid
649.5,266.0,-1.5707963267948966,46.0,6.0
996.5,271.5,-1.5707963267948966,43.0,6.0
1363.0,268.5,-1.5707963267948966,39.0,7.0
824.0,469.5,0.0,44.0,6.0
649.5,582.0,-1.5707963267948966,43.0,6.0
996.5,650.5,-1.5707963267948966,40.0,6.0
695.0,633.0,0.0,32.0,5.0
819.5,711.5,0.0,56.0,8.0
946.5,711.5,-3.141592653589793,31.0,8.0
780.5,973.5,-3.141592653589793,47.0,8.0
