CoordX,CoordY,Orient,HalfLen,HalfWid
400.5,202.5,0.0,38.0,7.0
328.2,642.78,-2.301305977788295,76.85773919721554,39.181349429424145
202.5,728.5,-1.5707963267948966,34.0,5.0
348.5,768.0,-1.5707963267948966,40.0,8.0
202.5,899.0,-1.5707963267948966,43.0,5.0
294.5,1002.0,0.0,40.0,12.0
