CoordX,CoordY,Orient,HalfLen,HalfWid
549.0,315.0,-3.141592653589793,44.0,15.0
476.5,659.5,-1.5707963267948966,41.0,5.0
316.5,662.0,-1.5707963267948966,42.0,5.0
253.0,754.5,-3.141592653589793,42.0,5.0
476.5,829.5,-1.5707963267948966,42.0,5.0
659.5,899.5,-1.5707963267948966,41.0,5.0
476.5,963.5,-1.5707963267948966,41.0,5.0
543.0,1235.0,0.0,49.0,16.0
620.0,1397.5,-1.5707963267948966,47.0,10.0
