CoordX,CoordY,Orient,HalfLen,HalfWid
490.5,222.0,0.0,34.0,14.0
99.0,394.0,0.0,25.0,5.0
214.0,574.5,-1.5707963267948966,32.0,5.0
302.5,616.0,-3.141592653589793,29.0,5.0
575.0,797.0,-1.5707963267948966,27.0,5.0
749.0,867.0,-3.141592653589793,26.0,5.0
426.0,903.5,-1.5707963267948966,35.0,5.0
575.0,913.5,-1.5707963267948966,34.0,5.0
426.0,1053.5,-1.5707963267948966,30.0,5.0
480.0,1113.0,0.0,40.0,5.0
480.0,1237.5,-3.141592653589793,40.0,14.0
