CoordX,CoordY,Orient,HalfLen,HalfWid
383.0,354.5,-3.141592653589793,45.0,20.0
319.0,521.5,-1.5707963267948966,82.0,8.0
329.5,1102.0,-1.5707963267948966,40.0,4.0
410.5,1189.5,-3.141592653589793,44.0,11.0
