CoordX,CoordY,Orient,HalfLen,HalfWid
583.0,76.0,0.0,43.0,14.0
746.5,208.0,-3.141592653589793,32.0,6.0
704.0,254.0,-1.5707963267948966,37.0,4.0
581.5,357.0,-3.141592653589793,42.0,4.0
531.5,415.0,-1.5707963267948966,42.0,4.0
704.0,479.5,-1.5707963267948966,31.0,4.0
531.5,637.0,-1.5707963267948966,41.0,4.0
583.5,688.5,0.0,41.0,3.0
583.0,841.0,0.0,43.0,14.0
