CoordX,CoordY,Orient,HalfLen,HalfWid
445.0,384.5,-1.5707963267948966,58.0,6.0
203.5,485.0,-3.141592653589793,30.0,6.0
386.0,485.0,-3.141592653589793,30.0,6.0
560.0,485.0,-3.141592653589793,42.0,6.0
982.0,485.0,-3.141592653589793,38.0,6.0
1108.0,507.5,0.0,33.0,14.0
782.5,587.5,-1.5707963267948966,34.0,4.0
527.0,621.0,-3.141592653589793,42.0,6.0
692.0,632.0,0.0,28.0,6.0
528.0,639.5,-3.141592653589793,42.0,5.0
