CoordX,CoordY,Orient,HalfLen,HalfWid
813.5,405.0,-3.141592653589793,38.0,11.0
462.0,632.5,-1.5707963267948966,35.0,7.0
839.0,1007.0,-1.5707963267948966,33.0,7.0
462.0,1015.0,-1.5707963267948966,36.0,7.0
633.0,1083.5,-3.141592653589793,47.0,6.0
634.0,1151.0,-3.141592653589793,40.0,11.0
