CoordX,CoordY,Orient,HalfLen,HalfWid
974.0,286.5,-1.5707963267948966,41.0,6.0
253.0,343.5,-1.5707963267948966,40.0,10.0
253.0,541.5,-1.5707963267948966,42.0,10.0
836.0,554.5,-1.5707963267948966,41.0,6.0
337.0,550.5,-1.5707963267948966,33.0,5.0
526.0,615.5,-1.5707963267948966,31.0,6.0
770.5,664.0,0.0,46.0,10.0
