CoordX,CoordY,Orient,HalfLen,HalfWid
1069.5,388.0,-1.5707963267948966,40.0,14.0
377.5,457.0,-3.141592653589793,40.0,7.0
487.0,457.0,-3.141592653589793,46.0,7.0
1001.0,458.0,0.0,42.0,7.0
719.0,506.5,-1.5707963267948966,35.0,5.0
271.0,535.0,-1.5707963267948966,30.0,5.0
613.5,564.0,-3.141592653589793,36.0,5.0
484.0,633.5,0.0,48.0,9.0
