CoordX,CoordY,Orient,HalfLen,HalfWid
851.5,310.0,0.0,35.0,5.0
234.0,364.5,-1.5707963267948966,33.0,10.0
794.5,379.5,-1.5707963267948966,42.0,4.0
956.5,386.5,-1.5707963267948966,39.0,8.0
574.5,445.5,0.0,40.0,8.0
1243.0,445.0,0.0,39.0,8.0
633.5,488.0,-1.5707963267948966,30.0,5.0
790.5,487.0,-1.5707963267948966,29.0,8.0
956.5,567.5,-1.5707963267948966,34.0,8.0
882.0,694.0,-3.141592653589793,43.0,11.0
