CoordX,CoordY,Orient,HalfLen,HalfWid
732.0,423.5,-3.141592653589793,50.0,17.0
585.5,741.0,-1.5707963267948966,49.0,6.0
585.5,980.5,-1.5707963267948966,42.0,6.0
422.5,1014.5,-2.521254216654111,40.5698156811358,6.862219436790672
585.5,1216.0,-1.5707963267948966,42.0,6.0
774.5,1231.0,-1.5707963267948966,41.0,7.0
712.0,1509.5,-3.141592653589793,49.0,16.0
1023.5,1727.5,0.0,47.0,10.0
