CoordX,CoordY,Orient,HalfLen,HalfWid
525.5,263.5,-3.141592653589793,43.0,6.0
834.0,263.5,0.0,46.0,6.0
1074.5,263.5,-3.141592653589793,50.0,6.0
490.0,534.5,0.0,42.0,6.0
594.0,614.5,-1.5707963267948966,42.0,6.0
366.9945463559742,640.523549826475,-1.5704425851638841,47.003534475607545,10.016625230645143
293.5,716.5,-3.141592653589793,60.0,6.0
