CoordX,CoordY,Orient,HalfLen,HalfWid
696.5,265.5,0.0,23.0,5.0
881.5,265.5,0.0,25.0,5.0
177.5,356.0,-1.5707963267948966,35.0,13.0
1034.5,356.5,-3.141592653589793,34.0,5.0
1082.0,409.5,-1.5707963267948966,41.0,6.0
820.5,515.5,-3.141592653589793,34.0,13.0
