CoordX,CoordY,Orient,HalfLen,HalfWid
222.5,528.0,-1.5707963267948966,48.0,8.0
684.5,542.0,-3.141592653589793,39.0,7.0
689.0,769.0,0.0,39.0,8.0
689.5,913.0,-3.141592653589793,38.0,8.0
913.5,913.0,-3.141592653589793,35.0,8.0
740.5,1096.5,0.0,44.0,7.0
426.5,1244.5,-3.141592653589793,123.0,7.0
