CoordX,CoordY,Orient,HalfLen,HalfWid
362.0,282.0,-3.141592653589793,35.0,14.0
312.5,723.5,-1.5707963267948966,33.0,6.0
410.5,750.0,-1.5707963267948966,35.0,4.0
216.5,824.5,0.0,27.0,6.0
358.5,919.5,0.0,38.0,6.0
357.0,995.5,-3.141592653589793,36.0,16.0
