CoordX,CoordY,Orient,HalfLen,HalfWid
861.1829268292682,184.609756097561,-1.5595537791948988,32.05418925711665,6.078316994740928
1034.5,227.5,0.0,36.0,4.0
988.5,341.0,-1.5707963267948966,43.0,4.0
1589.5,350.0,-1.5707963267948966,43.0,14.0
1053.0,511.5,-3.141592653589793,47.0,5.0
1052.5,596.5,0.0,48.0,15.0
1281.5,660.0,-1.5707963267948966,41.0,7.0
