CoordX,CoordY,Orient,HalfLen,HalfWid
371.0,341.5,-1.5707963267948966,41.0,6.0
400.0,420.0,-2.356194490192345,32.526911934581186,5.6568542494923815
189.0,435.5,-1.5707963267948966,31.0,6.0
547.0,484.5,-3.141592653589793,40.0,5.0
548.0,577.5,-3.141592653589793,39.0,16.0
671.5,791.0,-1.5707963267948966,41.0,6.0
