CoordX,CoordY,Orient,HalfLen,HalfWid
420.0,146.5,-3.141592653589793,43.0,18.0
273.0,778.5,-1.5707963267948966,40.0,6.0
603.5,749.0,0.0,32.0,5.0
432.5,870.0,-1.5707963267948966,41.0,5.0
232.5,953.5,-3.141592653589793,31.0,5.0
375.0,1012.5,0.0,45.0,5.0
373.0,1145.0,-3.141592653589793,47.0,16.0
