CoordX,CoordY,Orient,HalfLen,HalfWid
983.0,329.5,-1.5707963267948966,42.0,16.0
493.5,339.5,-1.5707963267948966,40.0,8.0
493.5,441.5,-1.5707963267948966,40.0,8.0
258.50710900473933,499.4691943127962,1.5701182235824969,32.00473936493984,7.021697691749994
547.5,514.5,0.0,45.0,6.0
552.0,649.0,-3.141592653589793,47.0,16.0
