CoordX,CoordY,Orient,HalfLen,HalfWid
848.0,260.5,-3.141592653589793,40.0,22.0
609.9107303877367,565.0090171325519,0.0005341480564145499,50.00212945927057,5.02563839220335
494.0,628.0,-1.5707963267948966,45.0,5.0
817.5,729.5,-1.5707963267948966,47.0,4.0
659.5,852.5,-1.5707963267948966,40.0,4.0
388.0,904.5,-3.141592653589793,36.0,8.0
495.5,960.5,-1.5707963267948966,39.0,4.0
577.98849797023,1063.3876860622463,-0.2580214338938674,46.46481857739388,8.581869045501293
