CoordX,CoordY,Orient,HalfLen,HalfWid
566.5,350.5,-3.141592653589793,41.0,17.0
171.5,530.0,-3.141592653589793,40.0,7.0
224.0,773.0,-1.5707963267948966,41.0,5.0
570.0,962.5,-1.5707963267948966,43.0,7.0
408.0,983.5,-1.5707963267948966,42.0,7.0
511.0,1115.5,0.0,41.0,5.0
510.5,1272.5,0.0,42.0,16.0
