CoordX,CoordY,Orient,HalfLen,HalfWid
952.0,260.5,-3.141592653589793,40.0,5.0
1075.5,310.0,-1.5707963267948966,40.0,5.0
848.5,352.0,-1.5707963267948966,40.0,5.0
278.0,364.0,-1.5707963267948966,44.0,13.0
1075.5,470.5,-1.5707963267948966,42.0,5.0
1014.0,800.0,0.0,43.0,13.0
