CoordX,CoordY,Orient,HalfLen,HalfWid
1121.0,485.5,-1.5707963267948966,42.0,15.0
585.0,488.5,-1.5707963267948966,41.0,6.0
908.0,785.0,-1.5707963267948966,41.0,6.0
585.0,872.0,-1.5707963267948966,40.0,6.0
858.5,894.0,-3.141592653589793,41.0,6.0
1071.703125,938.90625,1.58286056635516,31.058063800843122,5.92717968619333
397.0,922.0,0.0,36.0,6.0
585.0,963.5,-1.5707963267948966,31.0,6.0
641.5,1096.0,0.0,45.0,9.0
