CoordX,CoordY,Orient,HalfLen,HalfWid
415.0,426.0,-1.5707963267948966,35.0,8.0
272.5,805.0,-3.141592653589793,32.0,8.0
313.0,941.0,-3.141592653589793,40.0,8.0
557.0,941.0,-3.141592653589793,42.0,8.0
1252.0,943.5,0.0,30.0,7.0
