CoordX,CoordY,Orient,HalfLen,HalfWid
333.0,289.0,0.0,40.0,18.0
781.0,489.0,0.0,39.0,6.0
589.0,722.0,-1.5707963267948966,39.0,6.0
367.5,746.5,-2.3561944901923444,38.890872965260115,7.778174593052034
589.0,880.0,-1.5707963267948966,40.0,6.0
466.5,1113.0,-3.141592653589793,43.0,17.0
704.5,1728.0,0.0,40.0,6.0
