CoordX,CoordY,Orient,HalfLen,HalfWid
486.0,317.5,0.0,35.0,6.0
441.5,361.0,-1.5707963267948966,37.0,6.0
1038.0,404.5,-1.5707963267948966,37.0,12.0
441.5,597.0,-1.5707963267948966,36.0,6.0
546.5,712.0,-1.5707963267948966,38.0,5.0
313.5,709.0,-1.5707963267948966,33.0,6.0
313.5,875.0,-1.5707963267948966,29.0,6.0
364.0,939.0,-3.141592653589793,39.0,12.0
