CoordX,CoordY,Orient,HalfLen,HalfWid
1210.0,226.0,0.0,41.0,11.0
543.5,427.0,-1.5707963267948966,35.0,5.0
543.5,552.0,-1.5707963267948966,29.0,5.0
1239.0,545.5,0.0,33.0,5.0
281.5,604.0,0.0,30.0,5.0
543.5,654.5,-1.5707963267948966,33.0,5.0
1448.5,760.5,-1.5707963267948966,27.0,5.0
1133.5,788.0,-1.5707963267948966,31.0,5.0
1074.0,842.0,0.0,38.0,5.0
1073.5,968.5,-3.141592653589793,40.0,10.0
1137.0,1141.0,-1.5707963267948966,35.0,9.0
1486.0,1376.0,-3.141592653589793,115.0,9.0
