CoordX,CoordY,Orient,HalfLen,HalfWid
407.5,301.0,-1.5707963267948966,38.0,5.0
980.0,344.5,-1.5707963267948966,40.0,19.0
407.5,517.0,-1.5707963267948966,34.0,5.0
597.0,546.5,-1.5707963267948966,39.0,7.0
182.0,631.0,0.0,37.0,9.0
407.5,676.5,-1.5707963267948966,34.0,5.0
470.0,736.5,0.0,44.0,6.0
470.5,821.0,-3.141592653589793,45.0,19.0
