CoordX,CoordY,Orient,HalfLen,HalfWid
973.0,322.0,0.0,47.0,15.0
733.5,569.0,-1.5707963267948966,47.0,7.0
733.5,766.5,-1.5707963267948966,47.0,7.0
1061.0,995.5,-1.5707963267948966,40.0,6.0
635.5,1161.0,-1.5707963267948966,42.0,7.0
1061.0,1203.5,-1.5707963267948966,42.0,6.0
1174.0,1295.5,0.0,47.0,10.0
