CoordX,CoordY,Orient,HalfLen,HalfWid
499.5,411.5,-3.141592653589793,31.0,6.0
597.0,411.5,-3.141592653589793,30.0,6.0
1059.5,426.5,0.0,37.0,8.0
798.5,533.0,-1.5707963267948966,39.0,8.0
421.0,570.5,0.0,22.0,5.0
201.5,649.0,-3.141592653589793,21.0,5.0
328.0,649.0,0.0,35.0,5.0
389.5,715.0,-1.5707963267948966,27.0,6.0
643.0,756.5,0.0,20.0,7.0
279.0,772.5,-3.141592653589793,16.0,8.0
330.5,772.5,-3.141592653589793,33.0,8.0
