CoordX,CoordY,Orient,HalfLen,HalfWid
546.0,217.0,0.0,45.0,18.0
643.0,322.5,-1.5707963267948966,45.0,6.0
874.0,384.5,-3.141592653589793,40.0,5.0
769.0,527.5,-3.141592653589793,40.0,5.0
751.0,685.5,0.0,45.0,5.0
850.5,865.5,-3.141592653589793,45.0,10.0
