CoordX,CoordY,Orient,HalfLen,HalfWid
260.0,225.5,-1.5707963267948966,37.0,5.0
194.5,475.0,0.0,37.0,5.0
143.0,569.5,-1.5707963267948966,23.0,5.0
300.5,609.5,0.0,37.0,10.0
