CoordX,CoordY,Orient,HalfLen,HalfWid
382.5,534.0,0.0,43.0,5.0
441.0,590.0,-1.5707963267948966,39.0,7.0
441.0,787.0,-1.5707963267948966,33.0,7.0
380.0,855.5,0.0,43.0,9.0
