CoordX,CoordY,Orient,HalfLen,HalfWid
882.5,348.0,-1.5707963267948966,33.0,5.0
1178.5,351.5,-1.5707963267948966,28.0,5.0
569.0,513.0,-3.141592653589793,38.0,6.0
828.0,513.0,0.0,35.0,6.0
966.5,513.0,0.0,31.0,6.0
1070.5,513.0,0.0,33.0,6.0
1120.0,569.0,-1.5707963267948966,43.0,8.0
677.0,577.0,-1.5707963267948966,42.0,6.0
994.0,700.5,-3.141592653589793,42.0,8.0
