CoordX,CoordY,Orient,HalfLen,HalfWid
467.0,392.5,-1.5707963267948966,34.0,6.0
1060.5,442.0,-3.141592653589793,109.0,5.0
1270.0,490.5,1.5707963267948966,37.0,22.0
467.0,495.0,-1.5707963267948966,34.0,6.0
638.5,547.0,-1.5707963267948966,36.0,8.0
638.5,741.5,-1.5707963267948966,36.0,8.0
581.5,921.5,-3.141592653589793,42.0,6.0
