CoordX,CoordY,Orient,HalfLen,HalfWid
588.0,256.5,-3.141592653589793,39.0,11.0
222.0,608.5,-3.141592653589793,39.0,5.0
376.5,608.5,0.0,38.0,5.0
596.0,765.5,0.0,32.0,5.0
327.0,793.0,-1.5707963267948966,32.0,5.0
553.5,802.0,-1.5707963267948966,28.0,5.0
496.5,984.5,-3.141592653589793,46.0,6.0
499.5,1072.5,0.0,47.0,10.0
