CoordX,CoordY,Orient,HalfLen,HalfWid
384.0,427.5,-1.5707963267948966,38.0,14.0
749.5,532.5,0.0,39.0,6.0
852.0,532.5,-3.141592653589793,41.0,6.0
701.5,591.0,-1.5707963267948966,40.0,6.0
903.5,741.5,-1.5707963267948966,35.0,6.0
903.5,837.0,-1.5707963267948966,31.0,6.0
820.0,932.0,0.0,45.0,10.0
