CoordX,CoordY,Orient,HalfLen,HalfWid
482.5,330.5,-1.5707963267948966,33.0,10.0
596.0,785.0,-1.5707963267948966,34.0,5.0
340.0,805.0,-1.5707963267948966,33.0,5.0
537.0,915.5,-3.141592653589793,34.0,10.0
