CoordX,CoordY,Orient,HalfLen,HalfWid
1254.0,407.5,-1.5707963267948966,42.0,6.0
352.0,427.0,-1.5707963267948966,47.0,24.0
1254.0,720.5,-1.5707963267948966,43.0,6.0
1430.0,889.0,-1.5707963267948966,35.0,6.0
1375.5,983.0,-3.141592653589793,42.0,6.0
1172.0,1086.0,-3.141592653589793,49.0,10.0
1471.5,1158.5,-3.141592653589793,43.0,9.0
