CoordX,CoordY,Orient,HalfLen,HalfWid
311.0,439.5,-1.5707963267948966,36.0,12.0
988.5,423.5,0.0,29.0,3.0
1059.0,423.5,-3.141592653589793,29.0,3.0
888.5,476.0,-1.5707963267948966,43.0,3.0
1182.5,478.0,-1.5707963267948966,40.0,3.0
612.0,529.5,0.0,37.0,6.0
729.5,572.5,-1.5707963267948966,29.0,3.0
1054.5,581.5,-1.5707963267948966,38.0,3.0
885.5,577.5,-1.5707963267948966,33.0,6.0
943.5,822.5,-3.141592653589793,43.0,6.0
