CoordX,CoordY,Orient,HalfLen,HalfWid
834.0,154.5,-3.141592653589793,19.0,5.0
806.5,226.5,-1.5707963267948966,53.0,4.0
350.0,284.5,-1.5707963267948966,41.0,21.0
834.0,294.5,-3.141592653589793,21.0,5.0
916.5,400.5,0.0,38.0,4.0
806.5,458.5,-1.5707963267948966,43.0,4.0
997.5,459.5,0.0,20.0,5.0
966.5,505.5,-1.5707963267948966,33.0,4.0
806.5,538.0,-1.5707963267948966,22.0,4.0
1072.0,564.0,0.0,32.0,5.0
1247.5,578.5,0.0,20.0,5.0
881.5,645.0,0.0,41.0,15.0
