CoordX,CoordY,Orient,HalfLen,HalfWid
699.5,273.5,0.0,26.0,6.0
777.0,273.5,0.0,26.0,6.0
859.5,273.5,0.0,32.0,6.0
189.0,310.5,-1.5707963267948966,37.0,11.0
617.5,335.5,-1.5707963267948966,37.0,6.0
966.5,340.5,-1.5707963267948966,37.0,6.0
1142.5,387.5,0.0,33.0,6.0
966.5,439.5,-1.5707963267948966,37.0,6.0
189.0,668.0,-1.5707963267948966,38.0,11.0
875.5,746.0,0.0,36.0,11.0
