CoordX,CoordY,Orient,HalfLen,HalfWid
512.0,357.0,0.0,32.0,5.0
1181.5,405.0,-1.5707963267948966,42.0,11.0
438.0,429.0,-1.5707963267948966,42.0,5.0
438.0,541.0,-1.5707963267948966,42.0,5.0
535.0,605.0,0.0,32.0,5.0
702.5,835.5,-3.141592653589793,42.0,7.0
