CoordX,CoordY,Orient,HalfLen,HalfWid
780.5,374.5,-1.5707963267948966,30.0,5.0
838.0,416.5,0.0,35.0,5.0
1373.5,461.0,-1.5707963267948966,40.0,13.0
626.0,465.5,-1.5707963267948966,38.0,7.0
223.0,468.0,-1.5707963267948966,38.0,13.0
626.0,568.0,-1.5707963267948966,38.0,7.0
690.0,675.0,-3.141592653589793,39.0,9.0
687.0,763.0,0.0,38.0,20.0
553.0,888.0,-3.141592653589793,39.0,7.0
