CoordX,CoordY,Orient,HalfLen,HalfWid
328.5,414.5,-3.141592653589793,29.0,9.0
677.5,482.5,0.0,38.0,4.0
759.5,545.0,-1.5707963267948966,40.0,14.0
318.5,757.5,-3.141592653589793,39.0,4.0
323.0,944.0,-3.141592653589793,46.0,7.0
