CoordX,CoordY,Orient,HalfLen,HalfWid
583.5,217.5,-3.141592653589793,33.0,10.0
311.0,613.0,-3.141592653589793,32.0,4.0
232.0,720.0,-1.5707963267948966,33.0,5.0
301.0,859.5,0.0,32.0,9.0
