CoordX,CoordY,Orient,HalfLen,HalfWid
597.5,355.5,0.0,33.0,4.0
1286.5,428.5,-1.5707963267948966,40.0,13.0
494.0,455.0,-1.5707963267948966,42.0,5.0
702.0,460.0,-1.5707963267948966,42.0,5.0
494.0,626.5,-1.5707963267948966,41.0,5.0
545.5,973.5,-3.141592653589793,39.0,10.0
