CoordX,CoordY,Orient,HalfLen,HalfWid
462.0,620.5,-3.141592653589793,40.0,5.0
328.0,748.5,-1.5707963267948966,41.0,6.0
377.0,801.0,-3.141592653589793,22.0,6.0
417.5,919.0,-1.5707963267948966,41.0,6.0
152.0,1050.5,0.0,22.0,5.0
466.0,1132.5,-3.141592653589793,39.0,7.0
