CoordX,CoordY,Orient,HalfLen,HalfWid
416.5,229.5,-1.5707963267948966,45.0,20.0
1245.0,322.0,-3.141592653589793,39.0,5.0
1234.5,506.5,0.0,49.0,11.0
