CoordX,CoordY,Orient,HalfLen,HalfWid
1217.0,382.5,-1.5707963267948966,39.0,14.0
692.0,454.5,-3.141592653589793,39.0,5.0
300.5,590.5,0.0,29.0,10.0
451.0,595.5,-3.141592653589793,39.0,5.0
591.0,595.5,-3.141592653589793,34.0,5.0
369.5,682.0,-1.5707963267948966,39.0,5.0
435.5,813.5,0.0,45.0,9.0
