CoordX,CoordY,Orient,HalfLen,HalfWid
945.0,213.5,-3.141592653589793,38.0,12.0
529.0,327.0,0.0,25.0,5.0
522.0,459.0,-3.141592653589793,29.0,5.0
741.5,459.0,0.0,37.0,5.0
402.0,510.0,-1.5707963267948966,40.0,9.0
848.5,506.5,-1.5707963267948966,36.0,8.0
615.5,616.0,-3.141592653589793,41.0,8.0
