CoordX,CoordY,Orient,HalfLen,HalfWid
220.0,392.0,-1.5707963267948966,41.0,8.0
765.0,466.5,0.0,37.0,6.0
274.0,468.5,-3.141592653589793,42.0,3.0
977.0,517.5,-1.5707963267948966,40.0,1.0
820.0,513.0,-1.5707963267948966,34.0,4.0
589.5,585.0,-1.5707963267948966,35.0,4.0
768.5,709.0,0.0,41.0,7.0
