CoordX,CoordY,Orient,HalfLen,HalfWid
804.5,521.0,0.0,41.0,13.0
693.5,575.0,-1.5707963267948966,38.0,5.0
356.0,709.0,-3.141592653589793,46.0,13.0
809.5,711.5,-3.141592653589793,39.0,5.0
814.0,894.0,0.0,39.0,8.0
342.5,1183.0,-1.5707963267948966,40.0,5.0
663.5,1188.0,-1.5707963267948966,40.0,5.0
499.5,1296.0,-1.5707963267948966,40.0,5.0
554.5,1376.5,-3.141592653589793,43.0,5.0
554.0,1524.5,-3.141592653589793,45.0,14.0
