CoordX,CoordY,Orient,HalfLen,HalfWid
371.0,148.5,0.0,41.0,14.0
299.5,681.0,-1.5707963267948966,46.0,4.0
299.5,855.0,-1.5707963267948966,42.0,4.0
366.0,906.5,-3.141592653589793,46.0,4.0
365.5,1018.0,0.0,44.0,5.0
