CoordX,CoordY,Orient,HalfLen,HalfWid
762.0,464.0,-1.5707963267948966,38.0,13.0
625.5,715.0,-1.5707963267948966,35.0,5.0
513.0,970.5,0.0,35.0,5.0
703.0,970.5,0.0,35.0,5.0
712.0,1141.0,-3.141592653589793,36.0,15.0
