CoordX,CoordY,Orient,HalfLen,HalfWid
717.5,253.5,-3.141592653589793,45.0,21.0
524.5,683.5,-1.5707963267948966,47.0,6.0
582.0,841.5,-3.141592653589793,47.0,12.0
