CoordX,CoordY,Orient,HalfLen,HalfWid
710.0,482.0,-3.141592653589793,43.0,18.0
321.5,662.0,-3.141592653589793,37.0,6.0
320.5,921.0,-3.141592653589793,38.0,6.0
369.0,1012.0,-1.5707963267948966,37.0,6.0
557.5,1099.5,-1.5707963267948966,32.0,5.0
734.5,1193.5,-1.5707963267948966,41.0,5.0
268.0,1174.0,-3.141592653589793,38.0,6.0
557.5,1228.0,-1.5707963267948966,42.0,5.0
673.0,1380.5,-3.141592653589793,48.0,5.0
672.0,1470.5,0.0,49.0,17.0
336.0,1632.5,-1.5707963267948966,43.0,10.0
