CoordX,CoordY,Orient,HalfLen,HalfWid
630.5,359.5,-3.141592653589793,41.0,4.0
1362.0,417.0,-1.5707963267948966,40.0,25.0
559.5,421.0,-1.5707963267948966,40.0,4.0
689.5,703.5,-1.5707963267948966,41.0,4.0
445.5,708.5,-1.5707963267948966,40.0,4.0
505.0,837.0,-3.141592653589793,46.0,11.0
