CoordX,CoordY,Orient,HalfLen,HalfWid
778.5,312.5,-3.141592653589793,38.0,10.0
389.5,761.5,-1.5707963267948966,38.0,5.0
602.0,761.0,-1.5707963267948966,38.0,7.0
493.0,903.5,0.0,44.0,10.0
