CoordX,CoordY,Orient,HalfLen,HalfWid
146.0,206.0,-1.5707963267948966,37.0,5.0
480.5,211.0,-1.5707963267948966,37.0,3.0
404.0,284.0,-3.141592653589793,43.0,16.0
319.0,536.0,-1.5707963267948966,41.0,5.0
268.5,820.5,-1.5707963267948966,40.0,5.0
175.5,873.0,-3.141592653589793,32.0,6.0
363.0,1040.0,-3.141592653589793,47.0,11.0
