CoordX,CoordY,Orient,HalfLen,HalfWid
390.5,125.5,-3.141592653589793,45.0,17.0
450.0,456.5,-1.5707963267948966,36.0,7.0
491.5,505.0,-3.141592653589793,25.0,7.0
585.5,669.0,0.0,26.0,6.0
450.0,741.0,-1.5707963267948966,29.0,7.0
246.5,737.5,-1.5707963267948966,23.0,4.0
450.0,995.0,-1.5707963267948966,39.0,7.0
306.5,1048.0,-3.141592653589793,37.0,4.0
309.5,1161.5,0.0,44.0,14.0
