CoordX,CoordY,Orient,HalfLen,HalfWid
831.5,99.0,-1.5707963267948966,25.0,6.0
792.0,321.5,0.0,29.0,6.0
906.0,321.5,-3.141592653589793,28.0,6.0
742.5,350.5,-1.5707963267948966,17.0,6.0
742.5,419.0,-1.5707963267948966,26.0,6.0
782.5,456.0,0.0,27.0,6.0
916.0,845.5,0.0,39.0,6.0
