CoordX,CoordY,Orient,HalfLen,HalfWid
516.0,159.5,0.0,41.0,23.0
363.0,449.5,-3.141592653589793,42.0,5.0
516.0,504.0,0.0,42.0,10.0
1009.5,504.0,-3.141592653589793,64.0,10.0
1232.5,588.0,-1.5707963267948966,39.0,23.0
462.5,793.0,-1.5707963267948966,33.0,5.0
519.0,901.5,-3.141592653589793,46.0,5.0
518.5,943.0,-3.141592653589793,45.0,6.0
