CoordX,CoordY,Orient,HalfLen,HalfWid
453.5,302.0,0.0,40.0,17.0
813.5,465.5,-1.5707963267948966,88.0,5.0
444.5,872.5,-1.5707963267948966,42.0,6.0
813.5,880.5,-1.5707963267948966,39.0,5.0
328.0,991.0,-3.141592653589793,36.0,8.0
504.5,993.5,-3.141592653589793,36.0,5.0
632.5,993.5,-3.141592653589793,47.0,5.0
631.0,1156.5,0.0,45.0,16.0
689.5,1280.5,-1.5707963267948966,46.0,7.0
