CoordX,CoordY,Orient,HalfLen,HalfWid
321.5,478.5,-1.5707963267948966,44.0,16.0
1024.0,473.5,0.0,45.0,5.0
1377.0,473.5,-3.141592653589793,44.0,5.0
411.5,551.5,0.0,72.0,5.0
1376.0,659.5,0.0,45.0,5.0
1483.5,659.5,0.0,38.0,5.0
1087.3955938697318,713.8065134099617,0.898201532947953,34.998930345028356,8.036235108593765
1257.0,860.0,0.0,45.0,10.0
