CoordX,CoordY,Orient,HalfLen,HalfWid
414.5,670.0,-1.5707963267948966,45.0,5.0
400.5,1040.0,-1.5707963267948966,39.0,5.0
400.5,1185.5,-1.5707963267948966,45.0,5.0
461.0,1316.0,-3.141592653589793,45.0,14.0
