CoordX,CoordY,Orient,HalfLen,HalfWid
654.0,182.0,-1.5707963267948966,44.0,7.0
218.5,160.5,-3.141592653589793,18.0,5.0
520.0,160.5,0.0,22.0,5.0
654.0,430.0,-1.5707963267948966,40.0,7.0
1421.9549248747912,517.9958263772955,-0.00023054280955369806,54.000920736180404,5.0122186359231415
918.5,619.5,-1.5707963267948966,38.0,20.0
1146.0,621.0,-1.5707963267948966,35.0,7.0
1038.5,666.5,0.0,36.0,6.0
754.0,800.5,-1.5707963267948966,23.0,5.0
853.0,833.0,-3.141592653589793,41.0,6.0
