CoordX,CoordY,Orient,HalfLen,HalfWid
415.0,461.5,0.0,37.0,14.0
307.0,863.0,0.0,40.0,5.0
252.0,940.5,-1.5707963267948966,30.0,5.0
423.0,1046.0,1.5707963267948966,39.0,5.0
252.0,1080.0,-1.5707963267948966,31.0,5.0
211.5,1228.0,0.0,29.0,9.0
307.0,1262.0,-3.141592653589793,42.0,5.0
308.0,1402.5,0.0,43.0,14.0
209.5,1547.5,-1.5707963267948966,35.0,7.0
