CoordX,CoordY,Orient,HalfLen,HalfWid
177.5,128.5,0.0,38.0,12.0
389.0,672.5,-1.5707963267948966,38.0,4.0
226.5,676.5,-1.5707963267948966,37.0,3.0
188.5,802.0,-3.141592653589793,29.0,4.0
274.0,875.0,-3.141592653589793,39.0,4.0
278.0,973.5,0.0,45.0,11.0
603.0,1197.5,-1.5707963267948966,39.0,7.0
