CoordX,CoordY,Orient,HalfLen,HalfWid
505.5,184.5,-1.5707963267948966,38.0,6.0
511.0,439.0,-1.5707963267948966,41.0,6.0
887.0,475.0,0.0,32.0,6.0
784.0,518.0,-1.5707963267948966,32.0,6.0
246.5,593.0,-3.141592653589793,32.0,6.0
423.5,698.0,0.0,33.0,6.0
668.0,734.5,-1.5707963267948966,37.0,6.0
510.5,746.5,-1.5707963267948966,37.0,6.0
582.0,794.0,-3.141592653589793,41.0,6.0
585.5,895.0,0.0,43.0,4.0
