CoordX,CoordY,Orient,HalfLen,HalfWid
488.0,233.0,-1.5707963267948966,43.0,22.0
856.0,653.0,1.5707963267948966,39.0,5.0
769.0,726.0,0.0,45.0,10.0
