CoordX,CoordY,Orient,HalfLen,HalfWid
329.0,232.0,-3.141592653589793,35.0,12.0
456.0,675.5,-1.5707963267948966,32.0,4.0
496.5,717.0,0.0,31.0,4.0
397.5,846.5,-3.141592653589793,38.0,11.0
