CoordX,CoordY,Orient,HalfLen,HalfWid
712.5,330.5,-1.5707963267948966,65.0,5.0
1238.0,536.5,-1.5707963267948966,40.0,14.0
620.0,542.5,0.0,36.0,5.0
523.0,593.0,-1.5707963267948966,41.0,5.0
523.0,762.0,-1.5707963267948966,41.0,5.0
578.5,945.0,-3.141592653589793,46.0,9.0
