CoordX,CoordY,Orient,HalfLen,HalfWid
338.0,247.0,-3.141592653589793,42.0,21.0
394.5,330.5,-1.5707963267948966,44.0,6.0
432.3257042253521,669.3406690140845,-2.3261143182141475,44.378708166337454,6.477388090640563
569.4148857774503,708.9823139277819,-0.0013453753906372506,39.010727704202154,8.048426259313207
461.0,912.0,-3.141592653589793,43.0,11.0
