CoordX,CoordY,Orient,HalfLen,HalfWid
699.0,481.5,-3.141592653589793,45.0,7.0
1371.0,481.5,-3.141592653589793,47.0,7.0
1149.0,656.0,-3.141592653589793,40.0,8.0
1098.5,892.0,-1.5707963267948966,42.0,7.0
539.5,947.0,-1.5707963267948966,42.0,7.0
1047.5,977.5,-3.141592653589793,41.0,7.0
330.0,999.5,-3.141592653589793,34.0,7.0
735.5,1038.5,-1.5707963267948966,42.0,7.0
539.5,1065.5,-1.5707963267948966,43.0,7.0
600.5,1341.5,0.0,46.0,7.0
