CoordX,CoordY,Orient,HalfLen,HalfWid
1075.5,428.0,-1.5707963267948966,46.0,24.0
362.5,603.0,-1.5707963267948966,41.0,6.0
806.0,724.0,-3.141592653589793,42.0,5.0
271.0,777.0,-1.5707963267948966,40.0,10.0
490.0,821.5,-1.5707963267948966,41.0,8.0
554.5,951.0,0.0,46.0,10.0
