CoordX,CoordY,Orient,HalfLen,HalfWid
219.0,230.0,0.0,39.0,8.0
866.0,358.0,0.0,59.0,5.0
958.0,483.0,-1.6567911191458202,45.452100655446266,20.218093239665976
204.5,533.5,-3.141592653589793,42.0,5.0
146.0,718.5,-3.141592653589793,47.0,9.0
