CoordX,CoordY,Orient,HalfLen,HalfWid
75.0,172.5,-3.141592653589793,25.0,5.0
101.0,331.0,-3.141592653589793,33.0,5.0
