CoordX,CoordY,Orient,HalfLen,HalfWid
692.0,365.5,0.0,41.0,5.0
931.0,365.5,0.0,41.0,5.0
460.0,660.0,-1.5707963267948966,43.0,18.0
705.5,895.0,-1.5707963267948966,41.0,5.0
879.5,923.0,-1.5707963267948966,41.0,5.0
1105.5,983.5,-3.141592653589793,40.0,5.0
879.5,1108.5,-1.5707963267948966,41.0,5.0
1049.5,1108.0,-1.5707963267948966,41.0,5.0
823.0,1252.0,0.0,47.0,18.0
