CoordX,CoordY,Orient,HalfLen,HalfWid
269.0,210.5,0.0,40.0,7.0
350.5,297.0,-1.5707963267948966,59.0,7.0
444.5,526.5,0.0,44.0,7.0
498.5,579.0,-1.5707963267948966,37.0,3.0
350.5,585.0,-1.5707963267948966,38.0,7.0
350.5,744.5,-1.5707963267948966,40.0,7.0
498.5,806.5,-1.5707963267948966,38.0,3.0
447.5,964.0,0.0,44.0,4.0
447.5,1084.5,0.0,44.0,14.0
