CoordX,CoordY,Orient,HalfLen,HalfWid
732.5,359.0,-1.5707963267948966,30.0,7.0
1381.0,407.5,-1.5707963267948966,39.0,14.0
683.5,403.5,-3.141592653589793,35.0,4.0
788.0,459.5,-1.5707963267948966,43.0,5.0
564.0,464.0,-1.5707963267948966,39.0,6.0
564.0,573.0,-1.5707963267948966,40.0,6.0
740.5,901.0,0.0,39.0,8.0
