CoordX,CoordY,Orient,HalfLen,HalfWid
259.5,559.0,-1.5707963267948966,43.0,14.0
996.0,637.5,-3.141592653589793,43.0,6.0
876.5,941.5,-1.5707963267948966,42.0,7.0
809.0,1063.5,0.0,48.0,11.0
