CoordX,CoordY,Orient,HalfLen,HalfWid
463.5,243.0,-1.5707963267948966,45.0,26.0
484.5,431.5,-1.5707963267948966,40.0,5.0
695.5133228840125,562.9459247648903,1.5696217734542508,35.009372281995304,8.039929286098207
934.0,603.5,-1.5707963267948966,40.0,7.0
996.5,729.0,0.0,46.0,10.0
