CoordX,CoordY,Orient,HalfLen,HalfWid
1078.5,270.0,-3.141592653589793,45.0,18.0
1009.5,359.0,-1.5707963267948966,71.0,5.0
161.1594784353059,455.0481444332999,3.1367258658128425,29.033723939094294,8.111840934684873
363.5,569.0,-1.5707963267948966,38.0,3.0
558.0,690.0,0.0,47.0,8.0
