CoordX,CoordY,Orient,HalfLen,HalfWid
386.0,553.5,-3.141592653589793,41.0,16.0
734.0,634.0,-1.5707963267948966,35.0,6.0
780.0,703.0,0.0,36.0,6.0
778.0,879.0,-3.141592653589793,30.0,7.0
734.0,1138.0,-1.5707963267948966,35.0,6.0
206.0,1169.0,-3.141592653589793,29.0,6.0
630.0,1183.0,-3.141592653589793,41.0,6.0
363.0,1221.5,-1.5707963267948966,40.0,6.0
414.0,1380.0,-3.141592653589793,40.0,6.0
411.5,1541.0,-3.141592653589793,39.0,14.0
463.0,1700.0,-1.5707963267948966,36.0,8.0
