CoordX,CoordY,Orient,HalfLen,HalfWid
760.5,161.0,-1.5707963267948966,40.0,9.0
513.0,336.0,-3.141592653589793,44.0,17.0
582.5,753.5,-1.5707963267948966,43.0,5.0
819.0,892.0,0.0,34.0,6.0
582.5,1016.0,-1.5707963267948966,44.0,5.0
434.0,1096.5,-1.5707963267948966,39.0,5.0
582.5,1126.0,-1.5707963267948966,40.0,5.0
529.0,1368.5,0.0,44.0,17.0
