CoordX,CoordY,Orient,HalfLen,HalfWid
1346.0,285.5,0.0,40.0,19.0
633.0,531.0,-1.5707963267948966,40.0,4.0
910.5,642.0,-3.141592653589793,40.0,4.0
862.5,685.5,-1.5707963267948966,34.0,4.0
862.5,928.0,-1.5707963267948966,39.0,4.0
823.0378590078329,1037.9921671018276,-3.14076648666761,29.0041209371407,6.0231306235343585
930.0,1102.0,-3.141592653589793,44.0,4.0
928.5,1225.5,0.0,45.0,9.0
