CoordX,CoordY,Orient,HalfLen,HalfWid
312.0,137.5,-1.5707963267948966,41.0,14.0
495.0,327.0,-3.141592653589793,53.0,4.0
821.0,327.0,-3.141592653589793,40.0,4.0
931.0,382.5,-1.5707963267948966,39.0,4.0
1148.0,549.0,-1.5707963267948966,31.0,6.0
931.0,559.0,-1.5707963267948966,36.0,4.0
876.0,707.5,0.0,45.0,8.0
