CoordX,CoordY,Orient,HalfLen,HalfWid
548.5,347.0,-3.141592653589793,40.0,19.0
452.0,897.0,-1.5707963267948966,35.0,7.0
219.0,906.5,-1.5707963267948966,32.0,7.0
619.5,1034.5,-1.5707963267948966,40.0,6.0
452.0,1097.0,-1.5707963267948966,39.0,7.0
524.0,1228.5,0.0,49.0,6.0
524.0,1357.0,-3.141592653589793,48.0,20.0
