CoordX,CoordY,Orient,HalfLen,HalfWid
232.5,416.0,-1.5707963267948966,40.0,8.0
832.4942630185349,596.0353045013239,-1.5712300906506371,40.00259882003124,6.016916225390159
1123.0,776.0,-3.141592653589793,29.0,6.0
832.5,832.5,-1.5707963267948966,32.0,6.0
779.5,878.0,0.0,37.0,7.0
571.5,960.0,-1.5707963267948966,40.0,7.0
425.0,1213.0,-1.5707963267948966,30.0,7.0
571.5,1225.5,-1.5707963267948966,31.0,7.0
617.0,1330.0,0.0,37.0,7.0
233.5,1402.5,-1.5707963267948966,40.0,8.0
