CoordX,CoordY,Orient,HalfLen,HalfWid
496.0,162.5,-1.5707963267948966,39.0,8.0
322.0,163.5,-1.5707963267948966,38.0,8.0
368.5,523.0,-3.141592653589793,32.0,8.0
559.5,523.0,-3.141592653589793,44.0,8.0
483.0,649.0,0.0,47.0,8.0
485.5,717.0,0.0,47.0,8.0
