CoordX,CoordY,Orient,HalfLen,HalfWid
506.0,224.5,-1.5707963267948966,36.0,7.0
505.87688442211055,427.47236180904525,1.5780040147156587,40.0422067422755,7.136763057864467
255.5,478.0,-1.5707963267948966,45.0,7.0
859.0,593.5,-3.141592653589793,41.0,7.0
