CoordX,CoordY,Orient,HalfLen,HalfWid
470.5,278.5,-3.141592653589793,36.0,5.0
358.5,395.0,-1.5707963267948966,35.0,6.0
88.0,470.0,-3.141592653589793,33.0,5.0
530.0,526.0,-3.141592653589793,41.0,17.0
