CoordX,CoordY,Orient,HalfLen,HalfWid
479.0,217.5,1.5690711229393306,30.008581370084777,4.9482364691878695
563.0,261.5,-3.141592653589793,33.0,4.0
464.0,306.0,-1.5707963267948966,35.0,4.0
1225.0,357.5,-1.5707963267948966,37.0,13.0
464.5,454.0,-1.5707963267948966,36.0,3.0
621.0,512.0,-1.5707963267948966,31.0,4.0
572.5,711.5,0.0,39.0,9.0
