CoordX,CoordY,Orient,HalfLen,HalfWid
666.0,215.0,-3.141592653589793,41.0,17.0
917.5,490.5,-1.5707963267948966,45.0,5.0
207.5,559.0,-2.2672250071589937,40.32095429111371,6.3419748544061
695.5,711.5,-1.5707963267948966,40.0,5.0
1025.5,731.5,-1.5707963267948966,39.0,10.0
636.0,793.0,-3.141592653589793,45.0,11.0
