CoordX,CoordY,Orient,HalfLen,HalfWid
286.5,113.0,0.0,46.0,10.0
229.50559862187768,197.9646856158484,1.570383730067634,41.002472090454155,6.016503357914072
326.5,766.5,0.0,46.0,18.0
