CoordX,CoordY,Orient,HalfLen,HalfWid
84.0,205.5,-3.141592653589793,27.0,3.0
88.5,388.5,-3.141592653589793,30.0,3.0
288.5,388.5,-3.141592653589793,30.0,3.0
