CoordX,CoordY,Orient,HalfLen,HalfWid
464.0,326.0,0.0,39.0,14.0
356.5,690.5,-1.5707963267948966,37.0,4.0
245.0,796.5,-3.141592653589793,32.0,6.0
409.5,957.5,0.0,46.0,10.0
