CoordX,CoordY,Orient,HalfLen,HalfWid
502.5,171.5,-1.5707963267948966,45.0,5.0
1209.5,137.5,-3.141592653589793,81.0,5.0
1118.5,331.0,-1.5707963267948966,36.0,5.0
1052.0,425.5,0.0,30.0,5.0
330.0,487.5,0.0,58.0,5.0
394.5,652.5,-1.5707963267948966,74.0,5.0
266.5,615.5,-1.5707963267948966,36.0,5.0
1397.5,649.0,-1.5707963267948966,55.0,5.0
1241.5,712.5,-3.141592653589793,39.0,5.0
325.5,855.5,-3.141592653589793,43.0,6.0
334.5,1085.5,-3.141592653589793,46.0,6.0
