CoordX,CoordY,Orient,HalfLen,HalfWid
488.5,415.0,0.0,40.0,13.0
387.5,733.5,-1.5707963267948966,38.0,5.0
616.0,861.0,0.0,53.0,5.0
789.0,861.0,0.0,46.0,5.0
387.5,970.0,-1.5707963267948966,39.0,5.0
239.0,1038.5,0.0,30.0,5.0
492.0,1093.5,-1.5707963267948966,45.0,6.0
394.5,1204.0,0.0,44.0,10.0
