CoordX,CoordY,Orient,HalfLen,HalfWid
451.5,294.5,-3.141592653589793,39.0,17.0
376.0,573.5,-1.5707963267948966,39.0,5.0
259.5,858.0,-3.141592653589793,34.0,5.0
354.0,914.0,-1.5707963267948966,40.0,7.0
460.5,1059.0,-3.141592653589793,44.0,9.0
