CoordX,CoordY,Orient,HalfLen,HalfWid
1148.5,241.5,0.0,39.0,13.0
487.5,243.0,0.0,39.0,13.0
1104.0,531.0,0.0,38.0,4.0
1057.5,683.0,-1.5707963267948966,41.0,4.0
859.0,680.0,-2.425802626239736,35.859887918499886,6.035185002091667
1057.5,910.5,-1.5707963267948966,40.0,4.0
1135.5,962.5,0.0,37.0,4.0
219.0,1078.0,-1.5707963267948966,40.0,5.0
343.5,1149.0,0.0,41.0,10.0
506.5,1144.5,-3.141592653589793,37.0,5.0
