CoordX,CoordY,Orient,HalfLen,HalfWid
169.0,234.0,-3.141592653589793,35.0,15.0
578.0,234.0,-3.141592653589793,40.0,15.0
273.5,455.5,-1.5707963267948966,39.0,5.0
169.0,505.5,-3.141592653589793,49.0,5.0
183.0,707.5,-3.141592653589793,31.0,5.0
654.5,829.5,-1.5707963267948966,40.0,5.0
654.5,963.0,-1.5707963267948966,30.0,5.0
444.0,995.0,1.5707963267948966,39.0,5.0
654.5,1054.5,-1.5707963267948966,39.0,5.0
572.5,1104.5,-3.141592653589793,40.0,5.0
571.5,1235.5,-3.141592653589793,40.0,15.0
