CoordX,CoordY,Orient,HalfLen,HalfWid
555.5,253.5,0.0,37.0,14.0
781.0,699.0,-1.5707963267948966,37.0,4.0
321.0,740.5,-1.5707963267948966,39.0,5.0
548.0,791.0,-3.141592653589793,39.0,5.0
781.0,858.0,-1.5707963267948966,36.0,4.0
828.0,960.5,0.0,31.0,6.0
719.5,1080.0,0.0,44.0,5.0
719.0,1163.0,-3.141592653589793,45.0,13.0
