CoordX,CoordY,Orient,HalfLen,HalfWid
408.5,284.5,-3.141592653589793,39.0,16.0
1135.0,493.0,-3.141592653589793,33.0,5.0
1031.0,675.0,-3.141592653589793,42.0,5.0
1083.0,773.5,-1.5707963267948966,37.0,5.0
1024.0,885.0,0.0,43.0,5.0
240.0,1048.0,0.0,31.0,4.0
348.0,1048.0,0.0,47.0,4.0
352.0,1196.0,0.0,48.0,16.0
420.0,1392.5,-1.5707963267948966,38.0,6.0
