CoordX,CoordY,Orient,HalfLen,HalfWid
991.0,193.5,-1.5707963267948966,29.0,11.0
779.0,239.5,-3.141592653589793,41.0,6.0
209.5,351.0,-1.5707963267948966,41.0,18.0
836.0,352.0,-1.5707963267948966,38.0,9.0
707.0,557.5,0.0,51.0,5.0
710.5,635.0,0.0,52.0,16.0
637.5,768.5,-1.5707963267948966,32.0,10.0
