CoordX,CoordY,Orient,HalfLen,HalfWid
278.0,260.0,-3.141592653589793,44.0,19.0
417.5,509.0,-1.5707963267948966,49.0,12.0
278.0,583.5,0.0,49.0,10.0
680.5,1004.0,-3.141592653589793,46.0,8.0
