CoordX,CoordY,Orient,HalfLen,HalfWid
851.0,149.0,0.0,41.0,14.0
759.0,286.0,-1.5707963267948966,41.0,6.0
709.5,338.0,-3.141592653589793,37.0,6.0
860.5,432.0,-3.141592653589793,41.0,6.0
981.5,490.0,-1.5707963267948966,39.0,6.0
981.5,743.5,-1.5707963267948966,38.0,6.0
705.5,798.0,0.0,40.0,6.0
824.5,798.0,-3.141592653589793,45.0,6.0
981.5,837.0,-1.5707963267948966,30.0,6.0
823.0,935.0,-3.141592653589793,45.0,14.0
