CoordX,CoordY,Orient,HalfLen,HalfWid
325.0,139.5,-3.141592653589793,42.0,15.0
560.0,545.0,0.0,32.0,6.0
451.0,591.0,-1.5707963267948966,34.0,6.0
388.0,660.0,0.0,46.0,6.0
387.5,791.0,0.0,45.0,9.0
240.5,986.5,-3.141592653589793,41.0,7.0
