CoordX,CoordY,Orient,HalfLen,HalfWid
405.5,284.0,-3.141592653589793,43.0,8.0
164.0,740.5,-3.141592653589793,47.0,6.0
302.5,1076.0,-1.5707963267948966,44.0,3.0
366.5,1171.0,-3.141592653589793,49.0,4.0
249.5,1175.0,-3.141592653589793,33.0,4.0
366.5,1328.0,-3.141592653589793,49.0,4.0
