CoordX,CoordY,Orient,HalfLen,HalfWid
839.0,400.5,0.0,33.0,5.0
895.5,452.0,-1.5707963267948966,34.0,5.0
232.0,472.5,-1.5707963267948966,35.0,12.0
895.5,673.5,-1.5707963267948966,26.0,5.0
830.0,805.5,-3.141592653589793,33.0,4.0
830.5,820.0,0.0,32.0,5.0
