CoordX,CoordY,Orient,HalfLen,HalfWid
463.0,679.0,-3.141592653589793,44.0,15.0
819.5,952.0,-1.5707963267948966,45.0,5.0
1027.5,1005.5,-3.141592653589793,34.0,5.0
636.5,1206.5,-1.5707963267948966,42.0,5.0
955.0,1206.0,-1.5707963267948966,39.0,9.0
794.5,1463.5,-1.5707963267948966,43.0,5.0
462.5,1482.5,-1.5707963267948966,42.0,5.0
545.0,1535.5,-3.141592653589793,44.0,5.0
751.0,1535.5,-3.141592653589793,34.0,5.0
545.5,1721.0,-3.141592653589793,43.0,15.0
