CoordX,CoordY,Orient,HalfLen,HalfWid
183.5,417.5,0.0,44.0,4.0
447.3211009174312,417.45871559633025,-3.138548509183982,38.01200048946476,4.112614635440342
505.0,541.0,-1.5707963267948966,19.0,5.0
601.0,572.0,0.0,23.0,4.0
421.5,616.0,-1.5707963267948966,23.0,4.0
96.5,722.0,0.0,18.0,16.0
590.0,722.5,-3.141592653589793,35.0,16.0
