CoordX,CoordY,Orient,HalfLen,HalfWid
301.0,342.0,-3.141592653589793,30.0,6.0
463.0,415.0,0.0,34.0,6.0
540.5,468.5,-1.5707963267948966,38.0,5.0
402.0,473.5,-1.5707963267948966,33.0,5.0
480.0,906.0,0.0,44.0,5.0
481.5,983.5,-3.141592653589793,45.0,13.0
