CoordX,CoordY,Orient,HalfLen,HalfWid
152.0,355.5,-3.141592653589793,43.0,18.0
877.0,414.5,-1.5707963267948966,38.0,6.0
877.0,635.5,-1.5707963267948966,39.0,6.0
814.0,681.0,0.0,43.0,5.0
917.0,681.0,-3.141592653589793,30.0,5.0
866.0,778.5,-1.5707963267948966,41.0,5.0
816.0,1021.0,-3.141592653589793,41.0,6.0
180.0,1088.5,-1.5707963267948966,40.0,6.0
912.5,1172.0,0.0,30.0,3.0
283.5,1341.5,0.0,48.0,18.0
207.0,1491.0,-1.5707963267948966,42.0,13.0
