CoordX,CoordY,Orient,HalfLen,HalfWid
589.0,325.5,0.0,42.0,11.0
463.5,459.0,-1.5707963267948966,41.0,7.0
463.5,827.0,-1.5707963267948966,42.0,7.0
702.5,948.5,-3.141592653589793,36.0,8.0
887.0,948.5,-3.141592653589793,46.0,8.0
657.0,1223.0,-1.5707963267948966,42.0,6.0
