CoordX,CoordY,Orient,HalfLen,HalfWid
568.0,411.0,0.0,42.0,15.0
652.5,758.5,-1.5707963267948966,43.0,5.0
780.5,923.0,-1.5707963267948966,40.0,5.0
511.5,990.5,-1.5707963267948966,43.0,5.0
780.5,1017.5,-1.5707963267948966,39.0,5.0
606.5,1114.5,-3.141592653589793,33.0,5.0
706.0,1114.5,-3.141592653589793,47.0,5.0
826.5,1214.5,0.0,36.0,7.0
704.0,1270.0,-3.141592653589793,45.0,15.0
754.0,1804.5,-1.5707963267948966,43.0,5.0
