CoordX,CoordY,Orient,HalfLen,HalfWid
456.0,526.0,-3.141592653589793,43.0,16.0
592.0,868.5,-1.5707963267948966,43.0,7.0
343.0,1055.0,-3.141592653589793,33.0,7.0
592.0,1126.0,-1.5707963267948966,57.0,7.0
389.0,1192.0,-1.5707963267948966,39.0,7.0
517.0,1271.0,-3.141592653589793,46.0,7.0
518.0,1342.0,-3.141592653589793,46.0,14.0
813.0,1416.5,-1.5707963267948966,42.0,8.0
508.0,1612.0,0.0,71.0,7.0
