CoordX,CoordY,Orient,HalfLen,HalfWid
168.0,353.0,-3.141592653589793,29.0,6.0
250.0,480.0,-1.5707963267948966,25.0,6.0
203.5,525.0,-3.141592653589793,38.0,6.0
296.0,656.0,-1.5707963267948966,38.0,6.0
195.0,732.0,-3.141592653589793,72.0,6.0
