CoordX,CoordY,Orient,HalfLen,HalfWid
341.0,335.5,-3.141592653589793,45.0,18.0
401.0,691.5,-1.5707963267948966,40.0,5.0
558.0,748.0,0.0,62.0,5.0
401.0,993.5,-1.5707963267948966,40.0,5.0
542.0,1096.5,0.0,40.0,7.0
354.5,1276.5,0.0,44.0,18.0
