CoordX,CoordY,Orient,HalfLen,HalfWid
752.5,354.0,0.0,33.0,5.0
614.0,422.5,-1.5707963267948966,39.0,5.0
1335.5,512.5,-1.5707963267948966,36.0,7.0
613.5,527.5,-1.5707963267948966,39.0,5.0
869.5,614.5,-1.5707963267948966,39.0,7.0
561.0,663.0,-1.5707963267948966,29.0,4.0
815.5,748.5,-3.141592653589793,41.0,7.0
