CoordX,CoordY,Orient,HalfLen,HalfWid
488.0,362.0,-1.5707963267948966,59.0,5.0
1182.5,448.5,-1.5707963267948966,44.0,18.0
138.0,466.0,-1.5707963267948966,26.0,2.0
558.0,515.0,-3.141592653589793,42.0,5.0
460.0,588.0,-1.5707963267948966,38.0,5.0
618.5,622.0,-1.5707963267948966,37.0,5.0
460.0,683.0,-1.5707963267948966,38.0,5.0
542.0,862.5,0.0,42.0,12.0
