CoordX,CoordY,Orient,HalfLen,HalfWid
430.0,352.5,-1.5707963267948966,44.0,22.0
1527.5,476.5,-3.141592653589793,37.0,5.0
1626.5,476.5,-3.141592653589793,39.0,5.0
1257.0,516.5,0.0,40.0,16.0
1479.5,627.5,-1.5707963267948966,40.0,5.0
1544.5,726.5,-3.141592653589793,37.0,5.0
719.0,835.0,0.0,38.0,8.0
840.0,876.5,-3.141592653589793,41.0,7.0
1724.5,895.0,0.0,35.0,9.0
1361.0,924.5,0.0,36.0,5.0
1479.5,973.0,-1.5707963267948966,29.0,5.0
776.5,1094.0,0.0,43.0,18.0
