CoordX,CoordY,Orient,HalfLen,HalfWid
358.0,192.0,0.0,37.0,8.0
546.080901856764,369.51458885941645,3.1401861669096465,31.007001768913078,5.042189640981672
412.5,410.5,-1.5707963267948966,31.0,5.0
1076.5,569.5,0.0,32.0,6.0
1001.0,629.5,-1.5707963267948966,35.0,8.0
412.5,628.5,-1.5707963267948966,32.0,5.0
1071.5,682.0,-3.141592653589793,41.0,8.0
1071.5,791.5,0.0,43.0,7.0
