CoordX,CoordY,Orient,HalfLen,HalfWid
407.0,348.5,-3.141592653589793,41.0,6.0
1113.5,539.0,-1.5707963267948966,41.0,5.0
390.0,525.5,0.0,41.0,5.0
650.0,525.5,-3.141592653589793,42.0,5.0
1361.0,592.5,0.0,36.0,5.0
267.0,731.0,-1.5707963267948966,41.0,15.0
487.5,741.0,-1.5707963267948966,41.0,6.0
1113.5,750.5,-1.5707963267948966,40.0,5.0
487.5,965.5,-1.5707963267948966,41.0,6.0
556.0,1030.0,-3.141592653589793,47.0,16.0
