CoordX,CoordY,Orient,HalfLen,HalfWid
318.5,451.0,0.0,37.0,17.0
220.0,995.0,-1.5707963267948966,33.0,6.0
390.5,1039.0,-1.5707963267948966,39.0,5.0
220.0,1114.0,-1.5707963267948966,34.0,6.0
390.5,1135.5,-1.5707963267948966,39.0,5.0
337.0,1296.5,-3.141592653589793,42.0,5.0
172.0,1328.5,0.0,32.0,5.0
336.5,1401.0,-3.141592653589793,42.0,14.0
233.0,1617.0,-1.5707963267948966,38.0,6.0
