CoordX,CoordY,Orient,HalfLen,HalfWid
475.5,100.0,-1.5707963267948966,41.0,14.0
482.0,236.0,-1.5707963267948966,35.0,8.0
482.0,386.5,-1.5707963267948966,29.0,8.0
843.5,488.5,0.0,31.0,2.0
482.0,520.0,-1.5707963267948966,30.0,8.0
590.5,606.0,-1.5707963267948966,39.0,2.0
540.0,657.0,0.0,44.0,11.0
