CoordX,CoordY,Orient,HalfLen,HalfWid
610.5,297.5,0.0,45.0,22.0
895.0,573.0,0.0,43.0,6.0
1019.5,626.5,-1.5707963267948966,40.0,5.0
874.5,682.0,0.0,41.0,7.0
261.0,736.5,-1.5707963267948966,40.0,8.0
671.0,738.0,-1.5707963267948966,40.0,8.0
186.5,864.5,-3.141592653589793,45.0,10.0
