CoordX,CoordY,Orient,HalfLen,HalfWid
517.0,248.5,-3.141592653589793,30.0,4.0
473.5,290.5,-1.5707963267948966,35.0,5.0
1190.5,475.5,-1.5707963267948966,34.0,15.0
584.0,518.0,-1.5707963267948966,25.0,5.0
473.5,531.0,-1.5707963267948966,36.0,5.0
473.5,619.0,-1.5707963267948966,32.0,5.0
240.5,628.0,-1.5707963267948966,32.0,7.0
539.0,752.0,0.0,41.0,15.0
