CoordX,CoordY,Orient,HalfLen,HalfWid
553.5,263.0,0.0,42.0,12.0
656.5,588.0,-1.5707963267948966,41.0,6.0
802.5,752.0,-1.5707963267948966,42.0,6.0
528.0,908.5,-1.5707963267948966,39.0,6.0
898.7885816235504,895.1810883140054,-0.008381916490880466,42.048815531695716,6.33506196541537
742.3336853220696,923.4181626187961,-0.7637159900339294,35.50033292396805,7.025156222082151
643.0,956.5,0.0,48.0,6.0
644.5,1068.0,-3.141592653589793,47.0,12.0
