CoordX,CoordY,Orient,HalfLen,HalfWid
507.0,244.5,-3.141592653589793,38.0,14.0
354.0,615.5,-3.141592653589793,38.0,4.0
499.5,663.5,-1.5707963267948966,39.0,4.0
301.5,660.5,-1.5707963267948966,35.0,4.0
301.5,847.5,-1.5707963267948966,35.0,4.0
197.5,1006.5,0.0,29.0,10.0
439.5,1052.5,-1.5707963267948966,37.0,4.0
538.5,1146.5,-1.5707963267948966,40.0,4.0
362.0,1228.5,-3.141592653589793,44.0,7.0
462.5,1225.0,-3.141592653589793,29.0,4.0
