CoordX,CoordY,Orient,HalfLen,HalfWid
431.5,293.5,-3.141592653589793,41.0,17.0
800.5,293.5,-3.141592653589793,41.0,17.0
778.5,558.5,-3.141592653589793,41.0,5.0
777.0,707.0,0.0,40.0,5.0
365.0,809.5,-1.5707963267948966,41.0,6.0
561.0,923.0,-1.5707963267948966,41.0,6.0
365.0,923.5,-1.5707963267948966,40.0,6.0
437.5,1197.5,-3.141592653589793,46.0,17.0
523.5,1338.5,-1.5707963267948966,46.0,15.0
