CoordX,CoordY,Orient,HalfLen,HalfWid
584.5,278.0,-3.141592653589793,40.0,19.0
480.5,661.5,-1.5707963267948966,38.0,6.0
886.0,698.0,-1.9827971418603902,40.14141501704456,5.627670711604832
390.0,717.5,0.0,35.0,5.0
178.0,787.0,-1.5707963267948966,39.0,19.0
904.5,940.0,-1.5707963267948966,40.0,6.0
480.5,942.0,-1.5707963267948966,40.0,6.0
961.0,1096.0,0.0,40.0,12.0
782.5,1270.0,-3.141592653589793,45.0,19.0
