CoordX,CoordY,Orient,HalfLen,HalfWid
756.5,669.5,-3.141592653589793,42.0,5.0
202.0,702.0,-1.5707963267948966,31.0,10.0
525.5,714.5,-1.5707963267948966,39.0,5.0
858.0,833.5,0.0,47.0,8.0
