CoordX,CoordY,Orient,HalfLen,HalfWid
229.5,326.0,-1.5707963267948966,38.0,11.0
791.5,345.0,-1.5707963267948966,38.0,5.0
1102.0,396.5,0.0,26.0,6.0
791.5,474.0,-1.5707963267948966,27.0,5.0
1098.0,564.5,0.0,26.0,6.0
791.5,674.0,-1.5707963267948966,39.0,5.0
742.5,842.0,-3.141592653589793,37.0,8.0
