CoordX,CoordY,Orient,HalfLen,HalfWid
964.0,171.0,-3.141592653589793,42.0,18.0
1238.0,365.5,0.0,36.0,6.0
558.0,456.5,-1.5707963267948966,82.0,6.0
1185.0,585.5,-3.141592653589793,40.0,6.0
1489.0,626.5,1.5707963267948966,34.0,8.0
1295.0,668.5,-1.5707963267948966,42.0,18.0
455.0,725.5,-1.5707963267948966,38.0,6.0
588.5,828.0,-3.141592653589793,44.0,6.0
690.0,828.0,0.0,34.0,6.0
590.0,994.0,0.0,45.0,18.0
606.0,1185.5,0.0,48.0,6.0
