CoordX,CoordY,Orient,HalfLen,HalfWid
658.5,351.0,-3.141592653589793,30.0,8.0
1225.5,395.0,-1.5707963267948966,41.0,12.0
542.0,415.0,-1.5707963267948966,42.0,4.0
1146.0,469.5,-3.141592653589793,40.0,8.0
542.0,582.0,-1.5707963267948966,40.0,4.0
856.5,584.0,-1.5707963267948966,40.0,4.0
699.0,672.5,-1.5707963267948966,30.0,4.0
593.5,753.5,-3.141592653589793,42.0,7.0
