CoordX,CoordY,Orient,HalfLen,HalfWid
173.47475333720254,235.49448636099825,3.141116947162577,42.99571377693961,9.980019199327469
419.5,735.0,-1.5707963267948966,27.0,4.0
249.5,789.0,-1.5707963267948966,29.0,5.0
199.0,1040.5,-3.141592653589793,41.0,4.0
199.0,1112.5,-3.141592653589793,40.0,6.0
412.5,1203.5,-1.5707963267948966,45.0,4.0
