CoordX,CoordY,Orient,HalfLen,HalfWid
290.5,450.0,0.0,37.0,5.0
199.0,534.5,-1.5707963267948966,31.0,5.0
410.0,547.5,-1.5707963267948966,32.0,5.0
251.0,665.5,0.0,37.0,11.0
