CoordX,CoordY,Orient,HalfLen,HalfWid
668.0,264.5,0.0,44.0,19.0
382.0,554.5,-1.5707963267948966,40.0,7.0
436.5,669.5,-3.141592653589793,40.0,7.0
613.0255885363357,822.7359263050154,0.9044719246556537,36.4489757599664,7.176349249549398
757.5,830.0,-1.5707963267948966,40.0,7.0
827.5,948.5,-3.141592653589793,47.0,11.0
