CoordX,CoordY,Orient,HalfLen,HalfWid
218.5,355.0,-3.141592653589793,38.0,6.0
282.0,454.5,-1.5707963267948966,27.0,6.0
282.0,656.5,-1.5707963267948966,37.0,6.0
282.0,831.0,-1.5707963267948966,44.0,6.0
176.0,930.5,0.0,48.0,13.0
