CoordX,CoordY,Orient,HalfLen,HalfWid
321.0,231.0,0.0,39.0,16.0
648.5,706.5,-1.5688695510624349,29.019213914680975,9.944104976013984
584.0,937.0,-3.141592653589793,47.0,6.0
646.5,993.0,-1.5691817337441427,32.01610421292992,9.948320010273639
504.0,1126.5,-1.5707963267948966,42.0,7.0
644.5,1209.5,-1.5699510296222674,43.008437608383396,9.963648653269189
568.0,1360.5,-3.141592653589793,47.0,7.0
567.0,1468.0,-3.141592653589793,47.0,25.0
