CoordX,CoordY,Orient,HalfLen,HalfWid
432.0,223.5,-3.141592653589793,40.0,10.0
818.5,361.5,-3.141592653589793,39.0,4.0
1150.5,446.0,-1.5707963267948966,47.0,23.0
440.0,534.0,-3.141592653589793,40.0,6.0
265.0,630.0,-1.5707963267948966,40.0,5.0
328.5,746.0,0.0,45.0,10.0
