CoordX,CoordY,Orient,HalfLen,HalfWid
286.0,323.5,0.0,45.0,21.0
620.0,735.5,0.0,38.0,10.0
398.0,796.5,-1.5707963267948966,43.0,4.0
303.5,938.5,-3.141592653589793,44.0,11.0
