CoordX,CoordY,Orient,HalfLen,HalfWid
353.0,209.0,-3.141592653589793,39.0,12.0
583.0,574.0,-3.141592653589793,44.0,4.0
402.5,677.0,-3.141592653589793,29.0,4.0
699.0,733.0,0.0,34.0,4.0
499.5,781.5,-1.5707963267948966,39.0,4.0
654.5,805.5,-1.5707963267948966,34.0,4.0
586.0,849.0,-3.141592653589793,58.0,4.0
584.0,962.0,0.0,59.0,11.0
