CoordX,CoordY,Orient,HalfLen,HalfWid
728.0,639.5,0.0,36.0,9.0
1334.0,677.5,-1.5707963267948966,38.0,12.0
676.0,822.0,-1.5707963267948966,32.0,7.0
676.0,1039.0,-1.5707963267948966,29.0,7.0
737.5,1100.5,0.0,37.0,10.0
