CoordX,CoordY,Orient,HalfLen,HalfWid
643.5,417.0,0.0,47.0,17.0
1790.5,690.5,-1.5707963267948966,41.0,6.0
1020.0,710.0,-1.5707963267948966,42.0,7.0
2113.5,725.5,-1.5707963267948966,43.0,5.0
961.0,773.0,0.0,42.0,7.0
1945.0,793.5,-3.141592653589793,42.0,5.0
642.0,900.5,-1.5707963267948966,41.0,6.0
268.5,943.0,0.0,37.0,7.0
718.0,1129.0,0.0,46.0,16.0
