CoordX,CoordY,Orient,HalfLen,HalfWid
1230.5,171.5,0.0,44.0,18.0
868.0,416.0,-1.5707963267948966,41.0,8.0
426.0,697.5,-3.141592653589793,40.0,4.0
592.0,697.5,-3.141592653589793,42.0,4.0
758.5,697.5,0.0,31.0,4.0
376.5,769.5,-1.5707963267948966,27.0,4.0
1129.5,866.5,0.0,50.0,5.0
596.0,871.5,0.0,45.0,8.0
783.5,924.0,-1.5707963267948966,28.0,4.0
965.0,981.5,-1.5707963267948966,44.0,5.0
832.5,1036.0,0.0,40.0,6.0
