CoordX,CoordY,Orient,HalfLen,HalfWid
586.0,393.0,-3.141592653589793,46.0,22.0
311.5,476.0,-1.5707963267948966,46.0,4.0
311.5,735.0,-1.5707963267948966,45.0,4.0
311.5,975.0,-1.5707963267948966,41.0,4.0
206.0,1091.5,-3.141592653589793,40.0,6.0
406.5,1259.5,0.0,45.0,9.0
