CoordX,CoordY,Orient,HalfLen,HalfWid
291.5,221.0,-1.5707963267948966,63.0,14.0
1259.4684210526316,576.0105263157894,0.0007591249489397627,45.01137390705058,15.032638047639315
1567.0,576.0,-3.141592653589793,46.0,15.0
1686.0,625.0,-1.5707963267948966,48.0,16.0
1574.5,685.0,0.0,37.0,12.0
856.0,732.5,-3.141592653589793,44.0,12.0
1371.0,961.5,0.0,42.0,19.0
