CoordX,CoordY,Orient,HalfLen,HalfWid
579.5,225.0,0.0,27.0,6.0
499.5,226.0,0.0,32.0,5.0
457.5,269.5,-1.5707963267948966,36.0,4.0
1189.5,335.5,-1.5707963267948966,37.0,10.0
457.5,374.5,-1.5707963267948966,36.0,4.0
586.0,616.5,-3.141592653589793,39.0,7.0
