CoordX,CoordY,Orient,HalfLen,HalfWid
684.5,374.5,-3.141592653589793,42.0,15.0
365.0,560.0,-1.5707963267948966,63.0,5.0
747.0,952.5,-1.5707963267948966,42.0,5.0
365.0,972.5,-1.5707963267948966,42.0,5.0
559.0,1087.0,0.0,47.0,5.0
701.5,1087.0,0.0,37.0,5.0
856.5,1088.5,-3.141592653589793,42.0,6.0
554.0,1251.5,-3.141592653589793,47.0,16.0
490.5,1366.5,-1.5707963267948966,42.0,6.0
