CoordX,CoordY,Orient,HalfLen,HalfWid
825.5,385.5,0.0,38.0,5.0
1189.5,385.5,-3.141592653589793,37.0,5.0
257.5,460.0,-1.5707963267948966,37.0,11.0
875.5,561.5,-1.5707963267948966,37.0,5.0
703.0,614.5,-1.5707963267948966,28.0,5.0
1187.5,672.5,-3.141592653589793,36.0,5.0
875.5,715.5,-1.5707963267948966,32.0,5.0
514.5,772.0,-1.5707963267948966,38.0,5.0
816.0,834.0,0.0,38.0,11.0
514.5,886.0,-1.5707963267948966,37.0,5.0
608.0,933.5,0.0,30.0,5.0
