CoordX,CoordY,Orient,HalfLen,HalfWid
981.0,276.5,-3.141592653589793,44.0,24.0
596.5,612.0,-1.5707963267948966,45.0,7.0
596.5,733.5,-1.5707963267948966,44.0,7.0
1088.0,846.5,-2.356734733035325,46.6728608414356,7.045854162270687
757.5,853.0,-1.5707963267948966,38.0,6.0
1199.0,1004.0,-3.141592653589793,46.0,10.0
