CoordX,CoordY,Orient,HalfLen,HalfWid
580.0,462.0,0.0,39.0,6.0
993.5,462.0,0.0,34.0,6.0
1416.0,503.5,-1.5707963267948966,27.0,18.0
866.0,609.0,0.0,35.0,5.0
787.0,744.5,-1.5707963267948966,39.0,6.0
947.5,753.0,-1.5707963267948966,39.0,5.0
874.5,1006.0,-3.141592653589793,38.0,11.0
