CoordX,CoordY,Orient,HalfLen,HalfWid
268.5,572.5,0.0,37.0,4.0
522.0,572.5,-3.141592653589793,34.0,4.0
222.5,666.5,-1.5707963267948966,29.0,4.0
816.5,672.5,0.0,33.0,4.0
271.5,737.5,0.0,39.0,12.0
