CoordX,CoordY,Orient,HalfLen,HalfWid
604.5,281.5,-3.141592653589793,33.0,5.0
1290.5,375.5,-1.5707963267948966,33.0,11.0
405.5,385.0,-1.5707963267948966,33.0,5.0
685.5,386.0,-1.5707963267948966,33.0,6.0
459.0,438.0,0.0,33.0,6.0
269.5,722.5,-3.141592653589793,34.0,6.0
632.5,727.0,0.0,34.0,11.0
