CoordX,CoordY,Orient,HalfLen,HalfWid
420.5,618.5,-3.141592653589793,44.0,16.0
477.0,1178.5,-1.5707963267948966,35.0,5.0
662.0,1268.5,-3.141592653589793,29.0,5.0
332.5,1305.5,-1.5707963267948966,39.0,5.0
477.0,1320.0,1.5707963267948966,39.0,5.0
256.5,1455.5,-3.141592653589793,31.0,5.0
423.5,1536.5,-3.141592653589793,43.0,5.0
419.0,1638.5,0.0,49.0,9.0
293.5,1800.5,-1.5707963267948966,41.0,6.0
