CoordX,CoordY,Orient,HalfLen,HalfWid
1144.5,153.0,-1.5707963267948966,47.0,5.0
443.5,320.5,-3.141592653589793,41.0,13.0
565.5,473.5,0.0,63.0,5.0
1070.5,531.5,-1.5707963267948966,41.0,7.0
698.5,555.5,-1.5707963267948966,41.0,5.0
580.5,683.0,0.0,46.0,10.0
