CoordX,CoordY,Orient,HalfLen,HalfWid
222.5,342.5,-1.5707963267948966,36.0,10.0
768.0,311.0,0.0,34.0,4.0
863.0,361.0,-1.5707963267948966,40.0,4.0
636.0,362.5,-1.5707963267948966,38.0,4.0
1158.0,413.0,0.0,76.0,7.0
636.0,462.5,-1.5707963267948966,38.0,4.0
759.5,780.0,-3.141592653589793,43.0,8.0
