CoordX,CoordY,Orient,HalfLen,HalfWid
945.0,141.0,-1.5707963267948966,35.0,9.0
855.0,326.0,0.0,35.0,9.0
1006.5,384.0,-2.3566348830959107,51.622838283370584,9.215119814297612
768.0,399.0,-1.5707963267948966,52.0,9.0
1065.5,537.0,-1.5707963267948966,36.0,7.0
1524.5,512.5,0.0,36.0,4.0
954.5,619.0,-3.141592653589793,66.0,17.0
