CoordX,CoordY,Orient,HalfLen,HalfWid
367.5,234.0,-1.5707963267948966,42.0,19.0
379.0,377.0,-1.5707963267948966,44.0,8.0
1470.0,460.5,0.0,39.0,4.0
832.0,513.0,-1.5707963267948966,44.0,5.0
532.0,512.0,-1.5707963267948966,41.0,7.0
910.0,644.0,0.0,47.0,8.0
