CoordX,CoordY,Orient,HalfLen,HalfWid
1005.0,381.5,0.0,42.0,7.0
1147.5,452.5,-1.5707963267948966,30.0,7.0
578.0,522.5,-1.5707963267948966,54.0,7.0
1334.5,540.5,-3.141592653589793,29.0,5.0
1331.0,669.5,0.0,33.0,6.0
1147.5,763.0,-1.5707963267948966,37.0,7.0
1540.5,800.5,-3.141592653589793,28.0,6.0
1302.5,824.5,-3.141592653589793,40.0,7.0
