CoordX,CoordY,Orient,HalfLen,HalfWid
555.5,291.5,-3.141592653589793,48.0,23.0
413.0,608.0,-1.5707963267948966,41.0,7.0
1227.0,647.5,-1.5707963267948966,41.0,7.0
413.0,723.5,-1.5707963267948966,40.0,7.0
1014.0,884.5,-1.5707963267948966,40.0,7.0
251.0,880.0,-0.0010109490536491861,40.01109999733789,10.959556423643626
954.0,1055.5,0.0,46.0,12.0
