CoordX,CoordY,Orient,HalfLen,HalfWid
890.5,374.5,0.0,36.0,4.0
254.5,416.5,-1.5707963267948966,39.0,7.0
772.5,431.5,-1.5707963267948966,46.0,4.0
935.5,460.5,-1.5707963267948966,41.0,4.0
935.5,799.5,-1.5707963267948966,41.0,4.0
776.0,925.5,-3.141592653589793,45.0,7.0
