CoordX,CoordY,Orient,HalfLen,HalfWid
454.0,278.0,0.0,42.0,13.0
336.89139072847684,379.08079470198675,2.1626732739866963,37.18505060588643,5.133029941612913
312.5,845.5,-1.5707963267948966,37.0,4.0
261.65602836879435,966.0709219858156,-3.1396647316896726,37.009570841217574,5.071323773910744
412.5,1107.5,-3.141592653589793,41.0,7.0
