CoordX,CoordY,Orient,HalfLen,HalfWid
1588.5,424.0,-3.141592653589793,38.0,8.0
1005.5,494.0,-1.5707963267948966,48.0,15.0
1411.5,556.5,-1.5707963267948966,48.0,10.0
1639.5,561.5,-1.5707963267948966,46.0,10.0
1477.0,634.5,0.0,50.0,16.0
593.0,676.0,1.17214384045398,49.039428772047565,9.88912659487971
1012.0,704.0,-1.5707963267948966,49.0,22.0
393.0,773.0,-0.7853981633974485,41.71930009000631,7.7781745930520305
