CoordX,CoordY,Orient,HalfLen,HalfWid
341.5,79.5,0.0,87.0,21.0
374.5,699.5,-1.5707963267948966,25.0,0.0
365.5,776.0,-1.5707963267948966,44.0,4.0
422.0,846.0,0.0,45.0,10.0
