CoordX,CoordY,Orient,HalfLen,HalfWid
434.0,309.0,0.0,39.0,6.0
383.5,357.5,-1.5707963267948966,37.0,6.0
716.5,434.5,-1.5707963267948966,57.0,6.0
602.0,511.0,0.0,46.0,6.0
383.5,573.0,-1.5707963267948966,35.0,6.0
218.0,579.5,-1.5707963267948966,35.0,6.0
432.5,660.5,0.0,32.0,7.0
601.5,660.5,-3.141592653589793,41.0,7.0
