CoordX,CoordY,Orient,HalfLen,HalfWid
447.0,276.5,-3.141592653589793,40.0,13.0
499.5,470.5,-1.5707963267948966,40.0,4.0
792.5,510.5,-3.141592653589793,30.0,4.0
627.0,770.5,-3.141592653589793,40.0,4.0
745.5,823.0,-1.5707963267948966,36.0,4.0
390.5,889.0,-1.5707963267948966,32.0,4.0
549.5,981.5,-1.5707963267948966,40.0,4.0
390.5,1065.5,-1.5707963267948966,39.0,4.0
444.5,1172.5,0.0,44.0,4.0
444.0,1319.5,-3.141592653589793,45.0,13.0
