CoordX,CoordY,Orient,HalfLen,HalfWid
428.0,287.5,0.0,43.0,12.0
520.5,654.5,-1.5707963267948966,41.0,8.0
276.0,830.5,0.0,37.0,7.0
520.5,874.0,-1.5707963267948966,39.0,8.0
335.0,928.0,-1.5707963267948966,43.0,5.0
520.5,1103.0,-1.5707963267948966,42.0,8.0
268.0,1156.5,-3.141592653589793,51.0,9.0
518.5,1217.5,-1.5707963267948966,46.0,6.0
440.5,1296.0,-3.141592653589793,32.0,6.0
