CoordX,CoordY,Orient,HalfLen,HalfWid
974.5,295.5,-1.5707963267948966,46.0,12.0
1005.0,489.0,-1.5707963267948966,44.0,7.0
765.5,817.0,0.0,38.0,7.0
988.5,896.5,-1.5707963267948966,44.0,9.0
1283.0,940.5,-1.5707963267948966,43.0,5.0
1368.0,1048.5,-3.141592653589793,49.0,8.0
