CoordX,CoordY,Orient,HalfLen,HalfWid
255.5,436.5,-1.5707963267948966,37.0,5.0
367.0,516.5,-3.141592653589793,49.0,11.0
