CoordX,CoordY,Orient,HalfLen,HalfWid
631.0,172.5,-3.141592653589793,46.0,7.0
1211.5,620.5,-3.141592653589793,37.0,7.0
505.5,669.5,-1.5707963267948966,38.0,7.0
1275.5,683.0,-1.5707963267948966,38.0,7.0
1140.5,685.5,-1.5707963267948966,38.0,7.0
1398.5,745.5,-3.141592653589793,34.0,7.0
753.5,795.0,-1.5707963267948966,38.0,7.0
457.0,888.5,-3.141592653589793,34.0,7.0
686.0,1054.5,-3.141592653589793,49.0,7.0
569.5,1162.0,1.5707963267948966,34.0,7.0
