CoordX,CoordY,Orient,HalfLen,HalfWid
696.5,224.0,-1.5707963267948966,30.0,7.0
1558.5,334.0,-1.5707963267948966,42.0,18.0
1150.5,403.0,0.0,43.0,5.0
470.5,405.0,-3.141592653589793,43.0,6.0
567.0,405.0,0.0,34.0,6.0
617.5,569.0,-1.5707963267948966,23.0,2.0
972.5,941.5,-1.5707963267948966,38.0,5.0
972.0,1116.0,-1.5707963267948966,29.0,5.0
1399.5,1283.0,-3.141592653589793,38.0,10.0
981.5,1308.0,0.0,34.0,6.0
981.5,1346.0,0.0,34.0,6.0
