CoordX,CoordY,Orient,HalfLen,HalfWid
856.0,302.0,-1.5707963267948966,42.0,7.0
247.0,358.0,-1.5707963267948966,42.0,7.0
856.0,529.5,-1.5707963267948966,42.0,7.0
525.5,674.0,-1.5707963267948966,41.0,6.0
1005.0,719.5,-1.5707963267948966,32.0,7.0
856.0,722.0,-1.5707963267948966,33.0,7.0
525.5,781.0,-1.5707963267948966,41.0,6.0
758.0,810.0,-3.141592653589793,46.0,7.0
583.0,830.5,0.0,31.0,6.0
