CoordX,CoordY,Orient,HalfLen,HalfWid
793.0,364.5,-1.5707963267948966,37.0,7.0
1181.0,369.0,-1.5707963267948966,38.0,7.0
655.0,423.0,0.0,38.0,7.0
879.0,423.0,0.0,78.0,7.0
793.0,596.0,-1.5707963267948966,38.0,7.0
959.5,750.5,-1.5707963267948966,32.0,7.0
792.5,759.0,-1.5707963267948966,37.0,7.0
853.5,1070.0,0.0,42.0,7.0
