CoordX,CoordY,Orient,HalfLen,HalfWid
324.0,269.0,-3.141592653589793,42.0,9.0
382.0,400.5,-1.5707963267948966,39.0,8.0
431.5,669.0,0.0,35.0,6.0
479.0,785.5,-1.5707963267948966,35.0,6.0
324.0,835.5,-3.141592653589793,44.0,8.0
