CoordX,CoordY,Orient,HalfLen,HalfWid
612.5,540.0,-1.5707963267948966,39.0,6.0
403.0,650.5,-3.141592653589793,66.0,6.0
544.0,654.5,-3.141592653589793,52.0,7.0
665.5,656.0,0.0,40.0,6.0
769.5,731.0,-1.5707963267948966,25.0,5.0
769.5,786.0,-1.5707963267948966,26.0,5.0
769.5,841.0,-1.5707963267948966,25.0,5.0
743.5,960.5,-1.5707963267948966,41.0,6.0
647.0,1068.5,0.0,47.0,10.0
