CoordX,CoordY,Orient,HalfLen,HalfWid
657.5,367.0,-3.141592653589793,39.0,16.0
538.0,645.0,-1.5707963267948966,46.0,6.0
458.0,697.0,0.0,32.0,5.0
336.5,857.5,0.0,40.0,6.0
499.5,929.5,-1.5707963267948966,44.0,6.0
590.5,1059.0,0.0,46.0,12.0
