CoordX,CoordY,Orient,HalfLen,HalfWid
1363.5,628.0,0.0,41.0,24.0
686.5,713.5,-1.5707963267948966,61.0,5.0
1686.0,864.0,-1.5707963267948966,43.0,24.0
686.5,1141.0,-1.5707963267948966,37.0,5.0
941.5,1164.0,-1.5707963267948966,43.0,5.0
844.5,1256.0,0.0,43.0,9.0
986.0,1303.5,0.0,37.0,4.0
