CoordX,CoordY,Orient,HalfLen,HalfWid
809.5,226.0,-1.5707963267948966,40.0,4.0
226.0,272.5,-1.5707963267948966,38.0,20.0
303.5,345.5,0.0,45.0,4.0
879.0,345.5,-3.141592653589793,40.0,4.0
879.0,721.5,0.0,45.0,8.0
