CoordX,CoordY,Orient,HalfLen,HalfWid
106.5,196.5,0.0,32.0,10.0
177.5,842.5,-3.141592653589793,32.0,5.0
237.5,882.5,-1.5707963267948966,22.0,5.0
237.5,1091.0,-1.5707963267948966,24.0,5.0
175.0,1153.5,0.0,33.0,10.0
