CoordX,CoordY,Orient,HalfLen,HalfWid
363.0,308.5,-3.141592653589793,41.0,16.0
249.5,389.0,-1.5707963267948966,42.0,6.0
597.0,393.5,-1.5707963267948966,42.0,5.0
207.0,675.5,-3.141592653589793,30.0,6.0
487.5,696.0,0.0,35.0,5.0
422.0,761.5,-1.5707963267948966,42.0,5.0
630.5,849.5,2.343220071656327,42.496228320807575,5.105935615124097
422.0,938.5,-1.5707963267948966,41.0,5.0
475.5,1050.0,-3.141592653589793,39.0,5.0
481.5,1227.5,-3.141592653589793,44.0,16.0
