CoordX,CoordY,Orient,HalfLen,HalfWid
863.0,182.5,-3.141592653589793,40.0,12.0
501.0,516.0,0.0,37.0,4.0
711.0,516.0,-3.141592653589793,35.0,4.0
394.5,562.5,-1.5707963267948966,37.0,8.0
761.5,563.5,-1.5707963267948966,37.0,8.0
449.0,668.5,-3.141592653589793,40.0,8.0
