CoordX,CoordY,Orient,HalfLen,HalfWid
944.0,618.0,-3.141592653589793,41.0,6.0
1056.0,618.0,-3.141592653589793,41.0,6.0
1606.0,689.5,-1.5707963267948966,44.0,16.0
409.0,750.0,-1.5707963267948966,46.0,14.0
1176.0,752.0,-1.5707963267948966,43.0,6.0
934.5,811.0,0.0,46.0,7.0
2130.5,808.0,-3.141592653589793,42.0,4.0
992.5,952.0,-1.5707963267948966,42.0,4.0
1176.0,986.5,-1.5707963267948966,40.0,6.0
935.5,1056.0,-3.141592653589793,48.0,14.0
