CoordX,CoordY,Orient,HalfLen,HalfWid
359.0,170.5,-1.5707963267948966,45.0,5.0
218.5,449.5,-3.141592653589793,33.0,5.0
169.5,611.0,-3.141592653589793,44.0,8.0
