CoordX,CoordY,Orient,HalfLen,HalfWid
629.5,307.5,0.0,32.0,4.0
728.5,373.5,-1.5707963267948966,55.0,4.0
1249.0,373.5,-1.5707963267948966,42.0,12.0
525.0,390.0,-1.5707963267948966,41.0,5.0
525.0,559.0,-1.5707963267948966,40.0,5.0
581.0,830.0,0.0,45.0,8.0
