CoordX,CoordY,Orient,HalfLen,HalfWid
1038.5,375.5,-1.5707963267948966,32.0,5.0
1260.0,490.5,-1.5707963267948966,37.0,11.0
536.5,760.0,-1.5707963267948966,33.0,5.0
594.5,839.0,-3.141592653589793,37.0,11.0
