CoordX,CoordY,Orient,HalfLen,HalfWid
354.0,238.5,0.0,42.0,14.0
440.5,595.0,-2.1078450982187804,39.93755459117236,7.411781679585096
639.0,646.0,0.0,26.0,7.0
467.0,831.0,-1.5707963267948966,39.0,7.0
467.0,997.5,-1.5707963267948966,40.0,7.0
556.0,1088.5,-0.7835628624290291,25.463587769081016,4.195914432672312
407.0,1106.5,-3.141592653589793,44.0,7.0
406.0,1286.5,0.0,42.0,13.0
