CoordX,CoordY,Orient,HalfLen,HalfWid
1033.5,265.5,-3.141592653589793,56.0,7.0
1089.5,748.0,-1.5707963267948966,38.0,7.0
1389.5,802.5,-3.141592653589793,42.0,7.0
933.5,932.0,-1.5707963267948966,38.0,7.0
1089.5,994.5,-1.5707963267948966,37.0,7.0
1013.0,1213.5,-3.141592653589793,57.0,7.0
850.5,1280.0,-1.5707963267948966,47.0,7.0
