CoordX,CoordY,Orient,HalfLen,HalfWid
1948.0,364.0,0.0,47.0,13.0
1700.0,373.0,0.0,42.0,4.0
1238.0,484.0,0.0,41.0,5.0
551.5,563.0,-3.141592653589793,41.0,5.0
427.5,611.5,-1.5707963267948966,32.0,5.0
1389.5,654.0,0.0,42.0,5.0
1612.0,654.0,0.0,45.0,5.0
1443.5,712.5,-1.5707963267948966,41.0,5.0
551.5,708.0,0.0,42.0,5.0
718.0,1030.5,0.0,43.0,14.0
1341.0,1030.5,0.0,47.0,14.0
1644.5,1030.5,0.0,42.0,14.0
