CoordX,CoordY,Orient,HalfLen,HalfWid
735.0,202.5,0.0,37.0,12.0
336.0,792.0,-1.5707963267948966,29.0,5.0
825.0,888.5,-1.5707963267948966,28.0,5.0
389.0,880.0,-3.141592653589793,29.0,5.0
707.0,985.5,-1.5707963267948966,29.0,5.0
825.0,1052.5,-1.5707963267948966,28.0,5.0
872.5,1120.0,0.0,28.0,5.0
765.5,1291.5,0.0,32.0,10.0
