CoordX,CoordY,Orient,HalfLen,HalfWid
888.5,319.5,0.0,32.0,6.0
1046.5,319.5,0.0,32.0,6.0
241.5,385.5,-1.5707963267948966,40.0,6.0
841.5,409.5,-1.5707963267948966,41.0,6.0
1118.5,416.0,-1.5707963267948966,41.0,6.0
1002.5,524.0,-1.5707963267948966,37.0,6.0
898.5,813.5,-3.141592653589793,41.0,6.0
