CoordX,CoordY,Orient,HalfLen,HalfWid
702.0,325.0,-1.5707963267948966,41.0,5.0
504.0,327.0,-1.5707963267948966,40.0,6.0
1067.5,359.0,-1.5707963267948966,41.0,12.0
587.5,382.5,-3.141592653589793,41.0,4.0
299.0,433.5,-1.5707963267948966,31.0,9.0
389.5,845.5,-1.5707963267948966,75.0,5.0
1061.5,956.5,-1.5707963267948966,42.0,12.0
450.0,1011.0,0.0,46.0,6.0
642.0,1011.0,0.0,43.0,6.0
457.0,1178.5,-3.141592653589793,46.0,16.0
563.5,1304.0,-1.5707963267948966,42.0,7.0
