CoordX,CoordY,Orient,HalfLen,HalfWid
222.5,464.0,-1.5707963267948966,46.0,17.0
703.0,689.5,-3.141592653589793,41.0,4.0
616.0,903.5,-3.141592653589793,42.0,9.0
807.0,904.5,-3.141592653589793,48.0,10.0
336.5,1072.0,0.0,40.0,6.0
