CoordX,CoordY,Orient,HalfLen,HalfWid
861.0,661.5,-3.141592653589793,34.0,5.0
704.0412168792934,772.4946025515211,-3.1412073718752285,42.00192329124321,5.015796178801355
880.0,975.5,-3.141592653589793,40.0,5.0
883.5,1107.5,-3.141592653589793,42.0,5.0
891.0,1262.0,-3.141592653589793,40.0,15.0
871.1895845523698,1659.650087770626,0.168826307750226,66.93230545504723,7.146549709574165
