CoordX,CoordY,Orient,HalfLen,HalfWid
805.0,313.0,-3.141592653589793,34.0,7.0
602.5,562.0,0.0,39.0,11.0
779.5,562.0,-3.141592653589793,38.0,11.0
