CoordX,CoordY,Orient,HalfLen,HalfWid
606.0,254.5,-3.141592653589793,44.0,21.0
874.5,519.5,0.0,40.0,4.0
997.0,570.0,-1.5707963267948966,41.0,5.0
858.5,624.0,0.0,40.0,6.0
268.0,676.0,-1.5707963267948966,41.0,8.0
662.0,678.0,-1.5707963267948966,41.0,10.0
200.0,799.5,-3.141592653589793,46.0,9.0
