CoordX,CoordY,Orient,HalfLen,HalfWid
941.0,268.0,0.0,33.0,6.0
1004.0,325.5,-1.5707963267948966,41.0,6.0
213.0,374.5,-1.5707963267948966,44.0,8.0
946.0,442.0,0.0,45.0,8.0
