CoordX,CoordY,Orient,HalfLen,HalfWid
801.5,323.5,0.0,45.0,20.0
449.5,617.5,-1.5707963267948966,46.0,5.0
449.5,744.5,-1.5707963267948966,45.0,5.0
268.0,1107.5,-1.5707963267948966,40.0,6.0
613.0,1123.0,-1.5707963267948966,46.0,7.0
770.5,1255.5,0.0,45.0,11.0
