CoordX,CoordY,Orient,HalfLen,HalfWid
512.0,581.0,-2.180806614974585,41.05271369141937,12.97305900565441
320.0,881.5,-1.5707963267948966,31.0,5.0
320.0,1104.5,-1.5707963267948966,40.0,5.0
496.5,1196.5,-1.5707963267948966,40.0,5.0
436.5,1323.0,0.0,43.0,5.0
276.0,1351.5,0.0,32.0,5.0
437.0,1458.5,-3.141592653589793,45.0,13.0
301.5,1941.5,-1.5707963267948966,44.0,5.0
