CoordX,CoordY,Orient,HalfLen,HalfWid
1091.0,286.0,1.5707963267948966,39.0,5.0
302.0,407.5,-1.5707963267948966,42.0,8.0
1091.0,449.5,-1.5707963267948966,39.0,5.0
1314.0,475.0,-1.5707963267948966,40.0,5.0
1147.0,636.5,-1.5707963267948966,38.0,5.0
1010.0,846.0,0.0,44.0,9.0
