CoordX,CoordY,Orient,HalfLen,HalfWid
313.0,208.5,-1.5707963267948966,46.0,13.0
549.0,244.5,-1.5707963267948966,79.0,5.0
1113.5,294.5,-3.141592653589793,39.0,4.0
1100.5,469.5,0.0,45.0,9.0
