CoordX,CoordY,Orient,HalfLen,HalfWid
640.0,263.0,-3.141592653589793,44.0,8.0
1394.5,263.5,-3.141592653589793,42.0,7.0
1520.5,637.5,-3.141592653589793,42.0,7.0
820.5,722.5,-1.5707963267948966,42.0,7.0
1577.0,748.5,-1.5707963267948966,36.0,7.0
1388.5,842.5,0.0,43.0,7.0
1507.0,842.5,0.0,43.0,7.0
820.5,886.0,-1.5707963267948966,45.0,7.0
635.5,899.5,-1.5707963267948966,43.0,7.0
880.0,1016.5,-3.141592653589793,44.0,7.0
756.5,1052.5,0.0,48.0,7.0
757.5,1190.5,-3.141592653589793,49.0,8.0
