CoordX,CoordY,Orient,HalfLen,HalfWid
485.25807663410967,125.74229902329076,0.7854130798375053,33.23373392914074,19.799475056752783
765.5,789.5,-1.5707963267948966,31.0,5.0
714.5,1007.5,-3.141592653589793,33.0,11.0
