CoordX,CoordY,Orient,HalfLen,HalfWid
629.5,232.5,-1.5707963267948966,31.0,3.0
1327.0,405.0,-1.5707963267948966,40.0,12.0
687.0,408.0,-0.23611635592561603,32.71308142778323,3.5966971960494525
629.5,479.0,-1.5707963267948966,40.0,3.0
1156.450194049159,547.7373868046571,1.5751375111367842,32.02140431990135,5.134529177266382
785.5,550.5,-1.5707963267948966,31.0,3.0
629.5,580.5,-1.5707963267948966,40.0,3.0
706.0,861.0,0.0,40.0,9.0
