CoordX,CoordY,Orient,HalfLen,HalfWid
793.5,98.0,0.0,41.0,12.0
338.0,203.5,-1.5707963267948966,27.0,6.0
534.0,205.5,-1.5707963267948966,29.0,6.0
805.0,243.0,0.0,33.0,6.0
338.0,471.5,-1.5707963267948966,42.0,6.0
332.0,634.5,-1.5707963267948966,42.0,12.0
