CoordX,CoordY,Orient,HalfLen,HalfWid
866.5,337.0,-1.5707963267948966,32.0,7.0
1024.5,492.0,0.0,146.0,14.0
1475.5,840.0,-1.5707963267948966,47.0,5.0
1039.0,896.0,0.0,46.0,6.0
1253.0,999.5,-1.5707963267948966,40.0,6.0
1647.5,1073.5,-3.141592653589793,40.0,9.0
1475.5,1132.5,-1.5707963267948966,46.0,5.0
1093.0,1161.0,-1.5707963267948966,52.0,6.0
1253.0,1166.5,-1.5707963267948966,40.0,6.0
1405.5,1301.0,-3.141592653589793,47.0,12.0
