CoordX,CoordY,Orient,HalfLen,HalfWid
458.0,222.5,0.0,44.0,19.0
401.5,754.5,-1.5707963267948966,39.0,8.0
473.5,829.5,-3.141592653589793,45.0,10.0
