CoordX,CoordY,Orient,HalfLen,HalfWid
1612.0,405.0,-3.141592653589793,34.0,7.0
509.5,425.0,0.0,39.0,6.0
686.5,425.0,0.0,40.0,6.0
452.0,488.0,-1.5707963267948966,43.0,6.0
795.0,545.0,-1.5707963267948966,42.0,6.0
1324.0,560.0,-3.141592653589793,46.0,7.0
1599.5,560.0,0.0,46.0,7.0
879.5,615.0,0.0,48.0,6.0
