CoordX,CoordY,Orient,HalfLen,HalfWid
335.0,160.0,-3.141592653589793,39.0,13.0
439.0,250.5,-1.5707963267948966,32.0,9.0
581.0,514.5,0.0,35.0,3.0
439.0,567.5,-1.5707963267948966,42.0,9.0
740.0,566.0,-1.5707963267948966,40.0,9.0
493.0,679.5,0.0,40.0,7.0
