CoordX,CoordY,Orient,HalfLen,HalfWid
425.0,625.0,-3.141592653589793,42.0,8.0
529.5,625.0,-3.141592653589793,41.0,8.0
374.5,672.5,-1.5707963267948966,33.0,5.0
639.0,682.0,-1.5707963267948966,42.0,5.0
1074.0,716.0,-1.5707963267948966,41.0,14.0
374.5,868.0,-1.5707963267948966,39.0,5.0
374.5,1056.0,-1.5707963267948966,35.0,5.0
458.0,1144.5,-3.141592653589793,47.0,7.0
