CoordX,CoordY,Orient,HalfLen,HalfWid
145.0,364.0,-1.5707963267948966,38.0,13.0
554.0,368.0,-1.5707963267948966,39.0,6.0
612.5,417.0,0.0,51.0,6.0
554.0,469.0,-1.5707963267948966,25.0,6.0
677.0,527.5,-1.5707963267948966,33.0,6.0
630.5,647.0,-3.141592653589793,36.0,12.0
