CoordX,CoordY,Orient,HalfLen,HalfWid
1082.0,480.0,-1.5707963267948966,72.0,11.0
1546.0,506.0,-1.5707963267948966,38.0,11.0
1900.0,558.0,0.0,21.0,5.0
1452.0,705.0,-1.5707963267948966,41.0,11.0
1206.5,771.5,0.0,39.0,9.0
1383.0,771.5,0.0,41.0,9.0
965.0,964.5,-1.5707963267948966,37.0,11.0
1693.5,1059.0,-3.141592653589793,45.0,11.0
882.5,1076.0,-3.141592653589793,44.0,11.0
