CoordX,CoordY,Orient,HalfLen,HalfWid
413.0,420.5,-1.5707963267948966,38.0,6.0
126.0,518.0,0.0,44.0,6.0
542.5,518.0,-3.141592653589793,38.0,6.0
660.0,640.5,-1.5707963267948966,34.0,10.0
280.0,665.0,0.0,35.0,5.0
132.0,678.5,-3.141592653589793,40.0,8.0
