CoordX,CoordY,Orient,HalfLen,HalfWid
938.0,453.0,-1.5707963267948966,52.0,10.0
336.5,866.5,-1.5707963267948966,42.0,9.0
710.5,868.0,-1.5707963267948966,38.0,4.0
219.0,996.0,3.14093159952566,49.004616671796654,6.967606823743008
