CoordX,CoordY,Orient,HalfLen,HalfWid
561.5,207.0,-1.5707963267948966,34.0,6.0
426.5,304.5,-1.5707963267948966,41.0,6.0
561.5,306.5,-1.5707963267948966,40.0,6.0
426.5,411.0,-1.5707963267948966,41.0,6.0
1153.0,470.5,-1.5707963267948966,40.0,14.0
426.5,783.5,-1.5707963267948966,40.0,6.0
426.5,873.0,-1.5707963267948966,26.0,6.0
492.0,957.0,-3.141592653589793,42.0,8.0
