CoordX,CoordY,Orient,HalfLen,HalfWid
156.5,217.0,-3.141592653589793,42.0,19.0
247.0,750.5,-1.5707963267948966,45.0,5.0
247.0,922.5,-1.5707963267948966,41.0,5.0
157.5,977.0,0.0,47.0,6.0
159.0,1099.5,0.0,47.0,19.0
