CoordX,CoordY,Orient,HalfLen,HalfWid
627.0,326.5,0.0,44.0,18.0
957.5,761.0,0.0,31.0,4.0
802.0,827.5,-3.141592653589793,41.0,4.0
572.0,887.0,-1.5707963267948966,41.0,5.0
918.0,928.0,-1.5707963267948966,33.0,4.0
572.0,983.5,-1.5707963267948966,39.0,5.0
644.0,1029.0,0.0,31.0,5.0
852.5,1220.5,-3.141592653589793,40.0,7.0
