CoordX,CoordY,Orient,HalfLen,HalfWid
165.5,693.0,-3.141592653589793,45.0,6.0
247.0,894.0,-3.141592653589793,62.0,6.0
