CoordX,CoordY,Orient,HalfLen,HalfWid
1153.5,338.5,-1.5707963267948966,32.0,4.0
399.5,405.5,-3.141592653589793,34.0,5.0
341.5,449.0,-1.5707963267948966,32.0,5.0
810.5,455.0,-1.5707963267948966,34.0,5.0
433.5,495.5,-3.141592653589793,33.0,5.0
565.0,614.5,0.0,33.0,5.0
708.0,614.5,-3.141592653589793,25.0,5.0
566.0,735.0,0.0,31.0,5.0
