CoordX,CoordY,Orient,HalfLen,HalfWid
509.5,257.0,-3.141592653589793,40.0,15.0
1924.5,745.0,-3.141592653589793,40.0,15.0
688.5,746.0,0.0,38.0,7.0
1101.0,746.0,0.0,40.0,7.0
1397.0,829.0,-1.5707963267948966,40.0,7.0
1545.0,833.0,-1.5707963267948966,40.0,15.0
647.0,901.0,0.0,40.0,7.0
877.0,901.0,0.0,40.0,7.0
1930.5,1027.5,-3.141592653589793,39.0,8.0
1039.0,1142.0,-1.5707963267948966,42.0,7.0
1469.0,1306.0,-3.141592653589793,39.0,15.0
