CoordX,CoordY,Orient,HalfLen,HalfWid
427.0,354.0,-1.5707963267948966,41.0,13.0
547.7171814671815,695.9864864864865,0.7785279747084116,42.38654227233502,6.798857484616526
434.5,722.0,-1.5707963267948966,41.0,5.0
434.5,964.0,-1.5707963267948966,50.0,5.0
689.5,945.5,-3.141592653589793,30.0,8.0
585.5,1019.0,-1.5707963267948966,43.0,5.0
496.0,1097.5,-3.141592653589793,43.0,5.0
492.5,1189.0,-3.141592653589793,44.0,12.0
631.0,1369.0,-1.5707963267948966,40.0,7.0
