CoordX,CoordY,Orient,HalfLen,HalfWid
508.5,404.5,-1.5707963267948966,38.0,6.0
181.0,454.5,0.0,36.0,6.0
372.0,503.5,-1.5707963267948966,36.0,5.0
508.5,512.5,-1.5707963267948966,39.0,6.0
569.5,574.0,-3.141592653589793,41.0,6.0
508.0,1122.0,-1.5707963267948966,39.0,6.0
1130.5,1147.0,-1.5707963267948966,47.0,14.0
309.0,1301.0,-1.5707963267948966,30.0,6.0
508.0,1398.0,-1.5707963267948966,40.0,6.0
190.0,1528.5,0.0,48.0,14.0
570.0,1528.5,0.0,49.0,14.0
