CoordX,CoordY,Orient,HalfLen,HalfWid
820.5,378.0,-3.141592653589793,37.0,15.0
388.5,822.0,-3.141592653589793,38.0,5.0
338.0,922.5,-1.5707963267948966,38.0,5.0
861.0,992.0,-1.5707963267948966,40.0,5.0
521.5,974.0,-3.141592653589793,39.0,5.0
682.0,1177.0,0.0,38.0,5.0
796.0,1177.0,0.0,44.0,5.0
238.5,1180.5,0.0,38.0,6.0
797.5,1350.0,0.0,43.0,16.0
