CoordX,CoordY,Orient,HalfLen,HalfWid
887.5,365.5,-3.141592653589793,35.0,7.0
787.5,418.0,-1.5707963267948966,43.0,7.0
992.5,423.5,-1.5707963267948966,38.0,7.0
858.0,477.5,-3.141592653589793,62.0,7.0
274.5,555.0,-1.5707963267948966,45.0,7.0
787.5,558.0,-1.5707963267948966,41.0,7.0
857.0,849.5,-3.141592653589793,45.0,7.0
