CoordX,CoordY,Orient,HalfLen,HalfWid
297.0,305.5,-3.141592653589793,41.0,16.0
654.0,305.5,-3.141592653589793,41.0,16.0
352.5,508.5,-1.5707963267948966,45.0,5.0
304.0,687.5,-3.141592653589793,40.0,5.0
300.0,825.5,-3.141592653589793,40.0,6.0
545.0,931.0,-1.5707963267948966,40.0,6.0
811.5,922.0,0.0,30.0,5.0
545.0,1043.5,-1.5707963267948966,45.0,6.0
726.5,1094.5,-1.5707963267948966,45.0,5.0
609.5,1285.5,0.0,45.0,16.0
691.0,1408.5,-1.5707963267948966,46.0,7.0
