CoordX,CoordY,Orient,HalfLen,HalfWid
630.0,197.0,-1.5707963267948966,83.0,5.0
398.5,265.5,-1.5707963267948966,36.0,6.0
502.0,509.0,0.0,36.0,6.0
348.0,510.0,0.0,39.0,6.0
231.63152709359605,581.9783251231527,2.1324091496914868,42.31001433665218,6.419053077296789
630.0,589.5,-1.5707963267948966,39.0,5.0
261.0,725.0,0.0,45.0,8.0
