CoordX,CoordY,Orient,HalfLen,HalfWid
548.0,431.0,0.0,36.0,6.0
671.0,431.0,0.0,32.0,6.0
432.5,480.5,-1.5707963267948966,39.0,5.0
1215.5,533.0,-1.5707963267948966,41.0,15.0
482.0,528.0,0.0,39.0,6.0
706.0,697.0,-1.5707963267948966,38.0,6.0
795.5,747.0,0.0,31.0,6.0
649.0,829.0,-3.141592653589793,45.0,15.0
