CoordX,CoordY,Orient,HalfLen,HalfWid
1473.0,188.5,0.0,38.0,6.0
185.5,247.0,-1.5707963267948966,40.0,16.0
717.5,255.0,-3.141592653589793,32.0,6.0
1393.5,444.0,-1.5707963267948966,43.0,15.0
546.0,521.0,-3.141592653589793,42.0,8.0
724.5,521.0,-3.141592653589793,42.0,8.0
487.5,592.0,-1.5707963267948966,43.0,5.0
746.5,676.5,-3.141592653589793,42.0,5.0
556.0,931.0,0.0,48.0,9.0
