CoordX,CoordY,Orient,HalfLen,HalfWid
1283.5,182.0,0.0,36.0,6.0
559.0,243.5,-3.141592653589793,31.0,5.0
1211.0,429.0,-1.5707963267948966,42.0,15.0
396.5,500.0,0.0,40.0,9.0
567.0,500.0,0.0,40.0,9.0
1283.5,511.0,0.0,36.0,6.0
338.0,570.0,-1.5707963267948966,40.0,6.0
589.0,653.0,-3.141592653589793,40.0,6.0
404.5,898.5,0.0,46.0,8.0
