CoordX,CoordY,Orient,HalfLen,HalfWid
416.5,278.5,-1.5707963267948966,36.0,8.0
65.5,401.5,0.0,33.0,3.0
416.5,452.0,-1.5707963267948966,41.0,8.0
333.0,573.5,-3.141592653589793,45.0,9.0
