CoordX,CoordY,Orient,HalfLen,HalfWid
658.5,764.0,-1.5707963267948966,35.0,8.0
577.0,875.0,-3.141592653589793,40.0,13.0
