CoordX,CoordY,Orient,HalfLen,HalfWid
698.0,167.0,-1.5707963267948966,30.0,5.0
859.0,168.5,-1.5707963267948966,29.0,5.0
775.0,368.0,0.0,34.0,5.0
859.0,429.5,-1.5707963267948966,39.0,5.0
858.8250904704463,571.3570566948131,-1.5798278831134263,39.03453514927204,5.0901104142274365
700.5,681.5,-1.5707963267948966,35.0,5.0
780.5,730.0,-3.141592653589793,39.0,9.0
