CoordX,CoordY,Orient,HalfLen,HalfWid
816.5,394.0,-3.141592653589793,42.0,20.0
888.0,499.5,-1.5707963267948966,43.0,6.0
277.5,551.0,-3.141592653589793,44.0,6.0
1050.0,633.0,-1.5707963267948966,25.0,6.0
888.0,643.5,-1.5707963267948966,32.0,6.0
219.0,659.5,-1.5707963267948966,30.0,6.0
335.0,696.5,-1.5707963267948966,42.0,6.0
1050.0,760.0,-1.5707963267948966,40.0,6.0
436.0,1058.5,-3.141592653589793,42.0,9.0
822.5,1312.5,0.0,44.0,14.0
