CoordX,CoordY,Orient,HalfLen,HalfWid
710.5,237.0,-1.5707963267948966,40.0,8.0
790.0,457.5,-1.5707963267948966,35.0,6.0
1465.5,594.5,-3.141592653589793,35.0,5.0
528.0,610.0,0.0,46.0,6.0
148.0,686.5,-1.5707963267948966,46.0,17.0
841.5,653.0,0.0,35.0,6.0
596.5,706.0,-1.5707963267948966,46.0,6.0
472.5,778.0,0.0,37.0,19.0
1374.0,788.5,0.0,48.0,8.0
299.5,854.5,-1.5707963267948966,39.0,8.0
1390.5,974.0,-3.141592653589793,44.0,8.0
