CoordX,CoordY,Orient,HalfLen,HalfWid
557.0,85.0,-3.141592653589793,39.0,15.0
169.53779429987608,262.9913258983891,3.1407318541176883,30.00515368155952,6.0258217580469395
207.0,561.0,0.0,36.0,5.0
368.5,561.0,0.0,35.0,5.0
160.0,609.0,-1.5707963267948966,35.0,5.0
312.0,682.5,-3.141592653589793,40.0,5.0
757.5,683.0,0.0,32.0,5.0
591.0,732.0,-1.5707963267948966,38.0,5.0
526.0,912.0,0.0,46.0,5.0
525.0,1047.5,0.0,45.0,11.0
456.0,1153.5,-1.5707963267948966,46.0,5.0
