CoordX,CoordY,Orient,HalfLen,HalfWid
414.5,143.5,-1.5707963267948966,30.0,5.0
686.5,177.0,-1.5707963267948966,31.0,5.0
511.5,218.5,-3.141592653589793,34.0,5.0
558.0,326.5,-1.5707963267948966,39.0,7.0
501.5,426.5,-3.141592653589793,42.0,5.0
498.0,583.5,0.0,44.0,17.0
