CoordX,CoordY,Orient,HalfLen,HalfWid
310.0,81.5,0.0,41.0,10.0
248.0,664.5,-1.5707963267948966,42.0,5.0
306.0,780.5,-3.141592653589793,47.0,9.0
