CoordX,CoordY,Orient,HalfLen,HalfWid
931.5,370.5,-3.141592653589793,29.0,5.0
1031.5,370.5,-3.141592653589793,29.0,5.0
844.5,422.0,-1.5707963267948966,41.0,5.0
261.0,425.0,-1.5707963267948966,37.0,9.0
1147.5,427.0,-1.5707963267948966,38.0,5.0
1095.0,477.0,0.0,38.0,8.0
904.5,754.0,-3.141592653589793,43.0,8.0
