CoordX,CoordY,Orient,HalfLen,HalfWid
1133.0,458.0,-1.5707963267948966,57.0,17.0
615.0,459.5,-1.5707963267948966,57.0,23.0
1223.5,622.5,0.0,42.0,4.0
1306.5,720.0,-1.5707963267948966,36.0,5.0
1046.5,785.0,0.0,43.0,25.0
1235.5,785.0,0.0,62.0,25.0
1497.5,785.0,0.0,35.0,25.0
1545.5,951.5,-1.5707963267948966,38.0,9.0
880.5,1005.0,0.0,43.0,11.0
1460.0,1080.5,-3.141592653589793,41.0,17.0
1266.5,1264.5,0.0,42.0,4.0
1462.0,1264.5,0.0,43.0,4.0
1607.0,1264.5,-3.141592653589793,35.0,4.0
