CoordX,CoordY,Orient,HalfLen,HalfWid
715.5,332.5,-3.141592653589793,40.0,11.0
766.5,438.0,-1.5707963267948966,62.0,5.0
918.0,900.5,0.8568881919942565,39.347121467319006,5.649652387682545
242.5,911.0,-1.5707963267948966,40.0,3.0
676.0,915.0,-1.5707963267948966,41.0,3.0
332.0,1042.0,-3.141592653589793,46.0,10.0
