CoordX,CoordY,Orient,HalfLen,HalfWid
584.0,236.0,0.0,40.0,18.0
649.0,476.5,-1.5707963267948966,41.0,6.0
649.0,771.0,-1.5707963267948966,41.0,6.0
864.2117758784425,778.5232668566002,-0.7786471747513352,42.38725099640946,6.794035929256948
453.0,889.5,-1.5707963267948966,41.0,6.0
453.0,998.5,-1.5707963267948966,41.0,6.0
649.0,1030.5,-1.5707963267948966,40.0,6.0
520.5,1083.0,-3.141592653589793,45.0,6.0
522.0,1229.0,-3.141592653589793,46.0,18.0
852.5,1335.5,-1.5707963267948966,40.0,8.0
