CoordX,CoordY,Orient,HalfLen,HalfWid
1145.0,176.0,-1.5707963267948966,32.0,5.0
1051.0,366.0,0.0,32.0,5.0
1195.0,366.0,0.0,40.0,5.0
284.5,482.5,-1.5707963267948966,41.0,13.0
815.0,491.5,-3.141592653589793,33.0,4.0
955.5,491.5,0.0,42.0,4.0
1253.0,538.5,-1.5707963267948966,40.0,5.0
377.0,550.5,-3.141592653589793,69.0,4.0
649.3801652892562,550.5,0.0,69.0,4.0
900.0,648.0,-1.5707963267948966,29.0,10.0
1193.5,788.0,-3.141592653589793,47.0,9.0
