CoordX,CoordY,Orient,HalfLen,HalfWid
360.5,429.0,-1.5707963267948966,46.0,13.0
951.0,531.0,0.0,41.0,9.0
777.0,577.0,-1.5707963267948966,43.0,5.0
1024.0,614.5,-1.5707963267948966,37.0,6.0
1024.0,770.5,-1.5707963267948966,37.0,6.0
1075.0,879.5,-3.141592653589793,29.0,3.0
777.0,1018.5,-1.5707963267948966,43.0,5.0
828.0,1071.5,-3.141592653589793,43.0,3.0
945.0,1075.0,-3.141592653589793,44.0,7.0
