CoordX,CoordY,Orient,HalfLen,HalfWid
1116.5,268.0,0.0,35.0,15.0
635.5,645.5,0.0,38.0,6.0
731.5,645.5,0.0,38.0,6.0
295.0,649.0,0.0,39.0,3.0
884.0,698.5,-1.5707963267948966,38.0,3.0
235.0,737.5,-1.5707963267948966,30.0,3.0
778.0,770.0,-3.141592653589793,34.0,3.0
471.5,838.0,-3.141592653589793,43.0,8.0
605.5,833.0,-3.141592653589793,26.0,3.0
