CoordX,CoordY,Orient,HalfLen,HalfWid
1291.0,420.0,-1.5707963267948966,42.0,11.0
1597.0,441.0,-1.5707963267948966,58.0,11.0
336.0,850.5,0.0,57.0,9.0
1366.0,1018.0,-3.141592653589793,33.0,5.0
1453.0,1018.0,-3.141592653589793,33.0,5.0
1417.0,1153.0,-3.141592653589793,33.0,5.0
1586.5,1229.0,-1.5707963267948966,42.0,10.0
1282.5,1268.0,-1.5707963267948966,42.0,10.0
1036.5,1500.5,-3.141592653589793,40.0,10.0
