CoordX,CoordY,Orient,HalfLen,HalfWid
1158.5,379.5,0.0,33.0,7.0
324.5,551.5,-3.141592653589793,35.0,6.0
432.5,551.5,-3.141592653589793,35.0,6.0
268.5,650.5,-1.5707963267948966,33.0,7.0
491.5,722.5,-1.5707963267948966,33.0,7.0
268.5,768.0,-1.5707963267948966,35.0,7.0
604.5,763.5,-3.141592653589793,35.0,7.0
600.5,867.5,-3.141592653589793,35.0,7.0
369.5,990.5,-1.5707963267948966,34.0,8.0
434.0,1127.5,-3.141592653589793,34.0,7.0
431.5,1244.5,-3.141592653589793,34.0,7.0
