CoordX,CoordY,Orient,HalfLen,HalfWid
843.0,281.5,-3.141592653589793,31.0,5.0
1015.5,281.5,-3.141592653589793,30.0,5.0
206.0,335.5,-1.5707963267948966,45.0,8.0
1106.5,332.0,-1.5707963267948966,41.0,8.0
752.0,373.5,-1.5707963267948966,40.0,9.0
1371.5,385.0,0.0,35.0,6.0
314.5,427.5,0.0,40.0,8.0
752.0,483.5,-1.5707963267948966,39.0,9.0
1106.5,498.0,-1.5707963267948966,42.0,8.0
1046.0,598.0,0.0,47.0,9.0
