CoordX,CoordY,Orient,HalfLen,HalfWid
1228.5,257.5,-1.5707963267948966,44.0,7.0
887.0,317.5,-3.141592653589793,43.0,6.0
802.0,382.5,-1.5707963267948966,43.0,6.0
500.5,438.0,-3.141592653589793,38.0,6.0
700.0,627.0,0.0,38.0,7.0
1409.0,683.0,-1.5707963267948966,45.0,19.0
752.0,758.0,-1.5707963267948966,44.0,6.0
825.5,1080.0,-3.141592653589793,50.0,18.0
