CoordX,CoordY,Orient,HalfLen,HalfWid
454.5,427.0,-3.141592653589793,35.0,4.0
364.5,481.5,-1.5707963267948966,32.0,4.0
1264.5,593.5,-1.5707963267948966,38.0,7.0
364.5,787.0,-1.5707963267948966,35.0,4.0
423.0,897.5,0.0,41.0,8.0
