CoordX,CoordY,Orient,HalfLen,HalfWid
733.5,335.5,-3.141592653589793,40.0,7.0
404.0,561.5,-3.141592653589793,45.0,9.0
643.0,561.5,-3.141592653589793,44.0,9.0
