CoordX,CoordY,Orient,HalfLen,HalfWid
422.5,248.0,-1.5707963267948966,43.0,19.0
407.0,492.0,-1.5707963267948966,41.0,4.0
464.5,664.0,-1.5707963267948966,39.0,4.0
407.0,792.0,-3.141592653589793,45.0,7.0
