CoordX,CoordY,Orient,HalfLen,HalfWid
1151.0,518.0,-3.141592653589793,36.0,8.0
1306.0,549.5,0.6337454863635417,43.92961795508234,8.376193948182575
419.5,606.5,-1.5707963267948966,43.0,7.0
1352.0,640.5,-1.5707963267948966,41.0,8.0
1231.0,804.5,-1.5707963267948966,41.0,8.0
1017.5,823.5,-1.5707963267948966,38.0,7.0
1291.5,936.5,-3.141592653589793,42.0,7.0
