CoordX,CoordY,Orient,HalfLen,HalfWid
817.58038585209,323.5176848874598,3.139501464064662,25.010401276604433,5.052268767344346
966.5,323.5,-3.141592653589793,29.0,5.0
269.5,362.5,-1.5707963267948966,30.0,10.0
1059.5,367.5,-1.5707963267948966,35.0,5.0
759.5,381.5,-1.5707963267948966,36.0,5.0
1059.5,465.5,-1.5707963267948966,37.0,5.0
815.5,538.0,0.0,41.0,9.0
