CoordX,CoordY,Orient,HalfLen,HalfWid
497.0,426.0,-1.5707963267948966,33.0,7.0
735.0,704.0,0.0,38.0,7.0
785.0,763.5,-1.5707963267948966,37.0,7.0
448.5,768.0,0.0,33.0,7.0
429.5,977.0,0.0,42.0,7.0
784.5,1301.5,-1.5707963267948966,81.0,6.0
837.0,1523.0,0.0,38.0,7.0
