CoordX,CoordY,Orient,HalfLen,HalfWid
845.5,180.5,-3.141592653589793,38.0,22.0
253.0,512.0,-1.5707963267948966,37.0,17.0
1187.0,527.5,-1.5707963267948966,38.0,5.0
1184.5,799.5,-3.141592653589793,27.0,5.0
1293.5,859.5,-1.5707963267948966,38.0,5.0
1240.0,913.5,-3.141592653589793,38.0,8.0
1051.5,1149.0,-3.141592653589793,44.0,9.0
