CoordX,CoordY,Orient,HalfLen,HalfWid
297.5,206.0,-1.5707963267948966,51.0,7.0
1231.0,270.5,-3.141592653589793,34.0,3.0
1235.0,488.5,0.0,39.0,4.0
1179.0,643.5,-1.5707963267948966,43.0,5.0
1006.0,853.5,-1.5707963267948966,45.0,4.0
1115.5,963.5,-1.5707963267948966,43.0,5.0
737.5,966.0,-1.5707963267948966,43.0,5.0
737.5,1073.5,-1.5707963267948966,43.0,5.0
960.5,1218.5,-3.141592653589793,49.0,5.0
737.5,1268.0,-1.5707963267948966,44.0,5.0
960.5,1465.0,0.0,49.0,11.0
