CoordX,CoordY,Orient,HalfLen,HalfWid
189.5,153.0,1.5707963267948966,28.0,6.0
459.5,198.5,0.0,38.0,6.0
1018.0,368.5,-1.5707963267948966,40.0,15.0
484.0,382.5,-3.141592653589793,45.0,6.0
484.0,514.5,0.0,45.0,16.0
