CoordX,CoordY,Orient,HalfLen,HalfWid
831.0,260.0,-1.5707963267948966,28.0,6.0
895.5,357.5,0.0,33.0,4.0
200.0,405.0,-1.5707963267948966,39.0,13.0
681.5,424.0,-1.5707963267948966,38.0,4.0
1041.5,424.0,-1.5707963267948966,38.0,4.0
950.5,536.5,-1.5707963267948966,38.0,4.0
854.0,797.0,-3.141592653589793,38.0,9.0
