CoordX,CoordY,Orient,HalfLen,HalfWid
480.0,413.5,0.0,38.0,13.0
204.5,760.5,-3.141592653589793,32.0,5.0
361.0,902.5,-3.141592653589793,34.0,5.0
510.0,1055.5,-1.5707963267948966,38.0,5.0
204.5,1124.0,0.0,32.0,5.0
420.0,1124.0,0.0,38.0,5.0
358.5,1201.0,-1.5707963267948966,37.0,5.0
307.0,1294.5,0.0,38.0,13.0
422.0,1294.5,0.0,38.0,13.0
