CoordX,CoordY,Orient,HalfLen,HalfWid
644.0,135.0,-1.5707963267948966,22.000000000000004,0.0
512.5,296.0,0.0,38.0,7.0
580.5,428.5,-1.5707963267948966,60.0,7.0
825.5,495.5,-3.141592653589793,32.0,5.0
686.0,529.5,0.0,36.0,10.0
