CoordX,CoordY,Orient,HalfLen,HalfWid
648.0,474.0,0.0,41.0,11.0
477.5,856.5,-3.141592653589793,71.0,5.0
726.5,973.0,-1.5707963267948966,43.0,5.0
396.5,977.5,-1.5707963267948966,46.0,5.0
895.5,1013.0,-1.5707963267948966,40.0,5.0
597.0763520678685,1068.7179215270414,-0.8394031441646034,42.211877880370835,5.782334373863506
504.5,1174.5,0.0,46.0,11.0
