CoordX,CoordY,Orient,HalfLen,HalfWid
1031.0,188.0,-1.5707963267948966,35.0,4.0
229.5,421.0,-1.5707963267948966,44.0,14.0
1082.0,405.5,-3.141592653589793,43.0,6.0
979.5,408.0,0.0,39.0,4.0
1144.5,465.5,-1.5707963267948966,42.0,4.0
787.5,483.5,-1.5707963267948966,41.0,3.0
997.5,714.5,-3.141592653589793,48.0,8.0
