CoordX,CoordY,Orient,HalfLen,HalfWid
1351.5,296.0,-3.141592653589793,31.0,7.0
659.5,393.0,0.0,69.0,7.0
1110.0,443.0,0.0,32.0,7.0
300.0,503.0,-3.141592653589793,39.0,7.0
240.0,565.5,-1.5707963267948966,31.0,7.0
1456.5,576.0,-3.141592653589793,83.0,7.0
442.0,617.0,-1.5707963267948966,37.0,7.0
297.5,756.0,-3.141592653589793,39.0,7.0
290.0,940.0,0.0,40.0,7.0
