CoordX,CoordY,Orient,HalfLen,HalfWid
295.5,345.5,0.0,42.0,11.0
422.0,763.5,-1.5707963267948966,38.0,5.0
503.0,905.5,-3.141592653589793,44.0,11.0
