CoordX,CoordY,Orient,HalfLen,HalfWid
606.5379061371841,256.00722021660647,3.1408952074715284,31.004177136688774,6.020921922558437
716.5,256.0,0.0,27.0,6.0
553.0,302.5,-1.5707963267948966,37.0,6.0
1270.0,340.0,-1.5707963267948966,38.0,11.0
553.0,402.5,-1.5707963267948966,37.0,6.0
553.0,694.0,-1.5707963267948966,33.0,6.0
308.0,694.0,-1.5707963267948966,31.0,6.0
683.0,823.0,0.0,37.0,11.0
