CoordX,CoordY,Orient,HalfLen,HalfWid
498.0,280.5,-3.141592653589793,42.0,15.0
408.5,485.0,-1.5707963267948966,61.0,4.0
510.5,915.5,0.0,31.0,4.0
408.5,964.5,-1.5707963267948966,42.0,4.0
350.5,1103.0,0.0,46.0,10.0
