CoordX,CoordY,Orient,HalfLen,HalfWid
151.5,372.5,-1.5707963267948966,38.0,11.0
873.5,416.5,-3.141592653589793,34.0,5.0
979.5,416.5,-3.141592653589793,39.0,5.0
691.5,608.0,0.0,43.0,11.0
