CoordX,CoordY,Orient,HalfLen,HalfWid
427.0,116.5,0.0,33.0,11.0
494.5,194.5,-1.5707963267948966,47.0,5.0
771.5,310.0,0.0,24.0,5.0
540.0,508.0,-3.141592653589793,33.0,5.0
733.0,545.5,-1.5707963267948966,23.0,5.0
494.0,674.5,-1.5707963267948966,24.0,6.0
693.0,678.0,-3.141592653589793,30.0,5.0
807.5,678.0,0.0,23.0,5.0
274.0,714.0,-3.141592653589793,24.0,5.0
494.0,832.0,-1.5707963267948966,32.0,6.0
538.5,961.0,0.0,32.0,5.0
541.0,1035.0,0.0,34.0,11.0
