CoordX,CoordY,Orient,HalfLen,HalfWid
373.0,181.5,-1.5707963267948966,32.0,7.0
176.25877192982455,450.2576754385965,-0.7854572016892596,31.819429380552172,7.072904640106771
660.0,621.0,-1.5707963267948966,37.0,7.0
247.0328542094456,716.0071868583162,3.1409006374520922,32.00414443431375,7.0214508224544
194.0,769.0,-1.5707963267948966,32.0,7.0
326.5,845.0,0.0,33.0,7.0
