CoordX,CoordY,Orient,HalfLen,HalfWid
818.5,33.5,-3.141592653589793,33.0,12.0
512.5,86.5,-1.5707963267948966,35.0,4.0
762.5,157.5,-1.5707963267948966,29.0,4.0
836.0117356392835,249.29277331686225,-0.005272474102676315,70.0253892862156,5.358457080567306
266.5,346.5,-3.141592653589793,31.0,5.0
450.5,747.0,-3.141592653589793,45.0,6.0
627.5,747.0,-3.141592653589793,37.0,6.0
363.5,859.0,-1.5707963267948966,55.0,12.0
580.5,970.0,-1.5707963267948966,31.0,5.0
