CoordX,CoordY,Orient,HalfLen,HalfWid
556.0,203.5,-1.5707963267948966,92.0,7.0
845.0,229.0,-1.5707963267948966,31.0,12.0
306.0,518.0,-1.5707963267948966,79.0,8.0
306.0,661.0,-1.5707963267948966,29.0,8.0
362.0,697.0,0.0,38.0,7.0
360.5,778.0,0.0,39.0,4.0
