CoordX,CoordY,Orient,HalfLen,HalfWid
195.0,323.0,-3.141592653589793,42.0,12.0
630.0,323.0,-3.141592653589793,36.0,12.0
708.5,323.0,-3.141592653589793,35.0,12.0
177.5,502.5,-3.141592653589793,34.0,7.0
375.5,690.0,-3.141592653589793,39.0,5.0
591.0,785.0,1.5707963267948966,39.0,5.0
764.0,787.0,-1.5707963267948966,40.0,5.0
660.5,970.0,0.0,43.0,12.0
