CoordX,CoordY,Orient,HalfLen,HalfWid
984.0,209.0,-3.141592653589793,41.0,6.0
483.0,455.5,-1.5707963267948966,36.0,8.0
827.0,563.5,0.0,36.0,4.0
483.0,606.0,-1.5707963267948966,35.0,8.0
876.0,622.0,-1.5707963267948966,36.0,8.0
544.0,731.0,0.0,46.0,9.0
