CoordX,CoordY,Orient,HalfLen,HalfWid
578.5,369.5,-3.141592653589793,32.0,2.0
484.5,415.0,-1.5707963267948966,40.0,2.0
1173.0,435.0,-1.5707963267948966,36.0,9.0
484.5,616.5,-1.5707963267948966,34.0,2.0
547.0,833.0,0.0,38.0,7.0
