CoordX,CoordY,Orient,HalfLen,HalfWid
639.0,800.0,0.0,42.0,17.0
783.0,980.5,-1.5707963267948966,38.0,6.0
1235.0,1507.0,0.0,42.0,17.0
668.5,1506.5,0.0,56.0,6.0
858.0,1506.5,0.0,42.0,6.0
1125.0,1618.5,-1.5707963267948966,37.0,9.0
1003.5,1721.0,0.0,40.0,6.0
1299.5,1855.0,0.0,40.0,10.0
819.5,1929.0,-3.141592653589793,43.0,6.0
817.5,2068.0,0.0,48.0,17.0
