CoordX,CoordY,Orient,HalfLen,HalfWid
1097.0,323.0,-1.5707963267948966,34.0,10.0
418.5,361.0,-3.141592653589793,32.0,4.0
646.5,361.0,0.0,31.0,4.0
348.0,413.0,-1.5707963267948966,32.0,5.0
433.5,459.0,-3.141592653589793,30.0,4.0
615.5,695.5,0.0,33.0,9.0
