CoordX,CoordY,Orient,HalfLen,HalfWid
193.0,147.0,-1.5707963267948966,41.0,12.0
947.0,217.5,-3.141592653589793,34.0,4.0
990.5,370.5,-1.5707963267948966,40.0,4.0
929.0,476.0,-1.5707963267948966,42.0,5.0
759.5,477.5,-1.5707963267948966,41.0,5.0
817.5,733.0,0.0,46.0,10.0
