CoordX,CoordY,Orient,HalfLen,HalfWid
502.0,214.0,-3.141592653589793,38.0,14.0
399.5,335.5,-1.5707963267948966,38.0,8.0
216.0,529.5,-1.5707963267948966,28.0,6.0
304.5,577.0,0.0,28.0,4.0
327.5,729.5,0.0,43.0,8.0
