CoordX,CoordY,Orient,HalfLen,HalfWid
44.0,126.0,-1.5707963267948966,34.0,20.0
626.5,217.5,0.0,29.0,4.0
784.5,267.0,-1.5707963267948966,40.0,4.0
802.5,478.5,-1.5707963267948966,41.0,4.0
662.0,470.5,-1.5707963267948966,31.0,7.0
734.5,634.0,-3.141592653589793,46.0,6.0
