CoordX,CoordY,Orient,HalfLen,HalfWid
405.0,282.0,-3.141592653589793,43.0,21.0
984.0,428.5,-1.5707963267948966,40.0,5.0
932.0,668.0,0.0,41.0,5.0
1033.5,668.0,-3.141592653589793,41.0,5.0
1196.0,719.5,-1.5707963267948966,41.0,5.0
1507.0,721.0,-1.5707963267948966,40.0,21.0
738.0,872.0,0.0,45.0,10.0
541.0,946.0,-3.141592653589793,42.0,5.0
272.5,1002.5,-1.5707963267948966,41.0,2.0
