CoordX,CoordY,Orient,HalfLen,HalfWid
948.5,196.5,-1.5707963267948966,35.0,7.0
1020.5,266.5,-3.141592653589793,40.0,7.0
290.0,306.0,-1.5707963267948966,41.0,8.0
1117.5,318.5,-1.5707963267948966,40.0,7.0
1117.5,427.5,-1.5707963267948966,39.0,7.0
981.0,567.0,-1.5707963267948966,36.0,7.0
1046.0,663.0,0.0,45.0,8.0
