CoordX,CoordY,Orient,HalfLen,HalfWid
419.5,237.0,-3.141592653589793,40.0,7.0
308.0,618.0,0.0,37.0,8.0
412.0,618.0,0.0,39.0,8.0
459.0,708.0,-1.5707963267948966,28.0,8.0
972.5,934.5,-1.5707963267948966,29.0,6.0
860.9648484848485,975.4921212121212,-0.0008376094721816057,29.005015483196424,6.02345095770992
1032.0,975.5,0.0,39.0,6.0
1027.5,1121.0,0.0,39.0,8.0
1103.0,1411.0,-1.5707963267948966,35.0,8.0
