CoordX,CoordY,Orient,HalfLen,HalfWid
559.0,307.5,-1.5707963267948966,44.0,5.0
439.0,1328.0,-3.141592653589793,44.0,7.0
