CoordX,CoordY,Orient,HalfLen,HalfWid
720.0,248.0,-1.5707963267948966,40.0,7.0
1426.0,296.0,-1.5707963267948966,45.0,16.0
624.0,301.0,0.0,41.0,5.0
338.0,391.5,-1.5707963267948966,38.0,5.0
402.5,446.0,0.0,46.0,11.0
