CoordX,CoordY,Orient,HalfLen,HalfWid
605.0,400.0,0.0,39.0,16.0
497.5,858.0,-1.5707963267948966,40.0,6.0
497.5,1145.5,-1.5707963267948966,54.0,6.0
744.5,1138.5,-3.141592653589793,34.0,6.0
691.5,1195.0,-1.5707963267948966,35.0,6.0
549.5,1246.5,0.0,38.0,6.0
549.0,1429.5,-3.141592653589793,40.0,17.0
610.5,1606.5,-1.5707963267948966,40.0,6.0
