CoordX,CoordY,Orient,HalfLen,HalfWid
1015.5,367.0,-1.5707963267948966,47.0,21.0
218.5,512.5,0.0,56.0,6.0
640.5,512.5,-3.141592653589793,42.0,6.0
299.0,566.5,-1.5707963267948966,42.0,6.0
148.5,811.0,0.0,48.0,11.0
