CoordX,CoordY,Orient,HalfLen,HalfWid
175.5,335.5,-3.141592653589793,44.0,16.0
905.5,335.5,0.0,45.0,16.0
180.0,532.5,-3.141592653589793,43.0,6.0
373.0,703.5,-3.141592653589793,40.0,6.0
233.0,766.0,-1.5707963267948966,40.0,8.0
969.5,768.5,-3.141592653589793,65.0,6.0
180.0,891.0,0.0,39.0,8.0
456.0,1046.0,-3.141592653589793,45.0,11.0
