CoordX,CoordY,Orient,HalfLen,HalfWid
381.0,316.0,-3.141592653589793,37.0,10.0
330.5,456.0,-1.5707963267948966,80.0,4.0
330.5,793.0,-1.5707963267948966,35.0,4.0
631.0,879.5,0.0,36.0,4.0
463.5,929.0,-1.5707963267948966,37.0,4.0
231.0,1031.5,-3.141592653589793,32.0,4.0
330.5,1074.0,-1.5707963267948966,32.0,4.0
413.0,1127.5,-3.141592653589793,40.0,4.0
413.5,1252.0,0.0,40.0,10.0
265.0,1442.0,0.0,37.0,5.0
