CoordX,CoordY,Orient,HalfLen,HalfWid
933.0,131.0,-1.5707963267948966,40.0,11.0
447.5,325.0,-1.5707963267948966,43.0,13.0
676.0,562.0,0.0,74.0,7.0
970.5,562.5,0.0,40.0,6.0
447.5,617.0,-1.5707963267948966,40.0,13.0
1022.5,613.5,-1.5707963267948966,35.0,6.0
776.5,734.0,0.0,47.0,14.0
