CoordX,CoordY,Orient,HalfLen,HalfWid
728.5,321.0,0.0,31.0,6.0
909.5,321.0,0.0,31.0,6.0
1045.0,380.5,-1.5707963267948966,35.0,11.0
1469.5,508.5,-3.141592653589793,30.0,4.0
1045.0,631.0,-1.5707963267948966,36.0,11.0
976.0,701.5,-3.141592653589793,39.0,16.0
