CoordX,CoordY,Orient,HalfLen,HalfWid
387.5,201.0,-3.141592653589793,39.0,15.0
451.5,744.5,-1.5707963267948966,29.0,6.0
233.5,784.0,0.0,29.0,6.0
657.5,785.5,-3.141592653589793,30.0,5.0
451.5,901.0,-1.5707963267948966,38.0,6.0
234.0,1005.0,-3.141592653589793,30.0,6.0
392.0,1026.5,-3.141592653589793,46.0,4.0
390.5,1172.0,0.0,43.0,16.0
