CoordX,CoordY,Orient,HalfLen,HalfWid
757.0,612.5,0.0,42.0,14.0
708.5,1087.5,-1.5707963267948966,31.0,5.0
913.0,1152.5,-2.6768652875433503,29.521874680196614,5.845643560260329
506.5,1250.5,-1.5707963267948966,39.0,5.0
708.5,1266.0,-1.5707963267948966,30.0,5.0
708.5,1364.0,-1.5707963267948966,41.0,5.0
637.0,1493.5,0.0,45.0,5.0
637.0,1588.5,0.0,47.0,14.0
307.5,1702.0,-1.5707963267948966,41.0,7.0
