CoordX,CoordY,Orient,HalfLen,HalfWid
340.5,282.0,-3.141592653589793,28.0,11.0
949.5,283.5,0.0,27.0,10.0
1096.5,398.0,-1.5707963267948966,55.0,5.0
1054.0,637.0,-3.141592653589793,26.0,5.0
1096.5,779.0,-1.5707963267948966,27.0,5.0
251.0,783.5,-1.5707963267948966,27.0,4.0
998.5,835.5,-3.141592653589793,26.0,5.0
1158.5,972.5,-3.141592653589793,26.0,5.0
198.0,999.0,0.0,27.0,4.0
308.5,999.0,0.0,27.0,4.0
305.5,1131.0,-3.141592653589793,27.0,11.0
247.0,1331.0,-1.5707963267948966,26.0,4.0
