CoordX,CoordY,Orient,HalfLen,HalfWid
274.5,469.0,0.0,47.0,16.0
933.5,471.5,0.0,45.0,16.0
1051.5,619.5,-3.141592653589793,43.0,5.0
1158.0,619.5,-3.141592653589793,37.0,5.0
1112.5,881.0,-1.5707963267948966,45.0,5.0
513.0,951.0,-3.141592653589793,64.0,5.0
996.5,954.0,-3.141592653589793,43.0,6.0
214.0,1084.5,-2.3554159888890522,38.89691649852254,7.808448828246641
1167.0,1060.0,-3.141592653589793,41.0,8.0
322.0,1120.5,-3.141592653589793,45.0,7.0
321.5,1235.0,0.0,46.0,14.0
