CoordX,CoordY,Orient,HalfLen,HalfWid
873.5,300.5,0.0,48.0,21.0
732.0,695.5,0.0,47.0,4.0
1110.5,863.5,-1.5707963267948966,41.0,4.0
944.5,957.5,-1.5707963267948966,43.0,8.0
1185.0,1030.0,0.0,49.0,12.0
