CoordX,CoordY,Orient,HalfLen,HalfWid
734.0,143.5,-3.141592653589793,39.0,15.0
355.0,487.5,-3.141592653589793,31.0,9.0
572.5,728.5,-3.141592653589793,35.0,3.0
352.0,730.0,-3.141592653589793,35.0,4.0
285.0,771.0,-1.5707963267948966,32.0,5.0
818.5,820.5,-1.5707963267948966,29.0,5.0
344.0,908.0,0.0,47.0,7.0
662.0,908.0,0.0,40.0,7.0
767.5,908.0,0.0,41.0,7.0
263.0,942.5,-1.5707963267948966,22.0,4.0
328.0,1016.5,-3.141592653589793,47.0,9.0
269.0,1786.5,-1.5707963267948966,41.0,6.0
