CoordX,CoordY,Orient,HalfLen,HalfWid
643.5,487.0,0.0,41.0,20.0
730.5,619.0,-1.5707963267948966,40.0,8.0
777.5,908.0,0.0,33.0,6.0
931.5,908.0,0.0,31.0,6.0
546.0,951.5,-1.5707963267948966,37.0,6.0
730.5,1036.0,-1.5707963267948966,37.0,8.0
326.5,1080.5,-3.141592653589793,31.0,5.0
730.5,1206.0,-1.5707963267948966,43.0,8.0
546.0,1205.5,-1.5707963267948966,41.0,6.0
660.5,1259.5,0.0,47.0,6.0
659.5,1446.0,-3.141592653589793,45.0,19.0
