CoordX,CoordY,Orient,HalfLen,HalfWid
1083.0,192.5,-1.5707963267948966,37.0,16.0
841.0,216.0,-1.5707963267948966,33.0,9.0
636.5,215.0,-1.5707963267948966,30.0,8.0
931.5,267.0,0.0,27.0,8.0
191.0,438.5,-3.141592653589793,28.0,6.0
515.5,438.5,-3.141592653589793,31.0,6.0
469.0,502.0,-1.5707963267948966,35.0,7.0
469.0,602.5,-1.5707963267948966,39.0,7.0
582.0,797.0,-3.141592653589793,45.0,7.0
584.0,884.0,-3.141592653589793,45.0,16.0
508.5,1025.0,-1.5707963267948966,37.0,10.0
