CoordX,CoordY,Orient,HalfLen,HalfWid
514.5,340.5,-3.141592653589793,40.0,9.0
868.0,341.0,0.0,41.0,9.0
486.5,1273.5,0.0,45.0,9.0
568.0,1382.0,-1.5707963267948966,40.0,6.0
