CoordX,CoordY,Orient,HalfLen,HalfWid
667.5,533.5,-1.5707963267948966,45.0,7.0
886.5,536.0,-1.5707963267948966,45.0,7.0
207.5,544.5,-1.5707963267948966,48.0,7.0
885.0,685.5,-1.5707963267948966,45.0,6.0
884.5,889.0,-1.5707963267948966,35.0,5.0
732.5,899.0,-1.5707963267948966,43.0,7.0
810.0,1036.5,-3.141592653589793,45.0,7.0
