CoordX,CoordY,Orient,HalfLen,HalfWid
431.5,349.5,-3.141592653589793,31.0,8.0
447.0,749.0,0.0,31.0,5.0
315.0,783.0,-1.5707963267948966,26.0,5.0
498.0,853.0,-1.5707963267948966,27.0,6.0
315.0,918.0,-1.5707963267948966,25.0,5.0
274.0,1000.0,-3.141592653589793,24.0,5.0
439.0,1057.0,0.0,36.0,5.0
445.0,1157.0,-3.141592653589793,36.0,8.0
236.5,1331.5,-3.141592653589793,30.0,4.0
