CoordX,CoordY,Orient,HalfLen,HalfWid
389.0,227.5,-3.141592653589793,44.0,7.0
539.5,431.0,0.0,42.0,7.0
662.8333333333334,552.1666666666666,0.008068355719460261,43.04701000184808,7.104659643305679
605.0,691.5,-1.5707963267948966,43.0,7.0
578.0,974.0,-3.141592653589793,48.0,7.0
