CoordX,CoordY,Orient,HalfLen,HalfWid
922.5,215.5,-1.5707963267948966,36.0,17.0
295.5,459.0,-3.141592653589793,36.0,5.0
249.0,695.5,-1.5707963267948966,34.0,5.0
303.5,747.5,-3.141592653589793,42.0,10.0
