CoordX,CoordY,Orient,HalfLen,HalfWid
610.0,237.5,0.0,35.0,5.0
675.0,283.0,-1.5707963267948966,37.0,5.0
535.0,287.0,-1.5707963267948966,40.0,6.0
1073.0,393.5,0.0,110.0,9.0
737.0,481.5,-1.5707963267948966,43.0,5.0
1256.5,487.5,-1.5707963267948966,39.0,13.0
535.0,670.5,-1.5707963267948966,41.0,6.0
591.5,789.0,0.0,45.0,9.0
