CoordX,CoordY,Orient,HalfLen,HalfWid
219.0,249.0,-3.141592653589793,30.0,7.0
491.5,381.0,-3.141592653589793,38.0,5.0
351.0,428.0,-1.5707963267948966,34.0,5.0
563.5,434.0,-1.5707963267948966,39.0,5.0
412.5,655.0,-1.5707963267948966,39.0,5.0
463.5,882.5,-3.141592653589793,39.0,5.0
469.0,976.0,-3.141592653589793,46.0,14.0
650.0,976.0,0.0,44.0,14.0
412.0,1225.0,-1.5707963267948966,40.0,5.0
