CoordX,CoordY,Orient,HalfLen,HalfWid
158.5,210.5,-1.5707963267948966,35.0,5.0
410.5,281.5,-3.141592653589793,40.0,16.0
330.0,526.0,-1.5707963267948966,40.0,6.0
284.0,800.0,-1.5707963267948966,41.0,6.0
195.5,851.5,0.0,30.0,6.0
375.5,1010.0,0.0,45.0,10.0
