CoordX,CoordY,Orient,HalfLen,HalfWid
1036.0,437.5,0.0,32.0,5.0
939.5,512.0,-1.5707963267948966,49.0,5.0
385.5,507.5,-1.5707963267948966,31.0,11.0
1108.5,508.5,-1.5707963267948966,31.0,5.0
478.5,578.5,0.0,80.0,5.0
753.5,645.5,-1.5707963267948966,29.0,5.0
1108.5,679.5,-1.5707963267948966,32.0,5.0
855.5,696.5,-3.141592653589793,31.0,5.0
1035.5,948.5,-3.141592653589793,32.0,11.0
