CoordX,CoordY,Orient,HalfLen,HalfWid
1060.5,365.0,-3.141592653589793,44.0,15.0
601.5,622.5,0.0,45.0,4.0
510.5,686.5,-1.5707963267948966,45.0,4.0
570.5,740.5,0.0,45.0,4.0
316.5,799.0,-1.5707963267948966,40.0,8.0
949.5,942.5,-1.5707963267948966,30.0,4.0
1281.5,1052.5,-3.141592653589793,44.0,9.0
