CoordX,CoordY,Orient,HalfLen,HalfWid
729.5,172.5,0.0,36.0,11.0
648.5,291.0,-1.5707963267948966,31.0,5.0
402.0,528.0,-3.141592653589793,35.0,4.0
567.0,528.0,-3.141592653589793,33.0,4.0
648.5,577.0,-1.5707963267948966,36.0,5.0
359.0,592.0,-1.5707963267948966,26.0,4.0
584.0,676.0,-3.141592653589793,34.0,7.0
