CoordX,CoordY,Orient,HalfLen,HalfWid
1037.0,153.5,-1.5707963267948966,25.0,5.0
1110.0,224.0,-3.141592653589793,26.0,5.0
843.0,312.5,1.5707963267948966,27.0,13.0
154.5,415.0,-1.5707963267948966,25.0,5.0
194.5,449.0,-3.141592653589793,32.0,6.0
311.5,449.0,0.0,29.0,6.0
319.5,617.5,-0.5752875145672595,38.13721503654758,11.445494851695768
