CoordX,CoordY,Orient,HalfLen,HalfWid
426.5,415.0,0.0,41.0,19.0
244.0,1005.0,-1.5707963267948966,32.0,6.0
537.0,1082.0,-1.5707963267948966,39.0,6.0
692.5,1190.0,0.0,45.0,14.0
