CoordX,CoordY,Orient,HalfLen,HalfWid
329.5059578368469,213.4647112740605,1.5703275862976647,38.00280826824505,6.01781147908959
206.5,479.5,0.0,32.0,6.0
199.0,642.0,0.0,42.0,11.0
