CoordX,CoordY,Orient,HalfLen,HalfWid
948.5,284.0,-1.5707963267948966,94.0,5.0
1329.5,261.0,0.0,40.0,6.0
1745.0,337.0,-1.5707963267948966,40.0,6.0
2146.5,362.0,-1.5707963267948966,42.0,8.0
867.0,388.0,-3.141592653589793,39.0,5.0
283.5,418.0,0.0,94.0,6.0
687.5,418.0,0.0,40.0,6.0
1970.5,423.0,0.0,95.0,6.0
1109.5,565.0,-3.141592653589793,45.0,8.0
1324.0,582.0,-3.141592653589793,40.0,6.0
1663.5,582.0,0.0,40.0,6.0
