CoordX,CoordY,Orient,HalfLen,HalfWid
327.0,555.0,-3.141592653589793,38.0,6.0
572.0,555.0,-3.141592653589793,38.0,6.0
942.0,555.0,0.0,33.0,6.0
22.5,640.5,-1.5707963267948966,78.0,5.0
256.0,604.0,-1.5707963267948966,36.0,12.0
1046.0,597.0,-1.5707963267948966,27.0,5.0
630.5,641.5,-1.5707963267948966,38.0,5.0
425.5,737.0,0.0,36.0,6.0
948.0,741.5,-3.141592653589793,45.0,10.0
479.0,806.5,-1.5701932958306513,51.00360891258471,5.9692443317484525
