CoordX,CoordY,Orient,HalfLen,HalfWid
1081.0,129.0,-1.5707963267948966,29.0,7.0
603.5,496.5,-3.141592653589793,40.0,7.0
822.0,496.5,-3.141592653589793,33.0,7.0
669.4951330304997,562.4646333549643,1.5705294466058752,54.00186623822503,6.985588220676306
670.5,673.5,-1.5707963267948966,33.0,7.0
408.0,705.5,-1.5707963267948966,29.0,7.0
709.5,719.0,-3.141592653589793,25.0,7.0
506.95264797507787,818.6386292834891,2.9694798498009938,51.01625986956295,8.734480174021988
