CoordX,CoordY,Orient,HalfLen,HalfWid
544.0,291.5,0.0,37.0,4.0
436.5,342.5,-1.5707963267948966,38.0,4.0
1232.0,422.5,-1.5707963267948966,42.0,12.0
630.0,457.0,-1.5707963267948966,56.0,9.0
401.5,447.0,-1.5707963267948966,37.0,4.0
519.0,703.0,0.0,50.0,10.0
