CoordX,CoordY,Orient,HalfLen,HalfWid
392.5,293.0,-1.5707963267948966,37.0,6.0
536.5,395.5,-1.5707963267948966,40.0,5.0
351.0,396.5,-1.5707963267948966,40.0,6.0
168.50574712643677,406.48315497423704,-1.5713131571382295,41.99275876612991,14.978807953514721
497.5,830.0,0.0,48.0,15.0
