CoordX,CoordY,Orient,HalfLen,HalfWid
678.5,521.5,-3.141592653589793,29.0,5.0
556.0,590.5,-1.5707963267948966,33.0,5.0
696.5,714.0,-3.141592653589793,37.0,11.0
