CoordX,CoordY,Orient,HalfLen,HalfWid
386.5,297.5,-3.141592653589793,39.0,11.0
210.0,642.0,-3.141592653589793,30.0,5.0
251.0,749.5,-1.5707963267948966,33.0,4.0
372.5,855.5,0.0,45.0,6.0
