CoordX,CoordY,Orient,HalfLen,HalfWid
308.0,149.5,-3.141592653589793,36.0,14.0
674.0,336.5,-3.141592653589793,26.0,7.0
462.0,510.5,-1.5707963267948966,36.0,6.0
258.0,671.5,-1.5707963267948966,34.0,6.0
462.0,673.0,-1.5707963267948966,35.0,6.0
325.0,895.5,-3.141592653589793,41.0,4.0
326.5,979.5,-3.141592653589793,40.0,16.0
