CoordX,CoordY,Orient,HalfLen,HalfWid
342.5,268.5,0.0,41.0,10.0
695.5,490.5,-3.141592653589793,32.0,5.0
451.5,790.5,-2.3561944901923453,43.840620433565945,5.656854249492387
648.5,875.5,-1.5707963267948966,33.0,5.0
185.0,973.0,0.0,32.0,5.0
320.0,1023.5,-1.5707963267948966,36.0,5.0
543.0,993.0,0.0,36.0,5.0
380.0,1389.0,0.0,42.0,11.0
