CoordX,CoordY,Orient,HalfLen,HalfWid
910.0,311.5,-1.5707963267948966,45.0,19.0
552.0,452.5,0.0,41.0,5.0
224.5,503.0,-1.5707963267948966,40.0,5.0
81.0,739.0,-3.141592653589793,46.0,10.0
