CoordX,CoordY,Orient,HalfLen,HalfWid
820.0,510.5,-3.141592653589793,33.0,4.0
696.5,556.0,-1.5707963267948966,36.0,7.0
1404.5,592.0,-1.5707963267948966,37.0,11.0
696.5,701.0,-1.5707963267948966,33.0,7.0
748.5,991.5,-3.141592653589793,40.0,9.0
