CoordX,CoordY,Orient,HalfLen,HalfWid
605.0,392.5,-1.5707963267948966,35.0,8.0
686.0,637.5,-3.141592653589793,44.0,13.0
1149.5,989.5,-1.5707963267948966,35.0,4.0
960.5,1017.5,-1.5707963267948966,29.0,4.0
710.0,1026.5,-3.141592653589793,38.0,4.0
821.0,1139.0,-1.5707963267948966,36.0,5.0
766.5,1299.5,0.0,44.0,7.0
