CoordX,CoordY,Orient,HalfLen,HalfWid
808.0,235.0,-3.141592653589793,32.0,4.0
874.5,290.0,-1.5707963267948966,34.0,4.0
748.6831896551724,294.45043103448273,2.144674331243367,27.407912853831345,4.343143028330349
87.0,367.5,-1.5707963267948966,39.0,7.0
874.5,459.5,-1.5707963267948966,31.0,4.0
1103.0,463.0,-1.5707963267948966,31.0,5.0
488.0,483.5,-1.5707963267948966,40.0,4.0
541.0,545.5,-3.141592653589793,45.0,7.0
823.5,550.5,0.0,40.0,4.0
