CoordX,CoordY,Orient,HalfLen,HalfWid
656.0,118.0,-3.141592653589793,42.0,18.0
240.0,294.5,-3.141592653589793,46.0,5.0
442.5,560.0,-1.5707963267948966,42.0,5.0
650.0,699.5,-1.5707963267948966,40.0,6.0
442.5,747.0,-1.5707963267948966,41.0,5.0
576.0,1007.0,0.0,48.0,18.0
