CoordX,CoordY,Orient,HalfLen,HalfWid
635.5,414.5,1.5707963267948966,55.0,6.0
308.0,623.0,0.0,32.0,7.0
403.5,623.0,0.0,32.0,7.0
566.0,622.5,0.0,56.0,6.0
703.0,622.5,0.0,56.0,6.0
1045.5,623.5,-3.141592653589793,51.0,6.0
1122.5,669.5,-1.5707963267948966,31.0,3.0
771.5,778.0,-1.5707963267948966,43.0,6.0
566.5,908.5,-3.141592653589793,55.0,16.0
