CoordX,CoordY,Orient,HalfLen,HalfWid
758.0,299.0,0.0,42.0,17.0
1025.0,589.5,-1.5707963267948966,47.0,5.0
272.647355163728,663.9231738035264,-2.310289496869097,40.83919571463135,5.246512150804266
788.0,824.0,-1.5707963267948966,42.0,5.0
1140.5,846.0,-1.5707963267948966,41.0,10.0
727.0,909.5,-3.141592653589793,46.0,10.0
