CoordX,CoordY,Orient,HalfLen,HalfWid
1245.0,372.5,-1.5707963267948966,46.0,10.0
554.5,490.0,-3.141592653589793,46.0,16.0
393.0,637.0,0.0,31.0,2.0
435.0,886.5,-1.5707963267948966,41.0,6.0
547.0,1025.0,-1.5707963267948966,36.0,5.0
758.0,1034.0,-1.5707963267948966,42.0,5.0
547.0,1125.5,-1.5707963267948966,41.0,5.0
609.5,1346.0,-3.141592653589793,46.0,16.0
