CoordX,CoordY,Orient,HalfLen,HalfWid
648.0,778.5,0.0,35.0,5.0
872.0,778.5,-3.141592653589793,38.0,5.0
939.5,880.5,-1.5707963267948966,26.0,4.0
875.0,1030.5,-3.141592653589793,33.0,4.0
370.0,1064.0,-1.5707963267948966,37.0,11.0
877.0,1169.0,0.0,36.0,11.0
