CoordX,CoordY,Orient,HalfLen,HalfWid
534.0,412.0,0.0,42.0,17.0
160.5,588.5,-3.141592653589793,41.0,5.0
367.5,856.0,-1.5707963267948966,43.0,5.0
569.0,997.5,-1.5707963267948966,42.0,5.0
367.5,1032.5,-1.5707963267948966,42.0,5.0
507.0,1169.5,-3.141592653589793,48.0,5.0
501.0,1294.5,-3.141592653589793,46.0,17.0
437.5,1449.5,-1.5707963267948966,41.0,9.0
