CoordX,CoordY,Orient,HalfLen,HalfWid
953.5,232.5,-1.5707963267948966,28.0,4.0
880.0,270.0,-3.141592653589793,28.0,5.0
953.5,317.0,-1.5707963267948966,38.0,4.0
250.5,359.0,-1.5707963267948966,40.0,7.0
954.5,415.0,-1.5707963267948966,33.0,5.0
954.5,583.5,-1.5707963267948966,40.0,5.0
901.5,698.0,-3.141592653589793,42.0,9.0
