CoordX,CoordY,Orient,HalfLen,HalfWid
717.0,154.0,-1.5707963267948966,40.0,13.0
706.0,538.0,-1.5707963267948966,41.0,6.0
705.0,771.0,-1.5707963267948966,36.0,6.0
1055.0,762.0,0.0,32.0,6.0
705.0,965.0,-1.5707963267948966,41.0,6.0
617.5,1143.0,0.0,42.0,12.0
