CoordX,CoordY,Orient,HalfLen,HalfWid
734.5,363.5,0.0,40.0,17.0
422.0,681.0,-1.5707963267948966,40.0,7.0
422.0,921.0,-1.5707963267948966,41.0,7.0
789.5,947.5,-1.5707963267948966,40.0,5.0
919.4499605988967,1000.7415287628054,2.1968110521881705,39.944290493824475,8.266783894543805
541.0,1010.0,-3.141592653589793,40.0,6.0
725.5,1010.0,-3.141592653589793,45.0,6.0
726.0,1158.0,-3.141592653589793,46.0,17.0
803.0,1437.5,-1.5707963267948966,42.0,8.0
