CoordX,CoordY,Orient,HalfLen,HalfWid
537.0,537.0,-1.5707963267948966,40.0,7.0
1517.0,685.0,-1.5707963267948966,35.0,6.0
795.0,713.0,0.0,40.0,5.0
1721.0,797.5,0.0,30.0,11.0
1400.0,860.5,-1.5707963267948966,38.0,6.0
796.5,854.0,-3.141592653589793,39.0,5.0
797.5,979.0,0.0,41.0,19.0
1530.5,1049.0,-1.5707963267948966,42.0,21.0
