CoordX,CoordY,Orient,HalfLen,HalfWid
178.5,318.0,-3.141592653589793,40.0,5.0
446.5,318.0,-3.141592653589793,41.0,5.0
516.0,495.5,-1.5707963267948966,44.0,23.0
249.0,873.5,-1.5707963267948966,40.0,7.0
188.0,1005.5,-3.141592653589793,46.0,10.0
