CoordX,CoordY,Orient,HalfLen,HalfWid
880.5,389.5,0.0,37.0,15.0
806.0,589.0,-1.5707963267948966,41.0,3.0
570.5,643.5,-1.5707963267948966,43.0,4.0
907.5,636.5,0.0,33.0,3.0
964.5,861.0,0.0,30.0,7.0
636.5,886.0,-1.5707963267948966,30.0,4.0
467.0,946.5,-1.5707963267948966,30.0,5.0
636.5,1001.5,-1.5707963267948966,30.0,4.0
467.0,1033.0,1.5707963267948966,39.0,5.0
636.5,1148.5,-1.5707963267948966,40.0,4.0
585.5,1254.0,0.0,39.0,3.0
586.0,1383.0,-3.141592653589793,37.0,15.0
