CoordX,CoordY,Orient,HalfLen,HalfWid
1340.5,252.0,-1.5707963267948966,33.0,7.0
1098.0,296.5,0.0,36.0,5.0
1193.5,296.5,-3.141592653589793,36.0,5.0
290.5,394.0,-1.5707963267948966,47.0,13.0
989.5,537.5,0.0,45.0,12.0
510.5,541.0,0.0,39.0,6.0
1135.0,799.0,0.0,41.0,5.0
1188.0411568409343,1233.4938820912125,-3.141095438525466,37.00248150159712,5.017899123521195
