CoordX,CoordY,Orient,HalfLen,HalfWid
133.0,333.0,-1.5707963267948966,39.0,11.0
810.0,334.0,-1.5707963267948966,39.0,6.0
305.5,395.5,0.0,91.0,5.0
643.5,532.5,-1.5707963267948966,69.0,5.0
810.0,618.0,-1.5707963267948966,39.0,6.0
810.0,730.5,-1.5707963267948966,39.0,6.0
643.5,826.0,-1.5707963267948966,38.0,5.0
704.0,948.0,-3.141592653589793,39.0,11.0
