CoordX,CoordY,Orient,HalfLen,HalfWid
340.5,578.0,0.0,35.0,6.0
443.0,632.0,-1.5707963267948966,49.0,6.0
351.5,700.5,0.0,46.0,11.0
1258.5,701.0,0.0,36.0,9.0
742.5118080483658,1066.4959380313621,3.14137689454556,62.004529496782844,20.986622450565687
872.0,1066.0,-3.141592653589793,43.0,21.0
1121.4881723670333,1065.5032394153984,-0.00013147302984048943,78.00276025949755,20.98974492220783
939.5,1432.0,-1.5707963267948966,105.0,8.0
