CoordX,CoordY,Orient,HalfLen,HalfWid
630.5,312.5,-3.141592653589793,34.0,5.0
536.5,363.5,-1.5707963267948966,42.0,5.0
1281.5,400.0,-1.5707963267948966,39.0,11.0
536.5,509.5,-1.5707963267948966,37.0,5.0
897.5,518.0,-1.5707963267948966,38.0,5.0
722.0,682.0,-1.5707963267948966,31.0,6.0
595.5,763.5,-3.141592653589793,40.0,9.0
