CoordX,CoordY,Orient,HalfLen,HalfWid
118.5,44.0,0.0,43.0,19.0
226.5,510.0,-1.5707963267948966,40.0,8.0
288.0,655.5,-3.141592653589793,45.0,10.0
