CoordX,CoordY,Orient,HalfLen,HalfWid
1225.5,381.0,-1.5707963267948966,45.0,26.0
681.0,552.5,-1.5707963267948966,42.0,5.0
526.0,577.5,-1.5707963267948966,45.0,11.0
