CoordX,CoordY,Orient,HalfLen,HalfWid
639.0,138.0,0.0,44.0,12.0
2129.0,236.0,-1.5707963267948966,31.0,11.0
1455.0,239.0,-1.5707963267948966,32.0,11.0
1786.5,303.0,0.0,42.0,11.0
106.0,401.0,-1.5707963267948966,43.0,12.0
922.5,567.5,-3.141592653589793,43.0,6.0
586.0,715.5,-1.5707963267948966,32.0,5.0
508.5,906.0,0.0,48.0,12.0
