CoordX,CoordY,Orient,HalfLen,HalfWid
194.0,94.5,0.0,19.0,3.0
226.0,555.0,0.0,41.0,5.0
346.5,583.0,-1.5707963267948966,18.0,4.0
293.5,642.0,-1.5707963267948966,24.0,3.0
156.5,678.5,-1.5707963267948966,31.0,5.0
293.5,717.0,-1.5707963267948966,23.0,3.0
208.0,804.0,-3.141592653589793,41.0,7.0
