CoordX,CoordY,Orient,HalfLen,HalfWid
518.5,632.5,-3.141592653589793,39.0,5.0
282.5,1069.5,-3.141592653589793,34.0,5.0
351.5,1133.5,-1.5707963267948966,38.0,5.0
512.5,1295.0,-1.5707963267948966,46.0,4.0
222.5,1461.5,0.0,42.0,9.0
