CoordX,CoordY,Orient,HalfLen,HalfWid
438.0,177.5,0.0,42.0,14.0
753.5,494.0,-1.5707963267948966,42.0,7.0
612.5,680.5,-1.5707963267948966,41.0,5.0
928.0,697.0,-1.5707963267948966,41.0,9.0
446.0,756.0,0.0,47.0,14.0
