CoordX,CoordY,Orient,HalfLen,HalfWid
468.0,149.0,0.0,34.0,9.0
305.5,428.0,0.0,41.0,3.0
488.0,428.0,-3.141592653589793,28.0,3.0
1150.0,431.0,0.0,38.0,4.0
1245.5,431.0,0.0,36.0,4.0
1104.5,466.0,-1.5707963267948966,29.0,3.0
1104.0,549.0,-1.5707963267948966,38.0,4.0
1210.0,625.0,0.0,38.0,4.0
612.0,698.0,-1.5707963267948966,37.0,4.0
1311.0,734.0,-1.5707963267948966,29.0,7.0
551.5,746.0,-3.141592653589793,37.0,4.0
551.5,859.5,0.0,38.0,8.0
