CoordX,CoordY,Orient,HalfLen,HalfWid
609.0,171.5,0.0,42.0,18.0
610.5,643.5,-3.141592653589793,37.0,7.0
999.0,643.5,0.0,40.0,7.0
1247.5,643.5,0.0,48.0,7.0
1305.0,707.0,-1.5707963267948966,28.0,6.0
437.0,777.5,0.0,28.0,9.0
675.0,777.5,0.0,32.0,9.0
828.5,777.5,0.0,26.0,9.0
962.0,813.5,0.0,53.0,9.0
