CoordX,CoordY,Orient,HalfLen,HalfWid
465.5,498.5,-1.5707963267948966,41.0,5.0
358.0,661.0,-3.141592653589793,47.0,12.0
