CoordX,CoordY,Orient,HalfLen,HalfWid
440.5,243.0,-3.141592653589793,40.0,19.0
878.0,338.0,-1.5707963267948966,41.0,5.0
378.0,691.5,-1.5707963267948966,35.0,4.0
265.5306971904266,774.5088449531738,-3.1406590987853646,29.00745580024522,7.972923428506005
439.0,870.5,-3.141592653589793,46.0,11.0
