CoordX,CoordY,Orient,HalfLen,HalfWid
535.5,238.0,0.0,40.0,12.0
397.0,656.0,-3.141592653589793,31.0,6.0
359.0,696.5,-1.5707963267948966,31.0,5.0
415.0,875.0,0.0,44.0,12.0
