CoordX,CoordY,Orient,HalfLen,HalfWid
445.0,302.5,-3.141592653589793,37.0,18.0
288.0,712.0,0.0,38.0,5.0
443.5,712.0,0.0,56.0,5.0
542.5,798.0,-1.5707963267948966,38.0,5.0
116.0,849.5,0.0,43.0,7.0
242.45523520485585,846.9924127465857,-0.0007754587612654599,29.00386857404196,5.021711339798662
380.0,847.0,-3.141592653589793,30.0,5.0
