CoordX,CoordY,Orient,HalfLen,HalfWid
589.5,294.0,0.0,27.0,5.0
440.0,373.0,-1.5707963267948966,32.0,5.0
1182.0,415.5,-1.5707963267948966,33.0,11.0
440.0,480.5,-1.5707963267948966,34.0,5.0
732.0,559.5,-1.5707963267948966,33.0,5.0
502.5,648.0,0.0,32.0,5.0
629.0,648.0,0.0,25.0,5.0
502.5,823.0,0.0,34.0,11.0
1034.0,884.5,-1.5707963267948966,34.0,11.0
