CoordX,CoordY,Orient,HalfLen,HalfWid
133.0,249.5,0.0,44.0,18.0
149.5,637.0,-3.141592653589793,45.0,5.0
212.0,722.5,-1.5707963267948966,39.0,7.0
150.0,869.0,-3.141592653589793,46.0,10.0
