CoordX,CoordY,Orient,HalfLen,HalfWid
1128.5,150.5,-1.5707963267948966,30.0,8.0
1132.0,459.0,-1.5707963267948966,28.0,5.0
401.5,520.0,-0.7637235321966291,25.357914438655307,4.793346985336714
951.5,505.5,0.0,33.0,4.0
1132.0,568.0,-1.5707963267948966,28.0,5.0
253.0,566.5,-3.141592653589793,23.0,4.0
310.5,747.5,-1.5707963267948966,23.0,4.0
423.5,752.5,-1.5707963267948966,22.0,4.0
371.5,790.5,0.0,23.0,4.0
1067.5,890.5,-3.141592653589793,27.0,8.0
372.0,908.5,-3.141592653589793,24.0,7.0
