CoordX,CoordY,Orient,HalfLen,HalfWid
447.0,240.0,-3.141592653589793,41.0,16.0
843.9692154915591,428.5074478649454,0.000748363099776889,31.005229860476273,7.022448930732153
842.0,618.0,0.0,36.0,5.0
548.5,673.0,-3.141592653589793,36.0,5.0
396.0,714.5,-1.5707963267948966,32.0,5.0
754.0,719.5,-1.5707963267948966,37.0,5.0
204.0,802.0,0.0,32.0,5.0
695.0,802.0,0.0,41.0,5.0
396.0,853.0,-1.5707963267948966,41.0,5.0
510.5,1043.0,-3.141592653589793,46.0,5.0
511.5,1174.0,0.0,45.0,16.0
