CoordX,CoordY,Orient,HalfLen,HalfWid
810.0,307.0,0.0,42.0,17.0
393.5,641.0,-1.5707963267948966,41.0,7.0
252.51541850220264,809.4559471365639,1.569137477757857,30.01654720606997,10.049751689389765
656.5,822.5,-1.5707963267948966,40.0,7.0
938.5,954.5,0.0,46.0,7.0
