CoordX,CoordY,Orient,HalfLen,HalfWid
300.0,354.5,0.0,40.0,16.0
612.5,664.0,-1.5707963267948966,42.0,7.0
452.0,857.0,-1.5707963267948966,39.0,7.0
656.0,929.0,-1.5707963267948966,42.0,7.0
228.5,937.0,-3.141592653589793,37.0,6.0
452.0,1049.5,-1.5707963267948966,40.0,7.0
722.2498173849525,1134.5558802045289,-3.1379925057999585,42.024928798037884,7.881143535374459
517.0,1219.0,-3.141592653589793,47.0,6.0
520.5,1310.5,-3.141592653589793,49.0,15.0
689.5,1380.0,-1.5707963267948966,43.0,6.0
