CoordX,CoordY,Orient,HalfLen,HalfWid
761.0,271.5,-3.141592653589793,40.0,5.0
420.5,355.5,-1.5707963267948966,43.0,16.0
819.0,442.0,0.0,38.0,10.0
930.0,533.5,-3.141592653589793,34.0,8.0
875.0,854.5,-1.5707963267948966,38.0,11.0
762.0,1043.0,0.0,42.0,10.0
