CoordX,CoordY,Orient,HalfLen,HalfWid
1015.5,370.5,0.0,29.0,3.0
1649.0,482.5,-1.5707963267948966,39.0,13.0
884.0,468.5,0.0,35.0,3.0
778.5,520.0,-1.5707963267948966,37.0,3.0
1326.0,573.0,-3.141592653589793,39.0,9.0
1267.0,673.0,-1.5707963267948966,31.0,4.0
1089.0,673.0,-1.5707963267948966,29.0,4.0
724.5,724.0,-1.5707963267948966,39.0,3.0
902.5,780.5,0.0,42.0,9.0
778.5,895.5,-3.141592653589793,39.0,7.0
