CoordX,CoordY,Orient,HalfLen,HalfWid
801.5,196.5,-1.5707963267948966,44.0,8.0
172.0,255.5,-3.141592653589793,42.0,9.0
1570.5,413.0,-1.5707963267948966,43.0,21.0
647.0,425.0,-1.5707963267948966,42.0,6.0
892.0,482.5,-3.141592653589793,36.0,3.0
936.5,616.5,-1.5707963267948966,39.0,4.0
1233.5,680.0,-0.7844140970266308,34.653086380941325,4.983841226361557
1068.5,759.5,-0.7853981633974481,37.47665940288702,4.9497474683058424
886.5,1264.5,0.0,40.0,6.0
