CoordX,CoordY,Orient,HalfLen,HalfWid
282.0,167.5,0.0,45.0,21.0
527.0,806.0,1.5707963267948966,47.0,6.0
448.5,931.5,0.0,46.0,11.0
577.0,929.0,0.0011068731149893084,38.009938577809365,8.95793331696322
