CoordX,CoordY,Orient,HalfLen,HalfWid
958.0,146.5,-1.5707963267948966,29.0,4.0
867.5,348.0,-3.141592653589793,34.0,5.0
222.0,389.0,-1.5707963267948966,35.0,25.0
958.0,396.5,-1.5707963267948966,39.0,4.0
783.0,405.5,-1.5707963267948966,42.0,5.0
1131.5,443.0,-3.141592653589793,40.0,4.0
721.5,454.0,0.0,30.0,5.0
998.0,511.0,-3.141592653589793,29.0,5.0
958.0,571.0,-1.5707963267948966,41.0,4.0
896.5,700.0,-3.141592653589793,45.0,7.0
