CoordX,CoordY,Orient,HalfLen,HalfWid
382.0,550.5,0.0,43.0,14.0
766.5,750.5,-3.141592653589793,31.0,9.0
277.5,1077.0,-1.5707963267948966,38.0,4.0
713.5,1107.0,-1.5707963267948966,43.0,5.0
97.5,1161.0,0.0,37.0,5.0
591.140200286123,1196.0829756795422,-0.7677153096590086,43.06425519212348,4.930795047847856
324.711915535445,1198.707390648567,0.7446469010693106,42.62164386642786,3.9813217198486024
423.5,1365.0,-3.141592653589793,48.0,5.0
450.20431950634213,1547.6143297908811,0.005991347575677073,48.083016856916174,14.287331690131744
