CoordX,CoordY,Orient,HalfLen,HalfWid
872.0,178.0,-1.5707963267948966,25.0,5.0
872.0,249.0,-1.5707963267948966,24.0,5.0
811.5,322.0,-1.5707963267948966,26.0,5.0
811.5,393.0,-1.5707963267948966,26.0,5.0
812.0,482.0,-1.5707963267948966,40.0,6.0
948.0,535.0,0.0,35.0,6.0
865.0,619.0,-1.5707963267948966,40.0,6.0
709.5,624.0,-1.5707963267948966,31.0,6.0
901.0,665.0,-3.141592653589793,25.0,6.0
811.5,742.0,-3.141592653589793,44.0,20.0
