CoordX,CoordY,Orient,HalfLen,HalfWid
274.5,174.0,-1.5707963267948966,36.0,5.0
365.0,387.0,-3.141592653589793,41.0,6.0
219.0,399.5,-3.141592653589793,40.0,6.0
649.0,702.0,-1.5707963267948966,46.0,17.0
209.5,743.5,-3.141592653589793,40.0,7.0
207.0,931.5,-3.141592653589793,41.0,6.0
206.5,1077.0,-3.141592653589793,46.0,17.0
331.0,1163.0,-1.5707963267948966,36.0,7.0
