CoordX,CoordY,Orient,HalfLen,HalfWid
336.5,309.5,-3.141592653589793,42.0,21.0
239.5,846.5,-1.5707963267948966,43.0,7.0
173.5,992.5,0.0,48.0,12.0
