CoordX,CoordY,Orient,HalfLen,HalfWid
725.0,354.5,-3.141592653589793,38.0,4.0
1265.0,394.5,-1.5707963267948966,38.0,7.0
373.0,415.0,-1.5707963267948966,37.0,4.0
412.5,460.0,-3.141592653589793,33.0,4.0
921.5,559.5,-1.5707963267948966,36.0,5.0
607.0,572.5,-1.5707963267948966,37.0,5.0
711.5,624.0,-3.141592653589793,44.0,9.0
