CoordX,CoordY,Orient,HalfLen,HalfWid
1156.0,165.0,-1.5707963267948966,30.0,6.0
869.5,207.0,0.0,39.0,6.0
286.0,343.0,-1.5707963267948966,37.0,15.0
947.5,439.5,-1.5707963267948966,39.0,5.0
947.5,589.0,-1.5707963267948966,39.0,5.0
867.0,640.5,0.0,39.0,8.0
