CoordX,CoordY,Orient,HalfLen,HalfWid
541.5,187.0,-1.5707963267948966,26.0,4.0
540.5,429.5,-1.5707963267948966,25.0,3.0
688.5,489.5,-3.141592653589793,43.0,6.0
981.0,489.5,-3.141592653589793,43.0,6.0
744.0,571.0,-1.5707963267948966,29.0,6.0
1088.5,779.0,0.0,27.0,6.0
688.0,793.0,0.0,44.0,11.0
