CoordX,CoordY,Orient,HalfLen,HalfWid
166.5,159.0,-3.141592653589793,41.0,17.0
328.75692963752664,646.7558635394456,-0.7854460659491729,41.011922284012165,6.362030306885967
157.0,680.0,0.0,41.0,5.0
447.5,784.0,-1.5707963267948966,41.0,4.0
172.0,845.0,0.0,41.0,5.0
308.5,891.5,-1.8925468811915387,40.477154050155264,5.059644256269406
385.5,943.0,-3.141592653589793,46.0,5.0
385.0,1056.0,-3.141592653589793,46.0,15.0
235.0,1193.5,-1.5707963267948966,41.0,6.0
