CoordX,CoordY,Orient,HalfLen,HalfWid
194.5,231.5,-3.141592653589793,42.0,19.0
238.5,752.0,-1.5707963267948966,40.0,4.0
173.5,856.5,-3.141592653589793,45.0,10.0
