CoordX,CoordY,Orient,HalfLen,HalfWid
1112.0,222.5,-1.5707963267948966,36.0,13.0
770.0,443.5,-1.5707963267948966,35.0,13.0
534.5,870.0,0.0,109.0,13.0
