CoordX,CoordY,Orient,HalfLen,HalfWid
864.5,419.5,0.0,46.0,24.0
524.0,699.0,-1.5707963267948966,47.0,7.0
968.0,756.5,-1.5707963267948966,44.0,7.0
968.0,1009.0,-1.5707963267948966,48.0,7.0
906.5,1172.5,-3.141592653589793,45.0,10.0
