CoordX,CoordY,Orient,HalfLen,HalfWid
443.0,657.0,-1.5707963267948966,42.0,6.0
540.5,772.5,-3.141592653589793,40.0,5.0
659.0,941.0,0.0,46.0,6.0
662.5,1091.0,-3.141592653589793,46.0,13.0
