CoordX,CoordY,Orient,HalfLen,HalfWid
441.0,188.5,-3.141592653589793,43.0,11.0
502.5,361.0,-1.5707963267948966,41.0,7.0
502.5,533.0,-1.5707963267948966,27.0,7.0
562.0,662.0,-1.5707963267948966,30.0,8.0
397.0,748.0,0.0,42.0,11.0
