CoordX,CoordY,Orient,HalfLen,HalfWid
753.5,396.5,0.0,44.0,22.0
423.0,514.5,-1.5707963267948966,45.0,6.0
676.0,850.5,-1.5707963267948966,40.0,6.0
309.0,854.0,-1.5707963267948966,41.0,8.0
754.5,1006.0,0.0,46.0,11.0
