CoordX,CoordY,Orient,HalfLen,HalfWid
726.0,168.0,-1.5707963267948966,30.0,6.0
834.0,229.0,-3.141592653589793,30.0,5.0
245.5,268.0,-0.5099320482766111,42.58836289965086,18.625471734943368
831.5,428.5,-0.7854592712831164,39.597461154910036,9.190011599244915
736.0,461.0,-3.141592653589793,32.0,4.0
