CoordX,CoordY,Orient,HalfLen,HalfWid
131.5,107.5,-1.5707963267948966,31.0,12.0
847.0,134.0,-1.5707963267948966,38.0,6.0
741.5,198.0,-3.141592653589793,30.0,6.0
847.0,244.5,-1.5707963267948966,30.0,6.0
650.5,283.0,-1.5707963267948966,43.0,4.0
847.0,350.0,-1.5707963267948966,31.0,6.0
682.5,399.0,-3.141592653589793,20.0,6.0
790.0,399.0,0.0,32.0,6.0
797.0,494.5,0.0,32.0,12.0
