CoordX,CoordY,Orient,HalfLen,HalfWid
848.5,267.5,-1.5707963267948966,40.0,3.0
733.0,362.0,-3.141592653589793,41.0,6.0
527.0,411.5,-1.5707963267948966,40.0,6.0
1403.0,417.5,-1.5707963267948966,45.0,18.0
527.0,512.0,-1.5707963267948966,41.0,6.0
575.0,564.0,0.0,36.0,5.0
731.0,1017.5,-3.141592653589793,46.0,10.0
