CoordX,CoordY,Orient,HalfLen,HalfWid
1001.0,367.0,-1.5707963267948966,48.0,37.0
468.0,762.5,-1.5707963267948966,41.0,6.0
813.0,761.5,-1.5707963267948966,37.0,6.0
358.0299276169265,924.0271436525612,3.1347180509833246,45.26016949194887,39.2740603687884
