CoordX,CoordY,Orient,HalfLen,HalfWid
945.5,212.0,0.0,31.0,8.0
779.0,249.5,-1.5707963267948966,31.0,5.0
481.0,330.0,-3.141592653589793,42.0,5.0
948.0,533.0,0.0,41.0,5.0
359.0,619.0,-1.5707963267948966,45.0,16.0
763.5,704.0,0.0,44.0,5.0
937.5,707.5,-3.141592653589793,47.0,8.0
