CoordX,CoordY,Orient,HalfLen,HalfWid
369.0,470.5,-1.5707963267948966,44.0,20.0
759.5,715.0,-3.141592653589793,39.0,5.0
290.0,912.5,-1.5707963267948966,39.0,7.0
672.0,933.5,-1.5707963267948966,40.0,5.0
930.0,1061.0,0.0,45.0,10.0
