CoordX,CoordY,Orient,HalfLen,HalfWid
479.0,640.0,0.0,39.0,16.0
450.5,1078.0,0.0,56.0,5.0
584.0,1078.0,0.0,38.0,5.0
640.0,1127.0,-1.5707963267948966,38.0,5.0
356.0,1154.0,-1.5707963267948966,31.0,5.0
356.0,1303.5,-1.5707963267948966,40.0,5.0
536.0,1322.5,-1.5707963267948966,42.0,5.0
303.0,1409.0,-3.141592653589793,39.0,5.0
477.0,1453.0,0.0,43.0,5.0
477.5,1578.0,0.0,42.0,15.0
