CoordX,CoordY,Orient,HalfLen,HalfWid
183.5,241.5,-3.141592653589793,40.0,26.0
582.5,485.5,-1.5707963267948966,43.0,4.0
896.0,609.5,-3.141592653589793,38.0,4.0
582.5,656.0,-1.5707963267948966,37.0,4.0
344.5,737.0,0.0,46.0,7.0
