CoordX,CoordY,Orient,HalfLen,HalfWid
602.5,472.5,-3.141592653589793,30.0,5.0
552.5,749.0,-3.141592653589793,23.0,8.0
677.0,819.5,-1.5707963267948966,29.0,8.0
677.0,1138.0,-1.5707963267948966,40.0,8.0
