CoordX,CoordY,Orient,HalfLen,HalfWid
884.0,214.5,0.0,48.0,11.0
1282.0,501.0,0.0,43.0,6.0
1060.5,780.0,0.0,32.0,5.0
900.0,841.0,-1.5707963267948966,43.0,5.0
731.5,877.5,-1.5707963267948966,34.0,6.0
682.0,1038.5,-3.141592653589793,32.0,6.0
793.0,1080.0,-3.141592653589793,47.0,6.0
792.0,1219.5,0.0,47.0,11.0
