CoordX,CoordY,Orient,HalfLen,HalfWid
602.0,239.5,-1.5707963267948966,41.0,5.0
324.5,522.0,-3.141592653589793,36.0,5.0
488.0,522.0,0.0,41.0,5.0
655.5,522.0,-3.141592653589793,45.0,5.0
280.0,564.0,-1.5707963267948966,36.0,5.0
731.0,591.0,-1.5707963267948966,31.0,5.0
676.5,688.0,-3.141592653589793,45.0,5.0
