CoordX,CoordY,Orient,HalfLen,HalfWid
368.5,283.5,-3.141592653589793,41.0,20.0
271.5,874.0,-1.5707963267948966,42.0,6.0
355.5,998.0,0.0,46.0,11.0
