CoordX,CoordY,Orient,HalfLen,HalfWid
951.5,307.5,-3.141592653589793,47.0,16.0
440.02730970366065,619.2829750145264,1.688234198881321,42.3579494913384,10.209956845809959
261.5,665.0,-3.0184780817915766,41.04808050162747,6.027386581458865
222.5,820.5,-1.44527416207964,43.153055745828155,9.749081382245686
547.0154589371981,863.8425120772947,-1.4530484127081105,42.70225596404775,6.107316295698359
844.5,1018.0,3.01611069362603,47.12198658697378,10.242318090514527
