CoordX,CoordY,Orient,HalfLen,HalfWid
270.0,471.0,-1.5707963267948966,40.0,15.0
573.5,616.0,-1.5707963267948966,37.0,5.0
400.5,980.0,0.0,28.0,10.0
536.5,1032.5,-1.5707963267948966,35.0,5.0
584.5,1096.5,-3.141592653589793,39.0,4.0
697.5,1100.5,-3.141592653589793,44.0,8.0
