CoordX,CoordY,Orient,HalfLen,HalfWid
308.5,281.5,0.0,39.0,15.0
775.0,286.0,0.0,38.0,16.0
805.5,640.5,-3.141592653589793,37.0,5.0
770.5554231227652,751.4922526817641,1.2357130380751968,37.244102965181874,6.172224246962786
835.0,823.5,-3.141592653589793,38.0,5.0
734.5,947.5,0.0,38.0,7.0
392.5,974.5,-3.141592653589793,41.0,4.0
477.5,974.5,-3.141592653589793,26.0,4.0
395.0,1113.0,0.0,41.0,14.0
