CoordX,CoordY,Orient,HalfLen,HalfWid
727.0,300.0,-1.5707963267948966,31.0,8.0
546.5,335.5,-3.141592653589793,39.0,5.0
464.5,391.0,-1.5707963267948966,39.0,5.0
887.5,393.0,-1.5707963267948966,31.0,5.0
593.5,418.0,-1.5707963267948966,41.0,5.0
939.0,540.5,-3.141592653589793,40.0,5.0
1012.0,637.0,-1.5707963267948966,40.0,14.0
335.0,766.0,0.0,61.0,6.0
211.5,962.0,0.0,45.0,14.0
