CoordX,CoordY,Orient,HalfLen,HalfWid
873.0,219.0,-1.5707963267948966,39.0,9.0
563.5,403.0,0.0,43.0,5.0
993.5,403.0,0.0,42.0,5.0
229.99465558194774,715.0136579572446,1.5712227439624447,45.0076714175723,18.01876071831913
1384.0,788.5,-3.141592653589793,42.0,20.0
533.0,841.0,-1.5707963267948966,45.0,5.0
1055.0,861.5,-1.5707963267948966,42.0,5.0
592.0,914.0,0.0,38.0,5.0
995.5,916.0,-3.141592653589793,38.0,5.0
824.0,1113.5,-3.141592653589793,45.0,9.0
