CoordX,CoordY,Orient,HalfLen,HalfWid
194.0,397.5,-1.5707963267948966,38.0,9.0
852.0,474.5,0.0,37.0,4.0
682.5,585.5,-1.5707963267948966,44.0,3.0
896.5,592.0,-1.5707963267948966,32.0,3.0
847.0,697.0,-3.141592653589793,42.0,8.0
