CoordX,CoordY,Orient,HalfLen,HalfWid
1371.0,1199.5,-3.141592653589793,40.0,13.0
1376.5,1545.5,-1.5707963267948966,40.0,5.0
1235.5,1700.5,-1.5707963267948966,40.0,5.0
1376.5,1838.5,-1.5707963267948966,40.0,5.0
1135.0,1908.5,0.0,30.0,7.0
1321.0,2085.0,-3.141592653589793,45.0,13.0
