CoordX,CoordY,Orient,HalfLen,HalfWid
933.5,264.0,-3.141592653589793,40.0,15.0
266.5,649.0,0.0,31.0,5.0
417.0,649.0,0.0,40.0,5.0
886.0,688.5,-1.5707963267948966,29.0,5.0
584.0,698.0,-1.5707963267948966,37.0,5.0
422.5,815.5,0.0,40.0,6.0
