CoordX,CoordY,Orient,HalfLen,HalfWid
649.5,272.5,-3.141592653589793,44.0,23.0
939.0,556.5,-3.141592653589793,44.0,5.0
1067.0,608.5,-1.5707963267948966,42.0,6.0
919.0,669.0,-3.141592653589793,43.0,8.0
290.0,723.0,-1.5707963267948966,43.0,9.0
710.0,726.5,-1.5707963267948966,42.0,10.0
213.5,855.5,-3.141592653589793,47.0,11.0
