CoordX,CoordY,Orient,HalfLen,HalfWid
193.0,233.0,-1.5707963267948966,46.0,8.0
606.0,702.5,0.0,42.0,17.0
1531.0,709.0,0.0,42.0,15.0
1279.0,887.5,-3.141592653589793,40.0,5.0
614.0,1005.0,0.0,36.0,5.0
1080.0,1008.0,-3.141592653589793,40.0,6.0
1182.0,1008.0,-3.141592653589793,40.0,6.0
1481.0,1008.0,-3.141592653589793,41.0,6.0
1735.5,1008.0,0.0,40.0,6.0
795.5,1115.0,-3.141592653589793,46.0,5.0
1408.0,1181.5,0.0,35.0,5.0
795.0,1246.5,0.0,47.0,15.0
