CoordX,CoordY,Orient,HalfLen,HalfWid
390.0,491.5,-3.141592653589793,39.0,13.0
787.5,640.0,0.0,35.0,5.0
658.5,947.5,-1.5707963267948966,41.0,6.0
346.5,997.0,-1.5707963267948966,32.0,8.0
616.5,1096.9991334488734,-0.7848409908068851,44.55126612449584,6.388780814152515
401.5,1153.5,-1.5707963267948966,43.0,6.0
462.0,1316.0,0.0,44.0,6.0
462.5,1456.5,0.0,45.0,14.0
530.5,1585.0,-1.5707963267948966,40.0,7.0
