CoordX,CoordY,Orient,HalfLen,HalfWid
1580.5,113.5,-1.5707963267948966,40.0,20.0
722.0,263.0,0.0,33.0,6.0
813.5,263.0,-3.141592653589793,32.0,6.0
768.0,318.5,-1.5707963267948966,35.0,6.0
669.0,319.5,-1.5707963267948966,33.0,6.0
826.5,593.5,-3.141592653589793,36.0,5.0
669.0,627.0,-1.5707963267948966,37.0,6.0
669.0,739.0,-1.5707963267948966,36.0,6.0
224.0,762.0,-1.5707963267948966,36.0,19.0
1062.0,838.5,0.0,42.0,11.0
726.5,847.5,-3.141592653589793,29.0,5.0
