CoordX,CoordY,Orient,HalfLen,HalfWid
260.0,42.5,-3.141592653589793,157.0,9.0
556.5,42.5,-3.141592653589793,87.0,9.0
356.5,304.5,-3.141592653589793,43.0,16.0
416.0,697.5,-1.5707963267948966,39.0,5.0
416.0,938.5,-1.5707963267948966,39.0,5.0
557.0,1039.5,-3.141592653589793,39.0,5.0
373.5,1214.0,0.0,42.0,18.0
