CoordX,CoordY,Orient,HalfLen,HalfWid
682.5,348.5,-3.141592653589793,29.0,5.0
172.0,395.0,-1.5707963267948966,38.0,11.0
758.5,566.0,-1.5707963267948966,38.0,5.0
758.5,671.0,-1.5707963267948966,39.0,5.0
687.0,817.0,0.0,34.0,11.0
