CoordX,CoordY,Orient,HalfLen,HalfWid
279.0,315.5,0.0,44.0,27.0
665.5,338.0,-3.141592653589793,41.0,5.0
729.0,410.0,-1.5707963267948966,41.0,5.0
940.5,468.0,0.0,30.0,5.0
845.5,629.0,0.0,41.0,7.0
588.5,878.0,-1.5707963267948966,53.0,5.0
830.5,836.5,0.0,40.0,4.0
920.0,1013.0,-3.141592653589793,46.0,12.0
