CoordX,CoordY,Orient,HalfLen,HalfWid
215.0,351.5,0.0,45.0,11.0
347.5,357.5,-3.141592653589793,41.0,5.0
621.5,357.5,-3.141592653589793,40.0,5.0
907.5,577.5,-3.141592653589793,41.0,5.0
1022.5,577.5,-3.141592653589793,41.0,5.0
1120.0,674.5,-1.5707963267948966,40.0,5.0
892.5,800.5,0.0,45.0,9.0
