CoordX,CoordY,Orient,HalfLen,HalfWid
176.0,378.0,-1.5707963267948966,39.0,11.0
567.5,490.5,0.0,46.0,8.0
500.5,544.0,-1.5707963267948966,39.0,3.0
696.0,545.0,-1.5707963267948966,36.0,3.0
696.0,697.0,-1.5707963267948966,35.0,3.0
552.0,853.0,-1.5707963267948966,40.0,3.0
696.0,889.0,-1.5707963267948966,30.0,3.0
616.0,972.5,0.0,42.0,7.0
