CoordX,CoordY,Orient,HalfLen,HalfWid
409.0,539.0,0.0,43.0,17.0
380.5,1035.5,-1.5707963267948966,39.0,6.0
196.02634593356242,1137.5647193585337,3.140806748276829,31.00470585786187,6.023575304020477
380.5,1187.5,-1.5707963267948966,39.0,6.0
506.5,1204.5,-1.5707963267948966,38.0,6.0
607.1111111111111,1251.111111111111,-0.008634926230230006,30.05069049123115,6.258820883271032
440.0,1347.5,0.0,44.0,6.0
438.0,1462.0,-3.141592653589793,45.0,16.0
