CoordX,CoordY,Orient,HalfLen,HalfWid
498.5,557.0,-3.141592653589793,36.0,13.0
498.5,1004.5,-3.141592653589793,35.0,6.0
672.0,1004.5,-3.141592653589793,34.0,6.0
450.5,1045.5,-1.5707963267948966,28.0,5.0
605.5,1050.5,-1.5707963267948966,33.0,5.0
285.0,1143.5,0.0,32.0,5.0
450.5,1188.0,-1.5707963267948966,34.0,5.0
648.5,1321.5,0.0,30.0,6.0
502.0,1323.5,0.0,41.0,5.0
505.5,1507.5,0.0,42.0,11.0
