CoordX,CoordY,Orient,HalfLen,HalfWid
619.5,254.0,-3.141592653589793,40.0,11.0
775.0,254.0,0.0,34.0,11.0
776.0,368.5,0.0,33.0,5.0
413.5,681.5,-1.5707963267948966,38.0,5.0
729.5,730.0,-1.5707963267948966,39.0,5.0
498.5,782.5,0.0,38.0,5.0
489.5,857.5,-3.141592653589793,42.0,12.0
