CoordX,CoordY,Orient,HalfLen,HalfWid
1024.0,344.0,0.0,43.0,6.0
912.5,444.5,-3.141592653589793,42.0,5.0
969.0,555.5,-1.5707963267948966,42.0,5.0
912.0,702.0,-3.141592653589793,42.0,5.0
392.0,914.5,-1.5707963267948966,42.0,6.0
864.0,1049.0,-3.141592653589793,42.0,16.0
230.5,1047.0,0.0,48.0,11.0
348.0,1780.5,-3.141592653589793,45.0,7.0
