CoordX,CoordY,Orient,HalfLen,HalfWid
641.5,150.5,-1.5707963267948966,31.0,5.0
211.0,189.0,-1.5707963267948966,48.0,21.0
724.0,397.5,0.0,32.0,5.0
738.0,612.5,-3.141592653589793,38.0,12.0
