CoordX,CoordY,Orient,HalfLen,HalfWid
333.0,218.0,-3.141592653589793,32.0,11.0
207.0,527.5,0.0,33.0,3.0
407.5,759.5,-1.5707963267948966,30.0,4.0
355.0,799.0,0.0,43.0,5.0
515.0,799.0,0.0,31.0,5.0
354.5,923.5,0.0,45.0,12.0
