CoordX,CoordY,Orient,HalfLen,HalfWid
791.5,331.0,-3.141592653589793,40.0,14.0
386.5,627.5,0.0,38.0,7.0
600.0,627.5,-3.141592653589793,39.0,7.0
323.0,677.0,-1.5707963267948966,35.0,6.0
630.0,786.5,0.0,43.0,10.0
