CoordX,CoordY,Orient,HalfLen,HalfWid
1144.5,424.5,-1.5707963267948966,48.0,7.0
960.5,593.5,-1.5707963267948966,38.0,7.0
280.41897910243233,605.8060979787598,2.204834284312851,50.13970638645288,14.739417127942055
738.5,604.5,-1.5707963267948966,39.0,7.0
1144.5,671.5,-1.5707963267948966,48.0,7.0
960.5,741.5,-1.5707963267948966,37.0,7.0
1144.5,1004.0,-1.5707963267948966,46.0,7.0
960.5,1028.5,-1.5707963267948966,61.0,7.0
1044.5,1134.5,0.0,48.0,14.0
