CoordX,CoordY,Orient,HalfLen,HalfWid
999.0,379.0,-3.141592653589793,38.0,14.0
552.0,762.5,0.0,38.0,7.0
1101.0,988.5,-1.5707963267948966,40.0,5.0
515.0,955.5,-3.141592653589793,41.0,4.0
569.0,1014.0,-1.5707963267948966,43.0,6.0
645.5,1097.5,0.0,40.0,6.0
758.5,1097.5,-3.141592653589793,43.0,6.0
1101.0,1153.0,-1.5707963267948966,42.0,5.0
754.5,1262.5,0.0,43.0,10.0
1069.5,1324.0,0.0,59.0,7.0
1195.0,1324.0,0.0,42.0,7.0
