CoordX,CoordY,Orient,HalfLen,HalfWid
405.0,71.5,0.0,42.0,28.0
344.0,537.5,-1.5707963267948966,41.0,8.0
410.5,665.5,-3.141592653589793,47.0,11.0
