CoordX,CoordY,Orient,HalfLen,HalfWid
543.5,269.5,0.0,38.0,14.0
485.5,451.5,-1.5707963267948966,51.0,4.0
250.0,460.5,-1.5707963267948966,39.0,5.0
209.5,590.0,-3.141592653589793,29.0,7.0
380.0,758.0,-3.141592653589793,35.0,4.0
335.5,863.5,-1.5707963267948966,29.0,4.0
600.5,873.5,-1.5707963267948966,39.0,5.0
168.5,903.0,-3.141592653589793,29.0,5.0
371.5,937.5,-2.356194490192345,38.890872965260115,4.94974746830584
485.5,1118.0,0.0,43.0,5.0
486.0,1264.0,-3.141592653589793,43.0,16.0
