CoordX,CoordY,Orient,HalfLen,HalfWid
399.0,339.0,-3.141592653589793,42.0,21.0
353.0,890.0,-1.56989610271136,42.006284549263356,6.962187757186564
434.3404365904366,1019.0088357588357,-0.14719103063365474,47.1876530582729,10.363132810686343
