CoordX,CoordY,Orient,HalfLen,HalfWid
772.0,391.0,0.0,37.0,5.0
865.5,391.0,-3.141592653589793,36.0,5.0
649.5,517.0,0.0,31.0,5.0
931.0,581.5,0.0,27.0,4.0
1025.0,586.5,0.0,43.0,9.0
231.0,626.0,-1.5707963267948966,35.0,16.0
693.0,620.0,-1.5707963267948966,24.0,7.0
