CoordX,CoordY,Orient,HalfLen,HalfWid
1146.0,327.0,-1.5707963267948966,41.0,5.0
348.5,346.5,-1.5707963267948966,42.0,11.0
1019.5,478.5,-1.5707963267948966,31.0,6.0
1146.0,684.0,-1.5707963267948966,32.0,5.0
1146.0,862.0,-1.5707963267948966,42.0,5.0
995.0,913.0,0.0,43.0,5.0
1100.5,913.0,0.0,35.0,5.0
1331.5,955.0,-1.5707963267948966,30.0,6.0
994.5,1034.0,0.0,43.0,7.0
