CoordX,CoordY,Orient,HalfLen,HalfWid
572.5,75.0,-3.141592653589793,47.0,10.0
665.0,463.5,-1.5707963267948966,42.0,5.0
524.0,608.5,-1.5707963267948966,42.0,5.0
216.0,615.0,-1.5707963267948966,43.0,5.0
665.0,707.5,-1.5707963267948966,42.0,5.0
457.0,799.5,-1.5707963267948966,57.0,5.0
591.0,1052.5,0.0,49.0,17.0
