CoordX,CoordY,Orient,HalfLen,HalfWid
575.643216080402,261.52261306532665,3.139352454907376,29.008888019158178,4.064955670475701
514.0,309.0,1.5707963267948966,39.0,5.0
1230.5,365.0,-1.5707963267948966,42.0,11.0
1072.0,423.5,0.0,61.0,7.0
514.0,536.5,-1.5707963267948966,39.0,5.0
673.0,540.0,-1.5707963267948966,34.0,5.0
861.0,582.5,0.0,37.0,4.0
673.0,661.0,-1.5707963267948966,31.0,5.0
615.5,797.5,0.0,45.0,6.0
