CoordX,CoordY,Orient,HalfLen,HalfWid
449.5,189.0,0.0,26.0,5.0
857.5,345.5,-1.5707963267948966,38.0,5.0
359.0,399.5,0.0,37.0,8.0
452.5,399.5,-3.141592653589793,34.0,8.0
680.5,399.5,0.0,38.0,8.0
984.0,399.5,0.0,121.0,8.0
309.5,449.5,-1.5707963267948966,34.0,5.0
1172.5,482.0,-1.5707963267948966,37.0,13.0
355.0,541.5,-3.141592653589793,34.0,5.0
309.5,743.0,-1.5707963267948966,35.0,5.0
561.5,792.5,-3.141592653589793,44.0,9.0
