CoordX,CoordY,Orient,HalfLen,HalfWid
321.0,258.0,-3.141592653589793,34.0,10.0
342.0,834.5,-1.5707963267948966,25.0,5.0
271.5,952.0,0.0,32.0,10.0
