CoordX,CoordY,Orient,HalfLen,HalfWid
271.5,236.5,-1.5707963267948966,34.0,5.0
271.5,355.5,-1.5707963267948966,34.0,5.0
540.0,494.5,-3.141592653589793,40.0,5.0
