CoordX,CoordY,Orient,HalfLen,HalfWid
1133.0,401.0,-3.141592653589793,38.0,12.0
507.5,403.5,0.0,37.0,12.0
976.5,601.0,0.0,33.0,6.0
1087.0,789.0,-3.141592653589793,38.0,6.0
1026.0,853.5,-1.5707963267948966,33.0,6.0
1115.5,988.0,-3.141592653589793,37.0,6.0
532.0,1168.5,0.0,42.0,6.0
635.0,1168.5,-3.141592653589793,27.0,6.0
532.5,1311.0,0.0,41.0,12.0
