CoordX,CoordY,Orient,HalfLen,HalfWid
790.0,339.0,0.0,35.0,16.0
348.0,734.0,-1.5707963267948966,39.0,6.0
588.0,744.0,-1.5707963267948966,30.0,4.0
818.0,794.0,-1.5707963267948966,31.0,7.0
526.5,854.0,0.0,46.0,10.0
