CoordX,CoordY,Orient,HalfLen,HalfWid
379.5,280.5,-1.5707963267948966,63.0,4.0
339.0,551.5,-3.141592653589793,32.0,4.0
432.5,701.0,0.0,44.0,7.0
