CoordX,CoordY,Orient,HalfLen,HalfWid
1103.5,296.0,-1.5707963267948966,33.0,18.0
787.5,341.0,0.0,27.0,8.0
1000.0,341.0,0.0,32.0,8.0
573.0,470.0,0.0,32.0,9.0
921.0,626.0,-1.5707963267948966,29.0,10.0
479.5,843.5,-1.5707963267948966,32.0,10.0
1103.5,987.0,-1.5707963267948966,38.0,18.0
479.5,1042.5,-1.5707963267948966,37.0,10.0
578.0,1222.0,0.0,41.0,13.0
1184.0,1250.5,-3.141592653589793,31.0,5.0
639.0,1460.5,-1.5707963267948966,96.0,10.0
