CoordX,CoordY,Orient,HalfLen,HalfWid
756.5,257.5,-3.141592653589793,26.0,4.0
842.5,313.0,-1.5707963267948966,27.0,4.0
680.5,341.5,-1.5707963267948966,27.0,4.0
153.0,343.5,-1.5707963267948966,27.0,10.0
842.5,458.5,-1.5707963267948966,26.0,4.0
782.0,615.5,0.0,28.0,9.0
