CoordX,CoordY,Orient,HalfLen,HalfWid
554.5,372.0,-3.141592653589793,42.0,16.0
502.0,763.0,-1.5707963267948966,42.0,6.0
377.5,824.5,0.0,32.0,7.0
567.5,1040.0,-3.141592653589793,46.0,9.0
