CoordX,CoordY,Orient,HalfLen,HalfWid
390.0,224.0,-3.141592653589793,47.0,21.0
545.0,629.5,-3.141592653589793,42.0,9.0
427.5,713.5,-1.5707963267948966,40.0,6.0
343.0,839.0,-3.141592653589793,48.0,12.0
