CoordX,CoordY,Orient,HalfLen,HalfWid
453.5,387.0,0.0,39.0,19.0
531.0,541.5,-1.5707963267948966,69.0,6.0
690.5,820.0,-3.141592653589793,37.0,6.0
166.5,933.5,-3.141592653589793,59.0,5.0
638.0,984.0,-1.5707963267948966,32.0,6.0
342.0,1063.5,-1.5707963267948966,39.0,6.0
184.5,1171.5,0.0,44.0,13.0
