CoordX,CoordY,Orient,HalfLen,HalfWid
407.5,221.0,-3.141592653589793,27.0,11.0
198.5,780.0,-3.141592653589793,29.0,5.0
361.0,827.0,-1.5707963267948966,27.0,5.0
499.0,1054.5,-1.5707963267948966,28.0,5.0
440.5,1163.0,-3.141592653589793,27.0,11.0
505.0,1250.5,-1.5707963267948966,27.0,5.0
