CoordX,CoordY,Orient,HalfLen,HalfWid
300.0,161.5,-1.5707963267948966,38.0,7.0
255.5,540.0,-3.141592653589793,30.0,4.0
349.0,540.0,0.0,38.0,4.0
516.0,577.5,-1.5707963267948966,28.0,4.0
349.5,708.5,0.0,37.0,8.0
