CoordX,CoordY,Orient,HalfLen,HalfWid
469.5,71.5,-3.141592653589793,182.0,4.0
657.5,162.0,-1.5707963267948966,84.0,4.0
562.5,262.5,0.0,45.0,14.0
665.5,568.5,-1.5707963267948966,41.0,4.0
932.0,681.5,-3.141592653589793,32.0,4.0
602.5,827.5,-1.5707963267948966,40.0,4.0
808.7104761904762,856.2104761904762,1.5781945723183946,31.058337050573787,8.22912458391694
539.5,877.5,-3.141592653589793,48.0,4.0
540.5,1000.0,0.0,48.0,16.0
