CoordX,CoordY,Orient,HalfLen,HalfWid
132.5,326.0,-1.5707963267948966,30.0,5.0
770.0,308.5,0.0,30.0,5.0
83.5,393.5,-3.141592653589793,35.0,6.0
85.5,507.0,0.0,34.0,12.0
572.5,797.0,0.0,31.0,6.0
707.0,819.0,0.0,32.0,6.0
838.5,819.0,0.0,31.0,6.0
799.0,959.0,-1.5707963267948966,37.0,6.0
751.5,1111.0,0.0,34.0,11.0
