CoordX,CoordY,Orient,HalfLen,HalfWid
1134.5,396.0,-3.141592653589793,37.0,6.0
475.0,609.0,0.0,38.0,5.0
618.0448548812665,609.0065963060686,3.1410103869624124,34.002323302792846,5.0192139500317765
430.0,664.0,-1.5707963267948966,38.0,5.0
1285.0,690.5,-1.5707963267948966,40.0,12.0
595.5,931.0,0.0,44.0,10.0
