CoordX,CoordY,Orient,HalfLen,HalfWid
406.0,274.5,0.0,40.0,15.0
326.5,450.5,-1.5707963267948966,35.0,5.0
426.5,728.0,-3.141592653589793,39.0,5.0
546.5,767.0,-1.5707963267948966,31.0,5.0
376.5,773.5,-1.5707963267948966,35.0,5.0
376.5,950.5,-1.5707963267948966,40.0,5.0
592.5,1026.0,-3.141592653589793,30.0,8.0
546.5,1074.5,-1.5707963267948966,35.0,5.0
491.0,1120.5,0.0,45.0,5.0
490.5,1263.5,-3.141592653589793,44.0,15.0
