CoordX,CoordY,Orient,HalfLen,HalfWid
222.0,422.5,-1.5707963267948966,40.0,9.0
878.5,496.0,-3.141592653589793,40.0,4.0
927.5,547.0,-1.5707963267948966,35.0,3.0
629.5,715.0,-1.5707963267948966,34.0,3.0
547.5,891.0,0.0,28.0,3.0
682.5,1019.0,-3.141592653589793,44.0,8.0
135.5,1052.5,-3.141592653589793,35.0,4.0
