CoordX,CoordY,Orient,HalfLen,HalfWid
1016.0,783.0,0.0,38.0,13.0
621.0,1300.0,-1.5707963267948966,34.0,5.0
483.5,1344.0,-3.141592653589793,29.0,5.0
749.5,1344.0,0.0,37.0,5.0
864.5,1342.0,0.0,63.0,3.0
934.0,1435.0,-1.5707963267948966,27.0,5.0
1006.0,1517.0,0.0,40.0,5.0
934.0,1553.5,-1.5707963267948966,26.0,5.0
527.0,1637.5,-1.5707963267948966,28.0,5.0
1004.5,1685.5,-3.141592653589793,40.0,13.0
1254.5,1813.0,0.0,27.0,6.0
