CoordX,CoordY,Orient,HalfLen,HalfWid
537.5,251.5,0.0,33.0,3.0
668.5,251.5,-3.141592653589793,28.0,3.0
470.5,299.5,-1.5707963267948966,38.0,3.0
752.5,300.0,-1.5707963267948966,38.0,3.0
1224.0,311.5,-1.5707963267948966,39.0,12.0
470.5,392.5,-1.5707963267948966,38.0,3.0
579.0,662.0,-3.141592653589793,43.0,8.0
