CoordX,CoordY,Orient,HalfLen,HalfWid
544.5,247.0,-3.141592653589793,37.0,11.0
468.5,405.0,-1.5707963267948966,37.0,6.0
605.5,398.5,-1.5707963267948966,30.0,5.0
605.4851752021564,497.4191374663073,1.5722497897249772,30.007235623779877,5.0435985911645265
404.5,710.5,-1.5707963267948966,78.0,6.0
567.0,869.0,-3.141592653589793,28.0,5.0
510.0,1061.5,-1.5707963267948966,35.0,5.0
404.5,1138.0,-1.5707963267948966,34.0,6.0
460.5,1285.5,0.0,37.0,10.0
