CoordX,CoordY,Orient,HalfLen,HalfWid
279.5,375.5,-1.5707963267948966,34.0,5.0
297.5,609.5,-1.5707963267948966,33.0,5.0
442.5,613.5,-1.5707963267948966,29.0,5.0
355.5,656.5,0.0,41.0,8.0
