CoordX,CoordY,Orient,HalfLen,HalfWid
292.5,281.5,-3.141592653589793,41.0,14.0
809.5,661.0,-1.5707963267948966,41.0,9.0
280.5,713.0,-3.141592653589793,45.0,6.0
809.5,762.5,-1.5707963267948966,41.0,9.0
442.5,862.5,0.0,41.0,3.0
624.5,902.5,-1.5707963267948966,31.0,4.0
226.0,1037.5,0.0,47.0,11.0
