CoordX,CoordY,Orient,HalfLen,HalfWid
1047.0,210.5,0.0,63.0,26.0
1151.5,482.5,-1.5707963267948966,43.0,5.0
1151.5,787.0,-1.5707963267948966,43.0,5.0
1284.5,957.0,-1.5707963267948966,40.0,5.0
1230.0,1008.0,0.0,43.0,6.0
1411.5,1008.0,-3.141592653589793,32.0,6.0
1028.5,1170.0,0.0,50.0,9.0
