CoordX,CoordY,Orient,HalfLen,HalfWid
788.0,411.0,-3.141592653589793,35.0,8.0
1420.5,448.0,0.0,27.0,6.0
1321.0,556.0,-1.5707963267948966,67.0,10.0
242.0,538.0,0.0,35.0,9.0
1398.0,647.0,0.0,44.0,10.0
240.0,824.5,0.0,37.0,31.0
