CoordX,CoordY,Orient,HalfLen,HalfWid
360.5,350.5,-3.141592653589793,39.0,11.0
267.5,470.5,-1.5707963267948966,42.0,7.0
179.73353293413174,753.5329341317365,3.139327582117185,41.01122017147389,5.09285502459993
217.0,922.5,0.0,45.0,8.0
