CoordX,CoordY,Orient,HalfLen,HalfWid
572.0,375.0,-3.141592653589793,47.0,10.0
415.0,952.5,-1.5707963267948966,33.0,5.0
802.4928492849285,950.9647964796479,1.5714800533381363,32.004094879228326,6.021194118743105
634.0,980.0,-1.5707963267948966,38.0,4.0
415.0,1041.0,-1.5707963267948966,34.0,5.0
634.0,1143.5,-1.5707963267948966,45.0,4.0
467.5,1202.0,-3.141592653589793,41.0,5.0
578.5,1466.0,-3.141592653589793,45.0,5.0
580.0,1555.5,0.0,45.0,12.0
