CoordX,CoordY,Orient,HalfLen,HalfWid
175.5,219.0,0.0,33.0,6.0
394.5,412.0,0.0,33.0,6.0
532.0,479.0,-1.5707963267948966,34.0,6.0
239.0,483.0,-1.5707963267948966,34.0,6.0
287.5,549.0,0.0,25.0,6.0
424.0,1015.0,0.0,34.0,6.0
428.5,1136.5,-3.141592653589793,34.0,11.0
