CoordX,CoordY,Orient,HalfLen,HalfWid
1207.5,179.5,-3.141592653589793,47.0,14.0
268.0,774.0,-3.141592653589793,39.0,11.0
1038.5,1210.0,-3.141592653589793,49.0,16.0
984.0,1376.0,-1.5707963267948966,33.0,3.0
