CoordX,CoordY,Orient,HalfLen,HalfWid
763.0,419.0,0.0,43.0,15.0
1248.5,788.5,-1.5707963267948966,39.0,5.0
1562.5,838.5,-3.141592653589793,44.0,5.0
1248.5,894.0,-1.5707963267948966,39.0,5.0
603.0,990.5,0.0,49.0,4.0
1248.5,1042.0,-1.5707963267948966,40.0,5.0
741.5,1046.0,-1.5707963267948966,39.0,5.0
917.5,1118.0,-1.5707963267948966,40.0,4.0
608.0,1254.5,-3.141592653589793,44.0,13.0
1127.5,1254.5,-3.141592653589793,43.0,13.0
