CoordX,CoordY,Orient,HalfLen,HalfWid
572.0,345.5,0.0,30.0,3.0
510.5,397.5,-1.5707963267948966,39.0,4.0
1162.0,468.5,-1.5707963267948966,41.0,8.0
510.5,510.0,-1.5707963267948966,38.0,4.0
722.0,703.0,-3.141592653589793,32.0,4.0
858.0,703.0,0.0,31.0,4.0
604.0,744.0,-3.141592653589793,40.0,8.0
