CoordX,CoordY,Orient,HalfLen,HalfWid
224.0,324.0,-1.5707963267948966,46.0,10.0
610.5,380.5,-1.5707963267948966,36.0,4.0
610.5,775.5,-1.5707963267948966,35.0,4.0
610.5,1034.0,-1.5707963267948966,29.0,4.0
530.5,1081.0,0.0,43.0,10.0
