CoordX,CoordY,Orient,HalfLen,HalfWid
573.5,431.5,-3.141592653589793,34.0,5.0
556.5,591.0,-3.141592653589793,43.0,8.0
