CoordX,CoordY,Orient,HalfLen,HalfWid
242.5,464.5,-1.5707963267948966,40.0,7.0
793.5,446.0,-3.141592653589793,36.0,5.0
1070.0,838.0,-1.5707963267948966,31.0,7.0
838.0,844.0,-1.5707963267948966,31.0,5.0
783.5,969.5,0.0,44.0,7.0
