CoordX,CoordY,Orient,HalfLen,HalfWid
762.0,159.5,-1.5707963267948966,44.0,8.0
393.0,466.0,-3.141592653589793,80.0,7.0
803.5,466.0,0.0,37.0,7.0
1017.5,702.0,0.0,39.0,6.0
427.5,847.0,0.0,44.0,7.0
1017.0,847.0,0.0,40.0,7.0
