CoordX,CoordY,Orient,HalfLen,HalfWid
820.0,236.0,-1.5707963267948966,31.0,11.0
246.0,340.5,-1.5707963267948966,40.0,14.0
871.5,352.0,0.0,34.0,4.0
796.0,589.0,-1.5707963267948966,30.0,4.0
796.0,667.0,-1.5707963267948966,30.0,4.0
955.0,810.5,-1.5707963267948966,40.0,4.0
848.5,864.5,-3.141592653589793,44.0,8.0
