CoordX,CoordY,Orient,HalfLen,HalfWid
564.0,369.0,-1.5707963267948966,46.0,6.0
218.5,396.5,-1.5707963267948966,44.0,11.0
628.0,456.5,-3.141592653589793,44.0,5.0
163.5,681.5,-3.141592653589793,41.0,6.0
984.0,762.5,-1.5707963267948966,44.0,17.0
160.0,879.5,0.0,48.0,11.0
