CoordX,CoordY,Orient,HalfLen,HalfWid
834.5,316.0,0.0,33.0,12.0
737.0,722.5,-3.141592653589793,34.0,6.0
834.5,722.5,-3.141592653589793,34.0,6.0
895.0,836.5,-1.5707963267948966,34.0,6.0
490.5,897.5,-3.141592653589793,38.0,10.0
604.0,893.0,0.0,34.0,6.0
843.1448957189901,892.8353457738749,-3.131977157488725,36.04641251270046,6.105491456077229
