CoordX,CoordY,Orient,HalfLen,HalfWid
893.1310563939635,800.166004765687,0.15731737179140626,39.34937561094109,8.03035261695059
333.5,834.0,-1.5707963267948966,39.0,7.0
1005.0,818.5,-2.9836949808563498,38.58387245361494,7.120012908500329
1070.0,988.0,-2.8792505085962703,31.37923354747731,5.142285750158284
987.946335078534,1106.467277486911,-1.3095013938032083,40.5851142979199,5.502988521134483
975.140625,1447.7239583333333,-1.3186093935713579,28.890709768347296,5.299408970026416
884.0,1756.5,-3.141592653589793,46.0,9.0
