CoordX,CoordY,Orient,HalfLen,HalfWid
313.5,310.0,-3.141592653589793,44.0,26.0
525.5,686.0,-1.5707963267948966,32.0,5.0
525.5,835.5,-1.5707963267948966,40.0,5.0
525.5,948.0,-1.5707963267948966,41.0,5.0
214.0,976.5,-1.5707963267948966,41.0,6.0
339.5,1039.0,-3.141592653589793,45.0,12.0
455.5,1033.0,0.0,40.0,6.0
838.0,1168.0,0.0,32.0,6.0
576.5,1312.0,-1.5707963267948966,41.0,5.0
