CoordX,CoordY,Orient,HalfLen,HalfWid
678.5,298.0,-3.141592653589793,24.0,6.0
602.0,354.0,-1.5707963267948966,40.0,6.0
1331.5,426.0,-1.5707963267948966,39.0,11.0
602.0,464.0,-1.5707963267948966,46.0,6.0
891.0,652.0,-1.5707963267948966,39.0,6.0
663.5,715.5,0.0,42.0,11.0
795.0,710.5,-3.141592653589793,25.0,6.0
