CoordX,CoordY,Orient,HalfLen,HalfWid
499.5,387.5,-3.141592653589793,39.0,16.0
948.0,387.5,-3.141592653589793,39.0,16.0
885.5,577.5,-1.5707963267948966,37.0,6.0
941.0,678.5,0.0,38.0,6.0
943.0,943.0,0.0,39.0,6.0
668.0,1069.5,-1.5707963267948966,39.0,6.0
462.5,1074.5,-1.5707963267948966,39.0,6.0
462.5,1180.0,-1.5707963267948966,40.0,6.0
668.0,1179.0,-1.5707963267948966,38.0,6.0
547.0,1489.5,-3.141592653589793,44.0,16.0
926.0,1614.0,-1.5707963267948966,44.0,12.0
