CoordX,CoordY,Orient,HalfLen,HalfWid
142.5,160.5,0.0,37.0,8.0
580.5,440.5,-2.2989262589370303,37.19494494389194,6.366794375574504
318.5,675.5,-3.141592653589793,35.0,6.0
491.0,717.5,-1.5707963267948966,30.0,6.0
115.0,997.5,-3.141592653589793,41.0,7.0
