CoordX,CoordY,Orient,HalfLen,HalfWid
441.5,432.5,-3.141592653589793,27.0,3.0
502.5,496.5,-1.5707963267948966,25.0,3.0
449.0,584.5,0.0,31.0,6.0
