CoordX,CoordY,Orient,HalfLen,HalfWid
408.0,606.0,0.0,38.0,16.0
232.67710583153348,778.6306695464363,3.1339708381802005,39.036975918192674,5.289480951909152
232.5,967.5,-3.141592653589793,39.0,5.0
637.5,1072.0,-1.5707963267948966,39.0,5.0
287.5,1082.0,-1.5707963267948966,40.0,5.0
856.0,1126.5,-3.141592653589793,46.0,5.0
377.0,1136.5,-3.141592653589793,39.0,5.0
637.5,1180.0,-1.5707963267948966,39.0,5.0
564.0,1436.0,-3.141592653589793,45.0,16.0
305.0,1588.0,-1.5707963267948966,39.0,8.0
