CoordX,CoordY,Orient,HalfLen,HalfWid
812.0,253.0,0.0,36.0,5.0
858.0,315.0,-1.5707963267948966,41.0,5.0
858.0,492.0,-1.5707963267948966,41.0,5.0
786.0,546.5,-3.141592653589793,46.0,8.0
