CoordX,CoordY,Orient,HalfLen,HalfWid
516.0,438.0,-1.5707963267948966,38.0,16.0
1027.0,515.0,0.0,34.0,14.0
1072.0,672.5,-1.5707963267948966,35.0,7.0
1118.0,723.0,0.0,31.0,8.0
901.0,803.5,-1.5707963267948966,32.0,7.0
522.5,923.5,-1.5707963267948966,37.0,6.0
901.0,1022.0,-1.5707963267948966,39.0,7.0
578.5,1073.5,-3.141592653589793,44.0,6.0
733.0,1073.5,-3.141592653589793,30.0,6.0
817.0,1073.5,0.0,31.0,6.0
578.0,1237.5,0.0,43.0,15.0
