CoordX,CoordY,Orient,HalfLen,HalfWid
896.0,875.5,0.0,35.0,10.0
754.4553119730185,1023.008431703204,0.0009640394818497251,26.004808114825963,5.024098659882986
849.5,1160.5,0.0,36.0,12.0
