CoordX,CoordY,Orient,HalfLen,HalfWid
355.0,231.5,-3.141592653589793,42.0,15.0
254.5,923.0,-1.5707963267948966,41.0,6.0
482.0,956.5,0.0,42.0,7.0
387.5,1116.5,-3.141592653589793,33.0,5.0
254.5,1166.5,-1.5707963267948966,40.0,6.0
198.5,1244.5,-3.141592653589793,46.0,5.0
196.5,1423.5,-3.141592653589793,46.0,14.0
243.33647798742138,1602.9889937106918,-3.00896555502924,42.226797817327004,7.598574965579009
