CoordX,CoordY,Orient,HalfLen,HalfWid
1763.0,209.0,-1.5707963267948966,43.0,6.0
1506.5,216.5,-1.5707963267948966,36.0,5.0
1285.0,272.0,0.0,46.0,6.0
1710.5,272.0,0.0,40.0,6.0
1185.5,324.5,-1.5707963267948966,41.0,11.0
1623.0,326.5,-1.5707963267948966,41.0,6.0
1763.0,405.5,-1.5707963267948966,35.0,6.0
2405.5,476.5,-1.5707963267948966,40.0,11.0
1623.0,632.0,-1.5707963267948966,63.0,6.0
1911.0,691.0,-1.5707963267948966,46.0,6.0
1682.5,844.5,0.0,45.0,11.0
