CoordX,CoordY,Orient,HalfLen,HalfWid
387.5,457.0,-3.141592653589793,42.0,16.0
617.0,1020.5,0.0,36.0,4.0
455.0,1076.5,-1.5707963267948966,41.0,6.0
321.5,1153.5,-1.5707963267948966,41.0,5.0
213.0,1212.5,-3.141592653589793,38.0,5.0
390.0,1392.0,-3.141592653589793,46.0,15.0
324.0,1560.0,-1.5707963267948966,40.0,6.0
