CoordX,CoordY,Orient,HalfLen,HalfWid
606.0,241.5,0.0,35.0,3.0
561.5,290.0,-1.5707963267948966,40.0,3.0
1313.0,310.5,-1.5707963267948966,41.0,10.0
561.5,461.0,-1.5707963267948966,110.0,3.0
613.0,589.5,0.0,42.0,7.0
