CoordX,CoordY,Orient,HalfLen,HalfWid
463.0,400.5,-3.141592653589793,48.0,15.0
533.5,904.5,-1.5707963267948966,29.0,5.0
734.5,944.5,0.0,42.0,3.0
533.5,1006.0,-1.5707963267948966,43.0,5.0
409.5,1236.5,-1.5707963267948966,40.0,5.0
593.5,1252.0,-1.5707963267948966,43.0,5.0
469.5,1541.5,-3.141592653589793,47.0,15.0
603.5055187637969,1895.9646799116997,1.5711406200784048,48.002062914751505,6.983817801112284
