CoordX,CoordY,Orient,HalfLen,HalfWid
655.0,199.5,-1.5707963267948966,23.0,6.0
655.0,274.5,-1.5707963267948966,23.0,6.0
656.0,385.0,-1.5707963267948966,65.0,7.0
734.5,707.5,0.0,70.0,6.0
922.5,784.5,0.0,19.0,6.0
815.0,1015.5,-1.5707963267948966,38.0,7.0
735.0,1134.0,-3.141592653589793,45.0,15.0
