CoordX,CoordY,Orient,HalfLen,HalfWid
231.0,426.5,-3.141592653589793,47.0,16.0
834.0,830.0,0.0,35.0,5.0
925.5,830.0,0.0,35.0,5.0
357.5,923.0,-1.5707963267948966,81.0,5.0
974.0,981.0,-1.5707963267948966,32.0,5.0
879.5,1032.5,-3.141592653589793,35.0,5.0
308.0,1035.5,-3.141592653589793,40.0,5.0
213.5,1079.5,-1.5707963267948966,35.0,5.0
831.5,1128.5,-1.5707963267948966,38.0,5.0
300.5,1247.5,-3.141592653589793,46.0,13.0
229.0,1416.0,-1.5707963267948966,34.0,7.0
