CoordX,CoordY,Orient,HalfLen,HalfWid
885.5,636.5,-3.141592653589793,31.0,7.0
405.0,716.5,-1.5707963267948966,44.0,8.0
824.5,825.0,-3.141592653589793,35.0,8.0
812.5,1006.0,-3.141592653589793,45.0,8.0
