CoordX,CoordY,Orient,HalfLen,HalfWid
870.5,512.0,-3.141592653589793,46.0,17.0
785.5,951.5,-1.5707963267948966,37.0,6.0
633.0,1090.0,-3.141592653589793,42.0,5.0
785.5,1164.0,-1.5707963267948966,40.0,6.0
862.5,1295.0,0.0,46.0,10.0
