CoordX,CoordY,Orient,HalfLen,HalfWid
235.0,416.5,-3.141592653589793,36.0,12.0
400.5,416.5,0.0,36.0,12.0
703.0,416.5,0.0,39.0,12.0
964.5,519.5,-1.5707963267948966,38.0,16.0
177.5,551.0,-1.5707963267948966,37.0,7.0
235.0,836.5,0.0,42.0,10.0
