CoordX,CoordY,Orient,HalfLen,HalfWid
385.0,213.0,-3.141592653589793,39.0,12.0
265.5,285.5,-1.5707963267948966,54.0,6.0
221.5,587.5,0.0,33.0,4.0
153.0,672.0,-1.5707963267948966,29.0,3.0
287.0,846.5,-3.141592653589793,44.0,8.0
