CoordX,CoordY,Orient,HalfLen,HalfWid
1206.0,383.0,0.0,47.0,17.0
386.0,388.0,-3.141592653589793,46.0,17.0
1336.5,597.0,-1.5707963267948966,41.0,5.0
1237.5,739.5,-3.141592653589793,40.0,5.0
1293.5,860.0,-1.5707963267948966,41.0,5.0
1238.0,932.5,-3.141592653589793,40.0,5.0
402.0,997.0,-1.5707963267948966,44.0,5.0
1342.0,1152.5,0.0,35.0,5.0
448.0,1320.0,0.0,45.0,17.0
329.5,1498.0,-1.5707963267948966,46.0,6.0
