CoordX,CoordY,Orient,HalfLen,HalfWid
542.5,344.0,-1.5707963267948966,38.0,5.0
1143.5,555.5,-1.5707963267948966,38.0,10.0
542.5,658.0,-1.5707963267948966,38.0,5.0
269.5,708.5,-3.141592653589793,28.0,5.0
542.5,755.5,-1.5707963267948966,28.0,5.0
542.5,934.0,-1.5707963267948966,28.0,5.0
334.0,983.5,-1.5707963267948966,28.0,5.0
628.5,1002.0,-3.141592653589793,38.0,8.0
