CoordX,CoordY,Orient,HalfLen,HalfWid
462.0,333.5,-3.141592653589793,39.0,3.0
552.5,419.0,-1.5707963267948966,31.0,3.0
410.0,529.0,-1.5707963267948966,30.0,7.0
465.5,611.5,-3.141592653589793,41.0,6.0
