CoordX,CoordY,Orient,HalfLen,HalfWid
789.5,340.5,-3.141592653589793,41.0,17.0
260.5,400.0,-1.5707963267948966,37.0,6.0
203.5,635.5,-3.141592653589793,40.0,5.0
606.0,635.5,0.0,41.0,5.0
664.5,689.0,-1.5707963267948966,46.0,10.0
476.5,689.5,-1.5707963267948966,40.0,5.0
783.5,810.0,-3.141592653589793,45.0,11.0
