CoordX,CoordY,Orient,HalfLen,HalfWid
570.5,262.0,0.0,42.0,18.0
428.0,512.0,-1.5707963267948966,50.0,10.0
620.0,586.5,-3.141592653589793,48.0,5.0
304.0,1000.0,0.0,45.0,8.0
