CoordX,CoordY,Orient,HalfLen,HalfWid
961.5,447.0,-3.141592653589793,39.0,5.0
654.5,1192.5,-2.3562217935738414,40.30464246526733,16.969481583404203
807.0,1583.0,0.0,38.0,5.0
876.0,1666.5,-1.5707963267948966,28.0,5.0
688.0,1815.5,-1.5707963267948966,40.0,5.0
876.0,1838.5,-1.5707963267948966,32.0,5.0
915.6833602584815,1929.935379644588,-0.006253295199052612,28.024465567750635,5.1249673299591425
806.5,1987.0,-3.141592653589793,40.0,5.0
804.5,2121.5,0.0,42.0,16.0
