CoordX,CoordY,Orient,HalfLen,HalfWid
926.5,336.5,-3.141592653589793,44.0,17.0
1033.5,406.5,-1.5707963267948966,44.0,5.0
1213.5,843.5,-1.5707963267948966,44.0,5.0
519.5,880.5,-3.141592653589793,44.0,12.0
1158.5,969.0,0.0,40.0,6.0
1033.5,1024.5,-1.5707963267948966,43.0,5.0
1033.5,1180.5,-1.5707963267948966,42.0,5.0
901.5,1299.5,-1.5707963267948966,44.0,5.0
1033.5,1360.0,-1.5707963267948966,42.0,5.0
963.0,1590.5,0.0,45.0,17.0
