CoordX,CoordY,Orient,HalfLen,HalfWid
178.5,457.5,-1.5707963267948966,54.0,15.0
1204.5,840.0,-1.5707963267948966,25.0,6.0
855.5,955.0,-1.5707963267948966,37.0,5.0
855.5,1172.5,-1.5707963267948966,28.0,5.0
1240.5,1179.5,0.0,20.0,4.0
926.5,1245.0,-3.141592653589793,45.0,7.0
