CoordX,CoordY,Orient,HalfLen,HalfWid
379.5,221.5,0.0,44.0,10.0
305.0,307.0,-1.5707963267948966,34.0,8.0
171.0,589.0,-3.141592653589793,33.0,4.0
162.5,739.5,0.0,42.0,9.0
