CoordX,CoordY,Orient,HalfLen,HalfWid
879.0,330.0,-2.3562241814037113,41.71885917962229,15.555131477547107
509.5,710.5,-1.5707963267948966,38.0,8.0
209.0,763.5,-3.141592653589793,31.0,4.0
994.5,767.5,0.0,38.0,4.0
738.5,811.0,-1.5707963267948966,36.0,6.0
457.5,811.5,-1.5707963267948966,34.0,6.0
1148.5,907.5,-1.5707963267948966,32.0,3.0
1082.5,955.5,0.0,40.0,8.0
