CoordX,CoordY,Orient,HalfLen,HalfWid
564.0,238.0,0.0,29.0,4.0
634.0,321.5,-1.5707963267948966,78.0,2.0
447.5,288.5,-1.5707963267948966,40.0,4.0
1099.5,341.0,-1.5707963267948966,40.0,7.0
447.5,453.5,-1.5707963267948966,38.0,4.0
