CoordX,CoordY,Orient,HalfLen,HalfWid
840.5515239477504,197.65166908563134,3.130237112091952,29.05490675667778,5.317625961343448
667.0,242.0,-1.5707963267948966,36.0,11.0
1295.0,505.0,0.0,33.0,9.0
710.0,507.0,0.0,28.0,6.0
545.5,683.5,-3.141592653589793,30.0,4.0
461.0,731.0,-1.5707963267948966,40.0,6.0
461.0,830.0,-1.5707963267948966,41.0,6.0
534.0,946.0,-3.141592653589793,39.0,5.0
533.0,1054.0,-3.141592653589793,39.0,9.0
