CoordX,CoordY,Orient,HalfLen,HalfWid
602.5,311.5,-1.5707963267948966,25.0,3.0
334.0,454.0,0.0,40.0,9.0
566.5,454.0,-3.141592653589793,39.0,9.0
700.0,513.5,-3.141592653589793,36.0,3.0
518.5,566.5,-1.5707963267948966,34.0,6.0
691.5,677.5,0.0,48.0,7.0
