CoordX,CoordY,Orient,HalfLen,HalfWid
636.5,285.0,0.0,44.0,18.0
197.5,470.5,0.0,42.0,11.0
200.5,644.5,-3.141592653589793,44.0,6.0
318.5,744.0,-1.5707963267948966,44.0,6.0
680.5,739.5,-1.5707963267948966,39.0,6.0
881.5,844.5,0.0,38.0,6.0
680.5,901.5,-1.5707963267948966,43.0,6.0
611.0,1050.5,0.0,51.0,6.0
606.5,1204.0,0.0,50.0,15.0
972.5,1344.0,-1.5707963267948966,49.0,9.0
