CoordX,CoordY,Orient,HalfLen,HalfWid
353.5,405.5,-3.141592653589793,36.0,5.0
597.0,405.5,-3.141592653589793,38.0,5.0
822.5,405.5,0.0,38.0,5.0
878.5,498.5,-1.5707963267948966,44.0,14.0
222.5,587.0,0.0,34.0,11.0
310.5,698.0,-1.5707963267948966,39.0,3.0
392.0,945.5,0.0,43.0,9.0
