CoordX,CoordY,Orient,HalfLen,HalfWid
231.5,360.5,-3.141592653589793,40.0,13.0
282.0,855.0,-1.5707963267948966,40.0,4.0
223.0,968.5,-3.141592653589793,45.0,9.0
