CoordX,CoordY,Orient,HalfLen,HalfWid
377.0,225.0,-3.141592653589793,40.0,15.0
530.0,694.0,-1.5707963267948966,38.0,5.0
398.0,821.5,-1.5707963267948966,36.0,5.0
572.0,800.0,-3.141592653589793,28.0,5.0
450.0,873.0,-3.141592653589793,42.0,5.0
449.5,983.5,0.0,41.0,16.0
