CoordX,CoordY,Orient,HalfLen,HalfWid
244.0,152.5,-1.5707963267948966,42.0,6.0
358.5,1463.0,-3.141592653589793,41.0,6.0
