CoordX,CoordY,Orient,HalfLen,HalfWid
330.0,616.5,-1.5707963267948966,40.0,5.0
197.0,732.0,-3.141592653589793,51.0,12.0
