CoordX,CoordY,Orient,HalfLen,HalfWid
716.5,221.5,-3.141592653589793,35.0,23.0
302.0,552.5,-3.141592653589793,39.0,5.0
420.5,552.5,-3.141592653589793,39.0,5.0
636.5,639.0,-1.5707963267948966,39.0,5.0
244.5,631.0,-1.5707963267948966,29.0,6.0
310.0,734.5,0.0,44.0,15.0
431.0,723.5,-3.141592653589793,24.0,4.0
500.5,724.0,0.0,24.0,5.0
590.0,724.5,-3.141592653589793,34.0,5.0
635.5,916.0,-1.5707963267948966,26.0,4.0
602.0,1178.5,-3.141592653589793,24.0,4.0
