CoordX,CoordY,Orient,HalfLen,HalfWid
416.5,746.0,0.0,35.0,10.0
425.0,1229.0,0.0,46.0,5.0
1027.5,1231.5,-3.141592653589793,32.0,5.0
1130.0,1231.5,0.0,33.0,5.0
949.5,1280.5,-1.5707963267948966,23.0,5.0
262.0,1359.0,-1.5707963267948966,31.0,5.0
899.8781575037148,1361.3729569093612,-0.7432557432229484,28.557062477629454,6.10717726768458
326.5,1402.0,0.0,35.0,5.0
328.5,1469.0,0.0,36.0,10.0
262.0,1600.0,-1.5707963267948966,33.0,5.0
