CoordX,CoordY,Orient,HalfLen,HalfWid
736.0,416.5,-1.5707963267948966,38.0,6.0
608.0,610.0,0.0,37.0,6.0
736.0,678.0,-1.5707963267948966,36.0,6.0
