CoordX,CoordY,Orient,HalfLen,HalfWid
547.0,277.0,-1.5707963267948966,30.0,6.0
286.0,319.0,0.0,39.0,6.0
547.0,378.5,-1.5707963267948966,52.0,6.0
618.5,448.0,-3.141592653589793,39.0,15.0
422.0,709.0,-3.141592653589793,30.0,6.0
