CoordX,CoordY,Orient,HalfLen,HalfWid
914.5,374.5,0.0,46.0,18.0
484.0,611.5,-1.5707963267948966,41.0,6.0
484.0,740.0,-1.5707963267948966,41.0,6.0
730.5,844.5,-1.5707963267948966,40.0,7.0
1085.0,857.5,-1.5707963267948966,41.0,6.0
1218.0,1216.5,-3.141592653589793,46.0,10.0
