CoordX,CoordY,Orient,HalfLen,HalfWid
499.0,248.0,-1.5707963267948966,32.0,9.0
743.0,390.5,0.0,30.0,7.0
499.0,442.0,-1.5707963267948966,39.0,9.0
1349.5,490.5,-1.5707963267948966,32.0,15.0
499.0,549.5,-1.5707963267948966,38.0,9.0
792.0,673.0,-3.141592653589793,38.0,9.0
