CoordX,CoordY,Orient,HalfLen,HalfWid
566.5,360.0,-3.141592653589793,20.0,3.0
624.5,360.5,0.0,20.0,2.0
654.0,443.0,-1.5707963267948966,29.0,6.0
653.5,636.5,-1.5707963267948966,33.0,4.0
499.5,697.5,-1.5707963267948966,38.0,6.0
599.0,953.5,-3.141592653589793,41.0,17.0
489.49192364170335,1065.4508076358297,1.570081706350562,33.00356467565865,4.976416250638256
272.0,1199.5,-3.141592653589793,25.0,3.0
