CoordX,CoordY,Orient,HalfLen,HalfWid
415.5,74.5,-3.141592653589793,43.0,27.0
351.0,538.0,-1.5707963267948966,45.0,7.0
418.5,670.0,-3.141592653589793,47.0,10.0
