CoordX,CoordY,Orient,HalfLen,HalfWid
429.0,224.5,0.0,40.0,15.0
767.5,408.5,-3.141592653589793,28.0,5.0
724.5,454.5,-1.5707963267948966,36.0,5.0
771.0,739.5,-3.141592653589793,34.0,5.0
663.5,798.5,-1.5707963267948966,33.0,5.0
185.0,872.5,-3.141592653589793,31.0,5.0
426.5,924.0,-1.5707963267948966,39.0,5.0
619.5,923.5,-1.5707963267948966,38.0,5.0
483.5,1100.5,-3.141592653589793,42.0,5.0
482.5,1272.0,-3.141592653589793,44.0,16.0
476.5,1468.5,-3.141592653589793,39.0,5.0
