CoordX,CoordY,Orient,HalfLen,HalfWid
743.5,310.5,-3.141592653589793,35.0,5.0
840.5,363.0,-1.5707963267948966,43.0,5.0
77.5,403.0,-1.5707963267948966,38.0,13.0
683.0,408.5,-1.5707963267948966,42.0,5.0
840.5,469.5,-1.5707963267948966,42.0,5.0
683.0,515.5,-1.5707963267948966,42.0,5.0
775.0,761.5,-3.141592653589793,40.0,10.0
