CoordX,CoordY,Orient,HalfLen,HalfWid
708.0,568.5,-1.5707963267948966,35.0,7.0
1771.5,709.0,-1.5707963267948966,40.0,5.0
862.849710982659,739.6878612716763,-0.010275643876945382,35.049529526488165,5.9072040688051235
473.78933333333333,849.2444444444444,2.380423897394565,39.4493082226783,7.5577112940552285
1986.3990208078335,956.4565483476132,0.41213290500267635,39.22441464280234,5.658202986661232
1922.0,1307.0,-3.141592653589793,87.0,6.0
813.5,1498.0,-3.141592653589793,39.0,16.0
1955.5,1515.0,-3.141592653589793,45.0,11.0
