CoordX,CoordY,Orient,HalfLen,HalfWid
696.5,226.0,-3.141592653589793,37.0,11.0
310.5,577.0,-3.141592653589793,37.0,6.0
520.0,577.0,0.0,37.0,6.0
625.0,620.5,-1.5707963267948966,36.0,5.0
256.5,653.0,-1.5707963267948966,32.0,4.0
625.0,716.5,-1.5707963267948966,36.0,5.0
544.0,763.0,-3.141592653589793,28.0,5.0
310.0,788.0,0.0,41.0,5.0
308.5,848.5,0.0,42.0,8.0
