CoordX,CoordY,Orient,HalfLen,HalfWid
526.0,279.0,-1.5707963267948966,72.0,6.0
1125.0,338.0,-1.5707963267948966,35.0,11.0
158.0,390.0,0.0,33.0,6.0
481.0,390.0,0.0,32.0,6.0
574.5,390.0,0.0,35.0,6.0
433.0,437.5,-1.5707963267948966,33.0,6.0
433.0,563.5,-1.5707963267948966,32.0,6.0
537.5,763.0,-3.141592653589793,37.0,11.0
