CoordX,CoordY,Orient,HalfLen,HalfWid
130.0,203.5,-3.141592653589793,40.0,14.0
269.5,677.0,-1.5707963267948966,39.0,2.0
175.0,748.5,-3.141592653589793,37.0,2.0
369.0,885.5,0.0,40.0,16.0
