CoordX,CoordY,Orient,HalfLen,HalfWid
553.5,334.5,-3.141592653589793,28.0,4.0
496.5,385.0,-1.5707963267948966,37.0,4.0
1131.5,454.0,-1.5707963267948966,40.0,7.0
496.5,496.0,-1.5707963267948966,36.0,4.0
702.0,683.5,-3.141592653589793,31.0,4.0
834.0,683.5,-3.141592653589793,31.0,4.0
588.0,723.5,-3.141592653589793,39.0,7.0
