CoordX,CoordY,Orient,HalfLen,HalfWid
445.0,202.5,-1.5707963267948966,41.0,14.0
484.5,689.5,-3.141592653589793,35.0,4.0
575.5,784.5,-1.5707963267948966,32.0,5.0
191.5,811.5,0.0,31.0,4.0
378.0,877.0,-1.5707963267948966,35.0,6.0
575.5,975.0,-1.5707963267948966,32.0,5.0
621.5,1075.5,-3.141592653589793,32.0,5.0
524.0,1100.5,0.0,41.0,5.0
525.5,1250.0,-3.141592653589793,41.0,14.0
580.5,1407.5,-1.5707963267948966,35.0,5.0
