CoordX,CoordY,Orient,HalfLen,HalfWid
456.5,452.5,0.0,39.0,13.0
392.5,636.0,-1.5707963267948966,50.0,4.0
257.0,951.5,-3.141592653589793,34.0,4.0
443.5,951.5,0.0,38.0,4.0
496.5,1066.0,-1.5707963267948966,39.0,4.0
327.5,1164.0,-1.5707963267948966,35.0,5.0
282.5,1294.5,-3.141592653589793,28.0,5.0
440.5,1374.5,-3.141592653589793,40.0,5.0
441.5,1453.5,-3.141592653589793,40.0,12.0
