CoordX,CoordY,Orient,HalfLen,HalfWid
609.5,147.5,-3.141592653589793,35.0,14.0
671.5,728.5,-1.5707963267948966,32.0,5.0
710.0,870.5,0.0,28.0,5.0
615.0,920.0,-3.141592653589793,42.0,5.0
612.5,1058.0,-3.141592653589793,41.0,14.0
608.5,1324.5,-1.5707963267948966,35.0,5.0
