CoordX,CoordY,Orient,HalfLen,HalfWid
586.5,255.5,-3.141592653589793,42.0,22.0
868.5,531.0,-3.141592653589793,42.0,6.0
994.0,584.0,-1.5707963267948966,43.0,6.0
850.5,638.0,-3.141592653589793,42.0,6.0
238.0,693.5,-1.5707963267948966,43.0,7.0
647.5,696.0,-1.5707963267948966,42.0,9.0
163.0,823.5,0.0,47.0,10.0
