CoordX,CoordY,Orient,HalfLen,HalfWid
467.0,492.0,-3.141592653589793,40.0,11.0
550.5,880.5,0.0,38.0,6.0
324.0,969.5,-1.5707963267948966,34.0,6.0
268.0,1069.0,0.0,34.0,6.0
385.5,1113.5,0.0,38.0,6.0
384.5,1202.0,-3.141592653589793,37.0,11.0
