CoordX,CoordY,Orient,HalfLen,HalfWid
342.5,271.5,0.0,40.0,19.0
438.5,328.0,-1.5707963267948966,29.0,4.0
447.5,559.0,-1.5707963267948966,41.0,4.0
604.5,605.5,0.0,40.0,4.0
440.5,795.0,-1.5707963267948966,40.0,5.0
385.5,911.0,0.0,45.0,10.0
