CoordX,CoordY,Orient,HalfLen,HalfWid
739.0,451.5,-3.141592653589793,35.0,4.0
626.0,501.5,-1.5707963267948966,40.0,4.0
1459.5,530.0,-1.5707963267948966,44.0,10.0
626.0,660.5,-1.5707963267948966,43.0,4.0
770.0,944.0,-3.141592653589793,45.0,7.0
