CoordX,CoordY,Orient,HalfLen,HalfWid
293.5,211.5,0.0,43.0,17.0
1048.5,211.5,0.0,42.0,17.0
712.5,329.5,-1.5707963267948966,40.0,4.0
404.0,339.5,-1.5707963267948966,40.0,9.0
1172.5,742.0,-1.5707963267948966,35.0,4.0
1308.5,837.5,0.0,36.0,4.0
712.5,880.0,-1.5707963267948966,42.0,4.0
964.5,879.0,-1.5707963267948966,41.0,4.0
1172.5,882.5,-1.5707963267948966,34.0,4.0
1084.5,929.5,0.0,47.0,4.0
229.5,1034.5,0.0,120.0,17.0
1083.5,1034.5,-3.141592653589793,46.0,17.0
