CoordX,CoordY,Orient,HalfLen,HalfWid
1402.0,547.0,0.0,32.0,6.0
1536.5,723.0,-1.5707963267948966,38.0,16.0
250.5,718.0,0.0,34.0,8.0
956.5,722.0,-3.141592653589793,38.0,6.0
782.5,840.0,-1.5707963267948966,68.0,31.0
417.0,873.0,-1.5707963267948966,28.0,8.0
262.0,964.0,-3.141592653589793,39.0,10.0
516.5,964.0,0.0,46.0,10.0
259.0,1156.5,0.0,42.0,19.0
