CoordX,CoordY,Orient,HalfLen,HalfWid
967.0,220.0,-1.5707963267948966,35.0,4.0
274.5,361.5,-1.5707963267948966,38.0,13.0
1056.0,334.0,-3.141592653589793,30.0,4.0
1188.0,433.5,-3.141592653589793,40.0,4.0
880.5,533.5,0.0,43.0,8.0
