CoordX,CoordY,Orient,HalfLen,HalfWid
254.0,401.0,-3.141592653589793,60.0,6.0
891.0,567.5,-1.5707963267948966,30.0,7.0
593.0,552.0,0.0,59.0,8.0
473.5,557.5,0.0,12.0,2.0
453.5,630.5,-1.5707963267948966,59.0,5.0
891.0,667.0,-1.5707963267948966,39.0,7.0
792.0,791.0,0.0,38.0,18.0
842.0,791.0,-1.5707963267948966,18.0,10.0
