CoordX,CoordY,Orient,HalfLen,HalfWid
259.0,132.0,-3.141592653589793,42.0,14.0
491.5,461.5,-1.5707963267948966,41.0,5.0
440.0,513.5,0.0,45.0,5.0
491.5,606.5,-1.5707963267948966,40.0,5.0
269.0,680.5,0.0,35.0,5.0
317.5,780.5,-1.5707963267948966,40.0,5.0
434.5,834.5,-3.141592653589793,40.0,5.0
434.0,972.0,0.0,41.0,11.0
382.0,1094.5,-1.5707963267948966,41.0,6.0
