CoordX,CoordY,Orient,HalfLen,HalfWid
1126.5,409.0,-1.5707963267948966,40.0,7.0
1121.5,917.5,-1.5707963267948966,41.0,4.0
1066.0,986.5,0.0,47.0,15.0
