CoordX,CoordY,Orient,HalfLen,HalfWid
329.5,257.0,0.0,43.0,16.0
202.5,760.0,-1.5707963267948966,38.0,7.0
154.5,857.5,-3.141592653589793,34.0,5.0
343.5,954.0,-1.5707963267948966,33.0,5.0
267.5,1046.5,-3.141592653589793,48.0,11.0
