CoordX,CoordY,Orient,HalfLen,HalfWid
479.0,330.0,-1.5707963267948966,44.0,15.0
1285.0,341.5,-1.5707963267948966,44.0,15.0
1275.0,533.5,-1.5707963267948966,40.0,5.0
1389.5,623.0,-3.141592653589793,34.0,5.0
1128.0,834.0,-3.141592653589793,39.0,5.0
1229.0,834.0,-3.141592653589793,39.0,5.0
359.5,970.0,-1.5707963267948966,42.0,4.0
420.5,1020.5,-3.141592653589793,43.0,4.0
602.0,1020.5,-3.141592653589793,38.0,4.0
416.5,1155.0,-3.141592653589793,43.0,15.0
