CoordX,CoordY,Orient,HalfLen,HalfWid
599.0,349.0,-3.141592653589793,33.0,5.0
517.0,414.0,-1.5707963267948966,42.0,5.0
1420.0,503.5,-1.5707963267948966,40.0,16.0
1311.0,779.5,-1.5707963267948966,42.0,5.0
962.0,783.0,-1.5707963267948966,42.0,5.0
1527.0,857.0,-1.5707963267948966,42.0,5.0
1527.0,961.5,-1.5707963267948966,42.0,5.0
1412.5,1115.0,0.0,47.0,8.0
