CoordX,CoordY,Orient,HalfLen,HalfWid
714.5,423.0,0.0,51.0,6.0
1026.0,423.0,-3.141592653589793,47.0,6.0
605.0,495.5,-1.5707963267948966,46.0,9.0
1158.0,656.5,0.0,42.0,6.0
1103.5,882.5,-1.5707963267948966,48.0,5.0
1042.0,1096.5,-3.141592653589793,47.0,6.0
