CoordX,CoordY,Orient,HalfLen,HalfWid
469.5,116.5,0.0,37.0,11.0
583.5,432.5,-1.5707963267948966,34.0,4.0
583.5,630.0,-1.5707963267948966,32.0,4.0
422.5,667.5,-1.5707963267948966,33.0,4.0
271.0,684.5,-1.5707963267948966,24.0,5.0
583.5,738.5,-1.5707963267948966,32.0,4.0
422.5,783.5,-1.5707963267948966,33.0,4.0
530.0,958.0,0.0,37.0,5.0
530.0,1032.0,0.0,38.0,10.0
212.0,1292.0,-1.5707963267948966,32.0,4.0
