CoordX,CoordY,Orient,HalfLen,HalfWid
666.5,267.0,-1.5707963267948966,40.0,16.0
189.0,623.5,-1.5707963267948966,29.0,9.0
692.0,646.0,0.0,39.0,6.0
437.0,684.5,-1.5707963267948966,38.0,6.0
824.5,805.5,0.0,45.0,9.0
