CoordX,CoordY,Orient,HalfLen,HalfWid
780.5,369.0,-3.141592653589793,42.0,14.0
379.0,618.0,-1.5707963267948966,42.0,3.0
264.5,709.5,-1.5707963267948966,31.0,5.0
487.5,768.0,-1.5707963267948966,37.0,3.0
565.0,858.5,0.0,48.0,9.0
