CoordX,CoordY,Orient,HalfLen,HalfWid
458.5,165.5,-3.141592653589793,40.0,18.0
1107.5,173.5,-3.141592653589793,40.0,11.0
838.5,368.5,-3.141592653589793,35.0,6.0
942.5,488.5,0.0,40.0,6.0
888.5,536.5,-1.5707963267948966,37.0,6.0
313.0,649.5,-1.5707963267948966,36.0,6.0
982.5,684.5,-3.141592653589793,40.0,5.0
1090.5,815.0,-1.5707963267948966,35.0,6.0
955.5,991.5,-3.141592653589793,40.0,13.0
519.5,1014.0,-3.141592653589793,45.0,6.0
519.0,1136.0,-3.141592653589793,45.0,13.0
