CoordX,CoordY,Orient,HalfLen,HalfWid
2321.0,322.5,-3.141592653589793,45.0,9.0
1443.5,325.0,-3.141592653589793,44.0,9.0
2183.5,631.5,-1.5707963267948966,34.0,9.0
2346.5,738.5,0.0,39.0,9.0
1578.0,825.0,-1.5707963267948966,40.0,9.0
1309.0,844.5,-1.5707963267948966,34.0,9.0
1216.5,894.0,0.0,35.0,9.0
1436.0,894.0,0.0,46.0,9.0
1435.5,1053.0,-3.141592653589793,44.0,9.0
1309.0,1140.0,-1.5707963267948966,46.0,9.0
