CoordX,CoordY,Orient,HalfLen,HalfWid
505.5,150.0,-1.5707963267948966,25.0,4.0
447.5,190.0,0.0,36.0,6.0
595.0,500.0,0.0,41.0,4.0
588.5,634.0,-3.141592653589793,43.0,14.0
