CoordX,CoordY,Orient,HalfLen,HalfWid
694.5,360.5,-3.141592653589793,44.0,12.0
576.0,842.5,-1.5707963267948966,37.0,6.0
750.0,900.5,-1.5707963267948966,40.0,6.0
750.0,1013.5,-1.5707963267948966,39.0,6.0
681.5,1119.5,0.0,39.0,12.0
