CoordX,CoordY,Orient,HalfLen,HalfWid
435.0,328.0,-1.5707963267948966,47.0,12.0
363.0,397.0,-3.141592653589793,60.0,6.0
199.0,972.5,-1.5707963267948966,41.0,8.0
135.0,1095.0,-3.141592653589793,47.0,11.0
