CoordX,CoordY,Orient,HalfLen,HalfWid
733.5,275.5,0.0,40.0,6.0
682.0,317.5,-1.5707963267948966,31.0,5.0
379.0,357.0,0.0,45.0,5.0
739.0,639.0,0.0,41.0,10.0
287.0,970.0,-1.5707963267948966,45.0,21.0
381.0,1047.0,0.0,45.0,5.0
756.5,1052.0,0.0,45.0,10.0
