CoordX,CoordY,Orient,HalfLen,HalfWid
432.1089542892924,479.34126487163434,-2.3739438223586253,44.40266011217386,9.236945662242043
689.5,584.0,0.0,36.0,8.0
538.0,854.5,-1.5707963267948966,47.0,9.0
803.5,855.5,-1.5707963267948966,43.0,13.0
693.0,957.5,-3.141592653589793,45.0,13.0
