CoordX,CoordY,Orient,HalfLen,HalfWid
430.5,548.0,-3.141592653589793,42.0,16.0
569.5,557.5,-3.141592653589793,41.0,6.0
668.5,1049.5,-1.5707963267948966,42.0,6.0
356.5,1043.5,-1.5707963267948966,33.0,6.0
753.0,1176.0,-3.141592653589793,46.0,10.0
