CoordX,CoordY,Orient,HalfLen,HalfWid
646.0,261.0,-3.141592653589793,33.0,4.0
726.0,318.5,-1.5707963267948966,36.0,4.0
670.0,373.0,-3.141592653589793,33.0,4.0
561.5,694.0,-3.141592653589793,37.0,4.0
560.5,822.0,0.0,37.0,9.0
