CoordX,CoordY,Orient,HalfLen,HalfWid
383.0,279.0,-3.141592653589793,39.0,17.0
468.5,638.5,-3.141592653589793,29.0,8.0
426.0,707.5,-1.5707963267948966,33.0,6.0
369.0,838.0,-3.141592653589793,44.0,7.0
