CoordX,CoordY,Orient,HalfLen,HalfWid
610.5,364.0,-1.5707963267948966,50.0,8.0
610.5,605.5,-1.5707963267948966,42.0,8.0
528.0,870.5,-3.141592653589793,47.0,12.0
