CoordX,CoordY,Orient,HalfLen,HalfWid
718.0,159.0,-1.5707963267948966,38.0,6.0
526.5,322.5,-3.141592653589793,44.0,12.0
645.0,880.0,-1.5707963267948966,39.0,6.0
481.0,950.0,-1.5707963267948966,41.0,5.0
688.6273712737127,929.9376693766937,-0.033702124917772476,34.1491713891953,9.141112436688573
557.5,1003.5,-3.141592653589793,43.0,5.0
556.5,1098.0,0.0,45.0,10.0
