CoordX,CoordY,Orient,HalfLen,HalfWid
209.0,301.5,-1.5707963267948966,32.0,7.0
783.5,387.5,-3.1403290112872844,35.00881754990951,6.955766942411734
829.0,430.0,-1.5707963267948966,28.0,7.0
620.0,437.5,-1.5707963267948966,31.0,7.0
829.0,594.0,-1.5707963267948966,28.0,7.0
620.0,724.0,-1.5707963267948966,31.0,7.0
829.0,719.5,-1.5707963267948966,22.0,7.0
773.5,802.0,0.0,32.0,7.0
664.5,948.0,0.0,32.0,7.0
