CoordX,CoordY,Orient,HalfLen,HalfWid
647.5,194.5,-1.5707963267948966,35.0,4.0
372.5,497.5,0.0,40.0,4.0
528.0,497.5,-3.141592653589793,35.0,4.0
647.5,552.0,-1.5707963267948966,43.0,4.0
1043.0,562.0,-1.5707963267948966,42.0,13.0
243.0,657.5,-1.5707963267948966,31.0,4.0
322.0,768.5,0.0,45.0,8.0
