CoordX,CoordY,Orient,HalfLen,HalfWid
926.5,354.5,-3.141592653589793,37.0,7.0
1007.0,406.5,-1.5707963267948966,37.0,8.0
806.0,407.5,-1.5707963267948966,37.0,8.0
469.5,460.5,0.0,96.0,7.0
806.0,562.0,-1.5707963267948966,48.0,8.0
1007.0,737.5,-1.5707963267948966,41.0,8.0
290.0,742.5,-1.5707963267948966,42.0,8.0
945.5,859.5,0.0,47.0,7.0
