CoordX,CoordY,Orient,HalfLen,HalfWid
1622.0,976.0,-3.141592653589793,41.0,17.0
1692.0,1080.0,-1.5707963267948966,49.0,7.0
1214.0,1400.5,-3.141592653589793,41.0,6.0
1480.0,1452.5,-1.5707963267948966,42.0,7.0
1818.0,1443.5,-1.5707963267948966,31.0,7.0
1140.0,1595.0,-3.141592653589793,47.0,11.0
