CoordX,CoordY,Orient,HalfLen,HalfWid
882.8063439065108,614.5325542570952,0.7201535005006695,23.79199983129395,6.46058922027615
776.0,684.0,-1.5707963267948966,33.0,6.0
707.0,863.0,-3.141592653589793,55.0,13.0
