CoordX,CoordY,Orient,HalfLen,HalfWid
511.5,289.0,0.0,39.0,19.0
356.7898758357211,619.2110792741165,-0.7853539851169273,38.89059177845251,7.069380911831821
254.0,933.0,-1.5707963267948966,30.0,9.0
573.0,942.0,-1.5707963267948966,39.0,7.0
647.0,1058.0,0.0,45.0,10.0
