CoordX,CoordY,Orient,HalfLen,HalfWid
629.5,413.0,-3.141592653589793,40.0,11.0
896.5,413.0,-3.141592653589793,38.0,11.0
717.0,873.5,0.0,39.0,9.0
172.0,942.5,-3.141592653589793,29.0,7.0
458.0,1185.0,-1.5707963267948966,30.0,6.0
622.0,1185.0,-1.5707963267948966,30.0,8.0
806.0,1203.5,-1.5707963267948966,32.0,7.0
716.5,1349.5,-3.141592653589793,41.0,13.0
855.0,1449.0,-1.5707963267948966,36.0,5.0
720.5,1920.5,-3.141592653589793,38.0,11.0
1124.0,1920.5,-3.141592653589793,183.0,11.0
