CoordX,CoordY,Orient,HalfLen,HalfWid
582.5,364.5,-3.141592653589793,36.0,5.0
704.5,364.5,-3.141592653589793,36.0,5.0
1333.5,422.0,-1.5707963267948966,42.0,13.0
793.5,423.5,-1.5707963267948966,40.0,5.0
528.0,427.0,-1.5707963267948966,42.0,6.0
528.0,541.5,-1.5707963267948966,42.0,6.0
599.0,926.5,-3.141592653589793,47.0,12.0
