CoordX,CoordY,Orient,HalfLen,HalfWid
704.5,663.0,-3.141592653589793,47.0,19.0
395.5,803.0,-1.5707963267948966,42.0,7.0
787.5,1156.0,-1.5707963267948966,41.0,7.0
989.0,1213.0,0.0,43.0,7.0
787.5,1270.0,-1.5707963267948966,43.0,7.0
633.5,1321.0,-1.5707963267948966,43.0,7.0
321.5,1330.5,-1.5707963267948966,32.0,7.0
721.0,1377.5,-3.141592653589793,47.0,7.0
496.0,1625.0,0.0,47.0,19.0
719.0,1625.0,-3.141592653589793,46.0,19.0
