CoordX,CoordY,Orient,HalfLen,HalfWid
145.0,195.5,-3.141592653589793,41.0,4.0
169.0,513.5,-3.141592653589793,40.0,17.0
