CoordX,CoordY,Orient,HalfLen,HalfWid
387.5,194.0,-1.5707963267948966,42.0,5.0
635.5,248.0,-3.141592653589793,39.0,5.0
581.5,300.0,-1.5707963267948966,41.0,5.0
1309.0,336.0,-1.5707963267948966,42.0,12.0
664.5,575.0,-3.141592653589793,45.0,12.0
