CoordX,CoordY,Orient,HalfLen,HalfWid
290.0,490.5,-1.5707963267948966,41.0,12.0
1094.0,512.5,-1.5707963267948966,40.0,6.0
451.0,565.0,0.0,67.0,9.0
1094.0,619.0,-1.5707963267948966,41.0,6.0
822.0,680.0,-1.5707963267948966,36.0,6.0
1030.5,691.5,-3.141592653589793,30.0,5.0
822.0,820.0,-1.5707963267948966,31.0,6.0
877.0,894.5,-3.141592653589793,44.0,8.0
