CoordX,CoordY,Orient,HalfLen,HalfWid
456.0,365.5,0.0,38.0,15.0
540.5,486.5,-1.5707963267948966,104.0,9.0
828.5,595.0,-3.141592653589793,33.0,8.0
452.5,846.0,-3.141592653589793,42.0,6.0
650.5,846.0,0.0,39.0,6.0
826.0,846.0,0.0,34.0,6.0
868.5,920.0,-1.5707963267948966,31.0,4.0
400.5,923.5,-1.5707963267948966,31.0,4.0
456.5,965.0,-3.141592653589793,40.0,7.0
706.0,1100.0,-1.5707963267948966,40.0,7.0
650.5,1195.0,-3.141592653589793,43.0,6.0
649.0,1332.5,0.0,44.0,15.0
