CoordX,CoordY,Orient,HalfLen,HalfWid
626.5,440.0,-1.5707963267948966,30.0,5.0
858.0,539.5,-3.141592653589793,29.0,5.0
940.5,582.5,-1.5707963267948966,34.0,5.0
746.5,586.0,-1.5707963267948966,31.0,5.0
270.5,697.0,-1.5707963267948966,34.0,10.0
940.5,833.5,-1.5707963267948966,33.0,5.0
882.0,986.5,0.0,41.0,10.0
