CoordX,CoordY,Orient,HalfLen,HalfWid
390.0,583.0,-3.141592653589793,39.0,12.0
299.0,987.5,-3.141592653589793,35.0,4.0
385.0,987.5,-3.141592653589793,35.0,4.0
464.5,1070.5,-1.5707963267948966,29.0,3.0
208.0,1074.0,-1.5707963267948966,29.0,5.0
417.5,1138.0,-3.141592653589793,39.0,5.0
208.0,1335.5,-1.5707963267948966,28.0,5.0
165.0,1374.0,-3.141592653589793,33.0,7.0
317.5,1372.0,0.0,43.0,5.0
319.0,1548.5,-3.141592653589793,45.0,13.0
169.5,1704.0,-3.141592653589793,37.0,3.0
