CoordX,CoordY,Orient,HalfLen,HalfWid
452.0,282.5,-3.141592653589793,48.0,18.0
393.5,361.0,-1.5707963267948966,37.0,5.0
393.5,596.5,-1.5707963267948966,38.0,5.0
575.5,795.0,-1.5707963267948966,41.0,5.0
321.0,859.0,-1.5707963267948966,39.0,7.0
672.0,926.0,-3.141592653589793,46.0,10.0
