CoordX,CoordY,Orient,HalfLen,HalfWid
996.5,354.0,-3.141592653589793,43.0,6.0
718.0,515.5,-3.141592653589793,40.0,6.0
647.0,571.0,-1.5707963267948966,43.0,6.0
140.0,594.5,-1.5707963267948966,56.0,4.0
815.5,628.5,-1.5707963267948966,40.0,6.0
341.0,719.0,0.0,120.0,20.0
720.5,719.0,0.0,41.0,20.0
