CoordX,CoordY,Orient,HalfLen,HalfWid
390.5,252.5,0.0,39.0,9.0
678.0,337.0,-1.5707963267948966,74.0,5.0
588.5,846.0,-3.141592653589793,34.0,5.0
678.0,903.5,-1.5707963267948966,33.0,5.0
189.0,983.0,-3.141592653589793,33.0,5.0
289.0,983.0,0.0,34.0,5.0
398.0,983.0,0.0,38.0,5.0
589.0,983.0,0.0,34.0,5.0
396.5,1166.5,-3.141592653589793,37.0,9.0
