CoordX,CoordY,Orient,HalfLen,HalfWid
446.0,617.5,-3.141592653589793,43.0,13.0
805.0,792.0,-3.141592653589793,42.0,5.0
752.0,1101.5,-1.5707963267948966,41.0,4.0
411.498023715415,1159.8998682476943,-1.791670734490758,40.90062126309895,5.079572724701938
630.5,1275.5,-1.5707963267948966,41.0,4.0
563.0,1481.5,-3.141592653589793,47.0,13.0
876.0,1559.0,-1.5707963267948966,48.0,10.0
