CoordX,CoordY,Orient,HalfLen,HalfWid
696.5,442.0,-1.5707963267948966,40.0,5.0
762.5,679.5,-1.5707963267948966,35.0,5.0
582.0,776.0,0.0,37.0,11.0
1578.5,775.5,0.0,38.0,7.0
