CoordX,CoordY,Orient,HalfLen,HalfWid
588.0,281.5,-3.141592653589793,41.0,21.0
520.0,376.0,-1.5707963267948966,45.0,7.0
823.5,729.0,0.0,51.0,7.0
357.5,757.0,-0.8007864036997345,35.960249871616234,7.940241763730036
646.0,779.0,-1.5707963267948966,38.0,5.0
825.0,900.5,0.0,47.0,8.0
