CoordX,CoordY,Orient,HalfLen,HalfWid
398.5,129.5,-1.5707963267948966,61.0,5.0
347.5,479.5,0.0,42.0,3.0
442.5,479.5,0.0,34.0,3.0
479.5,634.5,-3.141592653589793,45.0,8.0
