CoordX,CoordY,Orient,HalfLen,HalfWid
405.5,274.5,-3.141592653589793,39.0,10.0
339.0,601.5,-1.5707963267948966,37.0,6.0
106.5,657.5,-3.141592653589793,28.0,5.0
495.0,780.5,-1.5707963267948966,36.0,6.0
240.5,864.0,0.0,29.0,9.0
339.0,954.0,-1.5707963267948966,38.0,6.0
433.5,1002.0,-3.141592653589793,44.0,6.0
434.5,1075.5,-3.141592653589793,44.0,11.0
232.0,1256.5,0.0,37.0,6.0
