CoordX,CoordY,Orient,HalfLen,HalfWid
933.5,195.5,0.0,39.0,13.0
346.0,480.5,0.0,35.0,6.0
1439.0,545.5,-1.5707963267948966,40.0,5.0
821.0,548.5,-1.5707963267948966,39.0,6.0
821.0,665.5,-1.5707963267948966,40.0,6.0
1439.0,728.5,-1.5707963267948966,38.0,5.0
821.0,792.5,-1.5707963267948966,38.0,6.0
979.0,843.0,0.0,39.0,6.0
689.9715762273902,881.157622739018,-2.4752390041334285,30.556586290284802,7.088415568542038
979.5,1017.5,-3.141592653589793,39.0,14.0
