CoordX,CoordY,Orient,HalfLen,HalfWid
425.0,559.5,0.0,39.0,4.0
362.0,612.5,-1.5707963267948966,39.0,4.0
482.0,702.5,0.0,43.0,10.0
651.0,696.5,-3.141592653589793,28.0,4.0
