CoordX,CoordY,Orient,HalfLen,HalfWid
449.0,241.0,0.0,41.0,14.0
384.0,698.5,-1.5707963267948966,40.0,5.0
174.5,751.0,-3.141592653589793,41.0,6.0
728.5542822677925,815.1158021712907,0.0042124813640334454,65.02048563290559,6.13895823896683
384.0,971.0,-1.5707963267948966,41.0,5.0
520.0,1002.5,-1.5707963267948966,69.0,6.0
456.0,1131.0,-3.141592653589793,48.0,6.0
457.0,1248.0,-3.141592653589793,48.0,15.0
