CoordX,CoordY,Orient,HalfLen,HalfWid
955.5,317.5,-1.5707963267948966,37.0,12.0
368.0,329.5,-1.5707963267948966,33.0,4.0
364.5,592.5,-1.5707963267948966,36.0,7.0
146.5,595.5,-1.5707963267948966,27.0,5.0
417.5,702.0,-3.141592653589793,41.0,8.0
