CoordX,CoordY,Orient,HalfLen,HalfWid
390.5,301.0,0.0,45.0,17.0
509.0,388.0,-1.5707963267948966,45.0,5.0
509.0,636.0,-1.5707963267948966,46.0,5.0
509.0,884.0,-1.5707963267948966,41.0,5.0
190.0,1200.5,-3.141592653589793,45.0,10.0
