CoordX,CoordY,Orient,HalfLen,HalfWid
135.5,203.5,-3.141592653589793,30.0,11.0
905.0,705.5,-3.141592653589793,31.0,4.0
739.5,765.0,-1.5707963267948966,31.0,4.0
739.5,922.0,-1.5707963267948966,29.0,4.0
954.0,1022.5,0.0,31.0,11.0
