CoordX,CoordY,Orient,HalfLen,HalfWid
430.5,168.5,-3.141592653589793,30.0,9.0
1019.5,375.5,-3.141592653589793,31.0,9.0
1124.0,414.5,-3.141592653589793,30.0,9.0
921.0,565.5,-3.141592653589793,31.0,9.0
1028.5,565.5,-3.141592653589793,30.0,9.0
842.5,702.0,0.0,30.0,10.0
282.5,734.5,-3.141592653589793,31.0,9.0
377.5,860.0,-3.141592653589793,31.0,9.0
