CoordX,CoordY,Orient,HalfLen,HalfWid
431.0,182.5,-1.5707963267948966,32.0,14.0
421.5,433.0,-1.5707963267948966,37.0,5.0
264.5,587.0,-1.5707963267948966,35.0,6.0
420.0,629.5,-1.5707963267948966,34.0,5.0
217.5,684.5,0.0,32.0,4.0
345.0,684.5,0.0,43.0,4.0
342.0,822.5,0.0,48.0,11.0
