CoordX,CoordY,Orient,HalfLen,HalfWid
720.0,358.5,-3.141592653589793,42.0,15.0
416.0,670.5,-1.5707963267948966,36.0,5.0
416.0,864.5,-1.5707963267948966,32.0,5.0
632.0,874.0,0.0,34.0,5.0
476.5,965.0,-3.141592653589793,43.0,14.0
