CoordX,CoordY,Orient,HalfLen,HalfWid
845.5,356.5,-2.49864400185243,34.403199001170144,5.794806018833011
832.0,519.0,-3.141592653589793,41.0,6.0
1932.0,621.5,-1.5707963267948966,46.0,17.0
1004.5,580.0,-3.141592653589793,40.0,4.0
1107.0,580.0,0.0,36.0,4.0
772.0,623.5,-1.5707963267948966,39.0,5.0
613.0,711.0,-2.3561944901923444,40.30508652763321,4.949747468305844
910.0,876.5,0.0,52.0,21.0
