CoordX,CoordY,Orient,HalfLen,HalfWid
960.0,298.0,0.0,37.0,5.0
1004.5,349.5,-1.5707963267948966,41.0,5.0
799.0,362.5,-1.5707963267948966,34.0,6.0
492.5,407.5,-3.141592653589793,44.0,9.0
1004.5,462.0,-1.5707963267948966,41.0,5.0
307.5,474.0,-1.5707963267948966,43.0,9.0
892.0,973.5,0.0,43.0,9.0
