CoordX,CoordY,Orient,HalfLen,HalfWid
1116.0,189.0,-3.141592653589793,41.0,12.0
296.5,602.5,0.0,38.0,7.0
619.0,606.0,0.0,38.0,4.0
917.5,606.0,0.0,38.0,4.0
330.5,719.5,0.0,29.0,3.0
516.0,719.5,-3.141592653589793,34.0,3.0
972.5,755.5,-1.5707963267948966,35.0,7.0
616.5,835.5,-3.141592653589793,45.0,7.0
853.5,832.5,0.0,34.0,3.0
