CoordX,CoordY,Orient,HalfLen,HalfWid
213.5,402.5,0.0,70.0,6.0
459.0,409.5,-3.141592653589793,45.0,6.0
129.5,487.0,-1.5707963267948966,36.0,4.0
413.0,745.0,0.0,41.0,5.0
203.0,791.5,-3.141592653589793,62.0,9.0
