CoordX,CoordY,Orient,HalfLen,HalfWid
238.0,85.5,0.00014534436670825856,104.0029057888247,19.98488397466571
590.5,332.5,0.0,39.0,6.0
579.5,597.0,0.0,48.0,10.0
