CoordX,CoordY,Orient,HalfLen,HalfWid
752.5,368.5,-1.5707963267948966,40.0,5.0
342.5,417.0,-1.5707963267948966,46.0,15.0
754.5,612.5,-1.5707963267948966,42.0,7.0
949.0,750.5,0.0,37.0,6.0
722.0,858.5,-1.5707963267948966,42.0,6.0
722.0,1057.5,-1.5707963267948966,41.0,6.0
438.5,1206.5,0.0,39.0,15.0
658.5,1206.5,-3.141592653589793,44.0,15.0
882.0,1308.5,-1.5707963267948966,40.0,10.0
