CoordX,CoordY,Orient,HalfLen,HalfWid
192.5,353.0,-1.5707963267948966,45.0,6.0
646.0,369.0,-1.5707963267948966,40.0,5.0
258.0,421.0,0.0,35.0,5.0
435.0,421.0,0.0,31.0,5.0
646.0,468.0,-1.5707963267948966,36.0,5.0
710.5,598.5,0.0,46.0,8.0
