CoordX,CoordY,Orient,HalfLen,HalfWid
392.0,239.5,-3.141592653589793,46.0,18.0
283.5,319.0,-1.5707963267948966,31.0,7.0
283.5,566.5,-1.5707963267948966,41.0,7.0
283.5,744.0,-1.5707963267948966,40.0,7.0
360.5,853.0,0.0,45.0,10.0
