CoordX,CoordY,Orient,HalfLen,HalfWid
491.0,322.0,-3.141592653589793,42.0,18.0
561.0,863.0,-1.5707963267948966,41.0,6.0
758.0,930.5,0.0,42.0,7.0
561.0,980.5,-1.5707963267948966,40.0,6.0
233.5,1041.0,0.0,35.0,6.0
425.0,1095.5,-1.5707963267948966,39.0,6.0
561.0,1193.5,-1.5707963267948966,41.0,6.0
482.0,1399.0,-3.141592653589793,46.0,19.0
548.0,1539.5,-1.5707963267948966,41.0,10.0
