CoordX,CoordY,Orient,HalfLen,HalfWid
324.5,218.5,0.0,38.0,12.0
182.0,634.5,-1.5707963267948966,27.0,7.0
182.0,761.5,-1.5707963267948966,34.0,7.0
335.5,768.5,-1.5707963267948966,37.0,5.0
141.0,894.5,0.0,28.0,5.0
289.0,929.5,-3.141592653589793,38.0,5.0
288.0,1031.5,-3.141592653589793,38.0,12.0
