CoordX,CoordY,Orient,HalfLen,HalfWid
648.5,174.0,-1.5707963267948966,37.0,5.0
338.0,179.0,-3.141592653589793,32.0,11.0
558.0,446.0,-3.141592653589793,30.0,5.0
401.5,485.0,-1.5707963267948966,32.0,5.0
648.5,497.5,-1.5707963267948966,34.0,5.0
582.5,586.5,0.0,37.0,10.0
