CoordX,CoordY,Orient,HalfLen,HalfWid
337.5,225.5,-1.5707963267948966,120.0,5.0
691.5,652.0,-1.5707963267948966,34.0,12.0
251.5,869.5,-1.5707963267948966,32.0,8.0
304.0,994.0,-3.141592653589793,33.0,7.0
807.0,1058.0,-1.5707963267948966,32.0,5.0
189.5,1160.0,-3.141592653589793,44.0,9.0
