CoordX,CoordY,Orient,HalfLen,HalfWid
1468.0,277.0,-3.141592653589793,31.0,10.0
1234.0,416.5,-3.141592653589793,32.0,6.0
1023.0,455.5,-1.5707963267948966,29.0,10.0
299.0,476.5,-3.141592653589793,38.0,8.0
238.0,543.5,-1.5707963267948966,30.0,5.0
434.5,594.5,-1.5707963267948966,36.0,8.0
293.0,729.5,0.0,35.0,10.0
287.0,914.5,-3.141592653589793,34.0,8.0
