CoordX,CoordY,Orient,HalfLen,HalfWid
591.5,233.0,-3.141592653589793,43.0,8.0
748.5,476.5,-1.5707963267948966,43.0,7.0
570.0,605.5,-1.5707963267948966,36.0,6.0
570.0,799.5,-1.5707963267948966,38.0,6.0
661.0,907.0,0.0,43.0,13.0
