CoordX,CoordY,Orient,HalfLen,HalfWid
267.5,458.5,-1.5707963267948966,33.0,10.0
140.0,571.5,-3.141592653589793,34.0,4.0
599.5,626.5,-1.5707963267948966,33.0,5.0
715.5,679.5,-1.5707963267948966,32.0,5.0
656.5,865.5,0.0,32.0,10.0
