CoordX,CoordY,Orient,HalfLen,HalfWid
317.0,355.5,-3.141592653589793,39.0,11.0
965.1111111111111,467.6111111111111,1.580865950714614,26.049029114643783,5.251482852537839
1000.0,627.5,0.0,30.0,5.0
1102.0,669.5,-1.5707963267948966,33.0,6.0
1101.5,765.0,-1.5694965246936547,35.00776924441933,5.954501870810719
1060.5,807.5,-3.141592653589793,31.0,5.0
228.0,896.0,-1.5707963267948966,29.0,5.0
318.5,1042.5,0.0,38.0,12.0
189.5,1286.5,-3.141592653589793,31.0,5.0
