CoordX,CoordY,Orient,HalfLen,HalfWid
790.5,242.5,0.0,25.0,4.0
881.5,308.0,-1.5707963267948966,32.0,4.0
829.5,380.0,0.0,30.0,9.0
1217.0,389.0,-3.141592653589793,31.0,18.0
304.5,441.0,-3.141592653589793,39.0,9.0
647.0,442.0,0.0,38.0,10.0
