CoordX,CoordY,Orient,HalfLen,HalfWid
230.5,224.5,0.0,70.0,13.0
806.5,410.5,-3.141592653589793,30.0,8.0
572.5,414.5,-3.141592653589793,34.0,4.0
751.0,460.0,-1.5707963267948966,35.0,5.0
657.0,512.0,0.0,32.0,5.0
618.0,693.0,-1.5707963267948966,38.0,5.0
567.5,875.5,-3.141592653589793,39.0,4.0
567.5,994.0,-3.141592653589793,40.0,14.0
