CoordX,CoordY,Orient,HalfLen,HalfWid
553.0,483.5,0.0,43.0,4.0
677.0,483.5,-3.141592653589793,42.0,4.0
518.5,621.0,-3.141592653589793,41.0,6.0
246.0,733.5,-1.5707963267948966,34.0,6.0
1237.0,814.5,-1.5707963267948966,46.0,29.0
469.0,896.0,-1.5707963267948966,40.0,5.0
189.0,961.5,-3.141592653589793,47.0,12.0
