CoordX,CoordY,Orient,HalfLen,HalfWid
422.5,302.0,-3.141592653589793,42.0,19.0
792.0,580.5,-1.5707963267948966,41.0,5.0
412.0,745.0,-1.5707963267948966,35.0,5.0
564.0,849.5,-1.5707963267948966,30.0,5.0
304.5,1017.0,-3.141592653589793,31.0,7.0
386.0,1085.5,-1.5707963267948966,40.0,5.0
386.0,1303.0,-1.5707963267948966,41.0,5.0
446.0,1361.5,-3.141592653589793,47.0,9.0
