CoordX,CoordY,Orient,HalfLen,HalfWid
527.0,223.0,0.0,37.0,6.0
690.5,223.0,0.0,29.0,6.0
1247.5,394.5,-1.5707963267948966,35.0,11.0
402.0,579.0,-1.5707963267948966,37.0,6.0
472.5,722.5,0.0,37.0,11.0
