CoordX,CoordY,Orient,HalfLen,HalfWid
172.5,198.5,-3.141592653589793,37.0,5.0
385.5,367.5,-1.5707963267948966,37.0,5.0
385.5,482.0,-1.5707963267948966,37.0,5.0
96.0,561.5,-3.141592653589793,42.0,5.0
