CoordX,CoordY,Orient,HalfLen,HalfWid
728.0,387.5,-3.141592653589793,34.0,5.0
218.0,447.5,-1.5707963267948966,36.0,19.0
831.5,465.0,-1.5707963267948966,41.0,5.0
831.5,785.0,-1.5707963267948966,42.0,5.0
766.5,902.0,0.0,41.0,9.0
