CoordX,CoordY,Orient,HalfLen,HalfWid
474.0,491.0,0.0,45.0,8.0
473.0,724.0,0.0,45.0,8.0
847.5,1275.5,0.0,59.0,6.0
1011.0,1329.0,-1.5707963267948966,39.0,7.0
337.0,1362.5,-1.5707963267948966,39.0,6.0
870.0,1383.5,-3.141592653589793,39.0,5.0
514.5,1471.5,-1.5707963267948966,40.0,6.0
1242.0,1724.0,1.5707963267948966,57.0,6.0
820.0,1763.0,-1.5707963267948966,40.0,7.0
657.0,1833.0,0.0,45.0,9.0
