CoordX,CoordY,Orient,HalfLen,HalfWid
728.5,355.5,-3.141592653589793,35.0,11.0
638.5,406.0,-1.5707963267948966,39.0,12.0
1227.5,565.0,0.0,44.0,10.0
638.5,616.5,-1.5707963267948966,37.0,12.0
638.5,791.0,-1.5707963267948966,36.0,12.0
717.5,871.0,0.0,50.0,15.0
