CoordX,CoordY,Orient,HalfLen,HalfWid
1094.5,331.0,-1.5707963267948966,37.0,10.0
435.5,395.5,0.0,33.0,4.0
1036.0,395.5,0.0,37.0,4.0
381.5,446.5,-1.5707963267948966,33.0,4.0
799.5,499.5,-1.5707963267948966,38.0,4.0
534.0,601.5,-1.5707963267948966,34.0,5.0
610.5,759.0,-3.141592653589793,38.0,11.0
