CoordX,CoordY,Orient,HalfLen,HalfWid
595.5,324.0,-1.5707963267948966,43.0,5.0
261.5,351.0,-1.5707963267948966,40.0,9.0
660.5,406.0,0.0,40.0,6.0
208.0,624.0,-3.141592653589793,40.0,6.0
1003.5,702.0,-1.5707963267948966,43.0,17.0
206.5,815.0,-3.141592653589793,45.0,11.0
