CoordX,CoordY,Orient,HalfLen,HalfWid
862.0,389.0,-1.5707963267948966,54.0,4.0
412.5,380.0,-1.5707963267948966,41.0,13.0
601.5,693.0,0.0,63.0,4.0
973.5,693.0,0.0,28.0,4.0
422.0,742.0,-1.5707963267948966,39.0,4.0
873.0,740.0,-1.5707963267948966,35.0,4.0
422.0,841.0,-1.5707963267948966,38.0,4.0
668.0,958.0,1.5707963267948966,49.0,4.0
1184.0,1001.0,0.0,29.0,4.0
478.5,1015.0,0.0,39.0,4.0
575.0,1015.0,0.0,28.0,4.0
478.5,1178.0,0.0,40.0,13.0
