CoordX,CoordY,Orient,HalfLen,HalfWid
1089.0,145.0,-3.141592653589793,42.0,14.0
1382.5,305.5,0.0,36.0,4.0
458.0,505.0,0.0,44.0,5.0
398.0,567.5,-1.5707963267948966,44.0,5.0
1334.0,544.0,-3.141592653589793,42.0,5.0
1245.0,640.5,-1.5707963267948966,44.0,6.0
486.0,628.0,-3.141592653589793,38.0,6.0
398.0,851.5,-1.5707963267948966,39.0,5.0
1109.0,971.0,0.0,47.0,13.0
