CoordX,CoordY,Orient,HalfLen,HalfWid
861.0,330.5,-1.5707963267948966,71.0,7.0
1128.5,404.0,-1.5707963267948966,31.0,11.0
335.0,498.5,-3.141592653589793,34.0,7.0
498.5,498.5,0.0,36.0,7.0
421.5,560.0,-1.5707963267948966,35.0,4.0
568.5,577.5,-1.5707963267948966,29.0,8.0
482.5,750.0,-3.141592653589793,37.0,10.0
