CoordX,CoordY,Orient,HalfLen,HalfWid
703.0,117.5,0.0,48.0,4.0
571.0,648.0,0.0,30.0,21.0
661.0,648.0,-3.141592653589793,36.0,21.0
359.5,769.0,-1.5707963267948966,29.0,6.0
321.0,886.0,0.0,28.0,6.0
724.5,962.0,-1.5707963267948966,31.0,6.0
1397.0,995.5,-1.5707963267948966,30.0,5.0
516.5,998.5,-1.5707963267948966,27.0,6.0
565.0,1038.0,-3.141592653589793,34.0,7.0
1444.0,1054.0,-3.141592653589793,35.0,7.0
1616.5,1316.0,-3.141592653589793,40.0,5.0
1617.0,1392.0,0.0,43.0,14.0
