CoordX,CoordY,Orient,HalfLen,HalfWid
137.5,520.5,0.0,85.0,6.0
545.5,520.5,-3.141592653589793,43.0,6.0
672.0,520.5,-3.141592653589793,43.0,6.0
804.0,579.5,-1.5707963267948966,39.0,6.0
478.5,585.0,-1.5707963267948966,40.0,6.0
733.0,689.5,-3.141592653589793,46.0,7.0
