CoordX,CoordY,Orient,HalfLen,HalfWid
226.5,317.0,-1.5707963267948966,42.0,9.0
170.5,591.5,-3.141592653589793,42.0,5.0
964.5,669.5,-1.5707963267948966,41.0,16.0
171.0,782.5,0.0,47.0,10.0
