CoordX,CoordY,Orient,HalfLen,HalfWid
622.0,332.0,-3.141592653589793,32.0,4.0
496.0,400.0,-1.5707963267948966,41.0,4.0
1305.5,399.0,-1.5707963267948966,37.0,13.0
1108.0,453.0,0.0,84.0,8.0
496.0,513.0,-1.5707963267948966,41.0,4.0
727.0,569.0,-1.5707963267948966,33.0,4.0
547.5,748.5,-3.141592653589793,43.0,9.0
