CoordX,CoordY,Orient,HalfLen,HalfWid
333.0,184.5,-1.5707963267948966,37.0,13.0
893.5,303.5,0.0,37.0,4.0
1000.5,343.5,-1.5707963267948966,34.0,4.0
790.5,395.5,-1.5707963267948966,40.0,4.0
1292.0,387.5,-3.141592653589793,32.0,4.0
1091.5493171471928,505.50682852807284,3.1409641334901712,32.00250775963291,4.020111851788695
1000.5,554.5,-1.5707963267948966,40.0,4.0
924.5,814.5,0.0,44.0,7.0
