CoordX,CoordY,Orient,HalfLen,HalfWid
734.0,196.5,-1.5707963267948966,51.0,4.0
332.5,205.0,-1.5707963267948966,48.0,26.0
734.0,714.5,-1.5707963267948966,41.0,4.0
571.0,938.5,-1.5707963267948966,42.0,4.0
264.0,945.5,-1.5707963267948966,42.0,6.0
671.5,1016.0,0.0,47.0,11.0
