CoordX,CoordY,Orient,HalfLen,HalfWid
597.5,530.0,0.0,27.0,5.0
382.5,616.0,-3.141592653589793,45.0,5.0
496.5,616.0,-3.141592653589793,46.0,5.0
559.0,650.5,-1.5707963267948966,23.0,5.0
674.0,688.5,-3.141592653589793,28.0,4.0
368.5,828.0,-3.141592653589793,37.0,6.0
485.5,828.0,0.0,27.0,6.0
659.0,871.0,-3.141592653589793,45.0,7.0
