CoordX,CoordY,Orient,HalfLen,HalfWid
213.5,211.5,-1.5707963267948966,39.0,26.0
843.0,334.5,0.0,33.0,5.0
620.0,423.0,-1.5707963267948966,43.0,6.0
886.0,425.0,-1.5707963267948966,43.0,6.0
456.0,474.0,0.0,31.0,5.0
661.5,474.0,0.0,31.0,5.0
292.5,503.5,-1.5707963267948966,23.0,3.0
495.5,523.5,-1.5707963267948966,26.0,3.0
829.5,512.0,-3.141592653589793,46.0,6.0
