CoordX,CoordY,Orient,HalfLen,HalfWid
964.5,230.0,-1.5707963267948966,44.0,5.0
714.5,354.5,-3.141592653589793,35.0,8.0
625.0,401.0,-0.9872484352199025,42.13208640592665,5.9163150086431715
312.5,450.5,-3.141592653589793,41.0,5.0
640.0,838.5,-3.141592653589793,36.0,8.0
757.5,839.5,-3.141592653589793,35.0,8.0
703.0,975.5,-1.5707963267948966,37.0,8.0
586.5,993.0,-1.5707963267948966,34.0,6.0
478.5,1039.5,-3.141592653589793,39.0,8.0
