CoordX,CoordY,Orient,HalfLen,HalfWid
688.5,278.0,-1.5707963267948966,88.0,11.0
192.5,349.0,-3.141592653589793,50.0,11.0
972.5,385.0,-1.5707963267948966,41.0,9.0
636.0,476.5,-3.141592653589793,39.0,11.0
747.5,476.5,0.0,42.0,11.0
427.5,594.0,-1.5707963267948966,42.0,10.0
489.0,649.5,0.0,33.0,9.0
805.0,729.0,-1.5707963267948966,41.0,13.0
630.5,783.0,0.0,40.0,12.0
725.0,776.5,-3.141592653589793,25.0,5.0
