CoordX,CoordY,Orient,HalfLen,HalfWid
183.0,383.0,-1.5707963267948966,43.0,8.0
936.5,435.5,-3.141592653589793,42.0,6.0
994.5,485.0,-1.5707963267948966,39.0,4.0
890.5,533.5,-3.141592653589793,34.0,4.0
723.0,756.0,-3.141592653589793,42.0,8.0
