CoordX,CoordY,Orient,HalfLen,HalfWid
495.5,545.5,0.0,37.0,11.0
617.5,951.0,0.0,32.0,7.0
462.0,1059.5,-1.5707963267948966,27.0,7.0
662.0,1098.5,-1.5707963267948966,59.0,7.0
232.0,1103.5,-1.5707963267948966,27.0,7.0
462.0,1189.5,-1.5707963267948966,34.0,7.0
544.5,1366.0,-3.141592653589793,36.0,7.0
546.5,1435.0,0.0,35.0,11.0
462.0,1579.5,-1.5707963267948966,34.0,7.0
