CoordX,CoordY,Orient,HalfLen,HalfWid
869.5,339.0,0.0,33.0,7.0
945.0,397.5,-1.5707963267948966,34.0,7.0
787.0,397.5,-1.5707963267948966,33.0,7.0
787.0,673.0,-1.5707963267948966,34.0,7.0
1475.0,689.5,-1.5707963267948966,35.0,13.0
549.5,1127.0,-3.141592653589793,34.0,7.0
786.0,1172.0,-1.5707963267948966,34.0,7.0
669.0,1177.0,-1.5707963267948966,34.0,7.0
869.0,1343.5,-3.141592653589793,36.0,13.0
