CoordX,CoordY,Orient,HalfLen,HalfWid
514.5,390.5,-3.141592653589793,41.0,5.0
731.0,510.5,-3.141592653589793,41.0,4.0
989.0,510.5,-3.141592653589793,42.0,4.0
1236.0,565.0,-1.5707963267948966,42.0,12.0
785.5,680.0,-1.5707963267948966,31.0,8.0
507.5,842.5,0.0,46.0,9.0
