CoordX,CoordY,Orient,HalfLen,HalfWid
423.5,488.5,-3.141592653589793,42.0,15.0
466.5,804.5,-1.5707963267948966,32.0,5.0
466.5,936.5,-1.5707963267948966,34.0,5.0
529.0399632521819,1052.0004593477263,2.4531185227004063e-05,43.000294361284446,12.001054837353982
