CoordX,CoordY,Orient,HalfLen,HalfWid
448.5,253.5,-3.141592653589793,26.0,4.0
377.5,293.5,-1.5707963267948966,26.0,4.0
986.5,393.0,-1.5707963267948966,28.0,10.0
377.5,396.0,-1.5707963267948966,27.0,4.0
498.5,503.0,-1.5707963267948966,28.0,4.0
436.5,602.5,-3.141592653589793,28.0,10.0
