CoordX,CoordY,Orient,HalfLen,HalfWid
832.5,201.0,0.0,42.0,11.0
726.0032894736842,353.0296052631579,1.570655525797367,71.00112570419182,8.009855990494833
367.5,431.0,-3.141592653589793,40.0,4.0
673.5,431.0,-3.141592653589793,40.0,4.0
726.0,510.0,-1.5707963267948966,72.0,8.0
316.0,476.0,-1.5707963267948966,35.0,4.0
547.0,629.5,-1.5707963267948966,29.0,5.0
669.5,849.0,-3.141592653589793,45.0,8.0
