CoordX,CoordY,Orient,HalfLen,HalfWid
417.0,335.0,0.0,39.0,16.0
363.5,913.0,-2.3211898350473823,38.74331352928087,5.730399452591337
504.0,1038.5,-1.5707963267948966,38.0,6.0
552.5,1088.5,-3.141592653589793,34.0,5.0
447.5,1136.5,-3.141592653589793,44.0,5.0
447.5,1257.5,-3.141592653589793,44.0,16.0
