CoordX,CoordY,Orient,HalfLen,HalfWid
802.0,374.5,-1.5707963267948966,29.0,6.0
845.5,488.0,-3.141592653589793,34.0,5.0
1018.0,540.5,-1.5707963267948966,39.0,5.0
333.0,595.0,0.0,90.0,8.0
165.0,647.5,-1.5707963267948966,39.0,8.0
1018.0,653.0,1.5707963267948966,39.0,5.0
722.0,689.5,0.0,39.0,4.0
907.5,907.0,-3.141592653589793,38.0,8.0
