CoordX,CoordY,Orient,HalfLen,HalfWid
867.0,218.0,0.0,36.0,4.0
913.5,299.5,-1.5707963267948966,40.0,3.0
688.0,304.0,-1.5707963267948966,40.0,4.0
204.0,369.5,-1.5707963267948966,42.0,11.0
913.5,406.0,-1.5707963267948966,40.0,3.0
858.5,566.5,0.0,42.0,8.0
