CoordX,CoordY,Orient,HalfLen,HalfWid
802.0,308.0,-3.141592653589793,46.0,19.0
921.0,563.5,-1.5707963267948966,40.0,7.0
409.5,629.0,-3.141592653589793,40.0,7.0
341.0,674.5,-1.5707963267948966,34.0,7.0
921.0,749.0,-1.5707963267948966,42.0,7.0
410.5,768.0,-3.141592653589793,39.0,7.0
1046.5,886.0,-3.141592653589793,35.0,4.0
870.5,1158.0,0.0,46.0,19.0
991.0,1230.0,-1.5707963267948966,41.0,19.0
