CoordX,CoordY,Orient,HalfLen,HalfWid
242.5,170.5,-1.5707963267948966,36.0,10.0
992.0,299.5,0.0,30.0,5.0
1076.5,368.5,-1.5707963267948966,32.0,5.0
733.5,530.5,-1.5707963267948966,32.0,5.0
733.5,665.5,-1.5707963267948966,30.0,5.0
817.0,758.5,0.0,36.0,10.0
