CoordX,CoordY,Orient,HalfLen,HalfWid
315.0,291.0,-3.141592653589793,39.0,15.0
497.5,732.0,-3.141592653589793,35.0,4.0
457.5,882.0,-3.141592653589793,42.0,9.0
