CoordX,CoordY,Orient,HalfLen,HalfWid
213.5,368.0,-1.5707963267948966,40.0,11.0
415.5,436.5,0.0,72.0,7.0
1078.0,437.0,-3.141592653589793,36.0,7.0
918.0,486.5,-1.5707963267948966,36.0,7.0
730.5,546.0,-1.5707963267948966,34.0,5.0
496.46875,698.84375,1.5739332486311393,29.015541899534945,5.087809066686992
661.5,791.5,-3.141592653589793,28.0,6.0
597.0,844.0,-1.5707963267948966,39.0,6.0
916.0,844.0,-1.5707963267948966,38.0,7.0
835.0,903.5,0.0,43.0,7.0
