CoordX,CoordY,Orient,HalfLen,HalfWid
616.5,492.5,-3.141592653589793,42.0,15.0
930.5,702.0,-1.5717500680727288,41.004750058407915,4.960894339481214
973.5,838.0,-3.141592653589793,31.0,7.0
585.0,1022.0,-1.5707963267948966,35.0,5.0
780.0,1109.0,-1.5707963267948966,42.0,5.0
390.5,1074.0,0.0,31.0,5.0
585.0,1125.5,-1.5707963267948966,41.0,5.0
707.0,1293.0,0.0,46.0,5.0
706.5,1416.0,0.0,48.0,16.0
