CoordX,CoordY,Orient,HalfLen,HalfWid
1016.0,381.5,0.0,31.0,6.0
1077.5,433.0,-1.5707963267948966,38.0,5.0
840.5,464.0,-1.5707963267948966,61.0,11.0
198.5,483.5,-1.5707963267948966,38.0,20.0
1076.5,531.5,-1.5707963267948966,37.0,4.0
959.5,797.5,0.0,41.0,11.0
