CoordX,CoordY,Orient,HalfLen,HalfWid
208.0,291.5,-3.141592653589793,34.0,4.0
996.0,425.0,-1.5707963267948966,44.0,8.0
270.0,476.5,-1.5707963267948966,44.0,4.0
600.5,586.0,-1.5707963267948966,44.0,4.0
402.0,601.0,0.0,45.0,5.0
1069.0,621.0,-3.141592653589793,49.0,4.0
538.5,681.0,-3.141592653589793,49.0,4.0
537.5,787.0,0.0,49.0,10.0
