CoordX,CoordY,Orient,HalfLen,HalfWid
443.0,547.5,0.0,36.0,4.0
509.0,601.5,-1.5707963267948966,35.0,4.0
446.0,705.5,-3.141592653589793,39.0,7.0
