CoordX,CoordY,Orient,HalfLen,HalfWid
333.5,340.0,-3.141592653589793,39.0,22.0
386.5,814.5,-1.5707963267948966,39.0,5.0
496.5,909.0,-3.141592653589793,28.0,11.0
324.0,1063.5,0.0,43.0,9.0
