CoordX,CoordY,Orient,HalfLen,HalfWid
491.5,312.0,-3.141592653589793,43.0,21.0
237.0,1003.5,-1.5707963267948966,53.0,11.0
521.5,1079.0,0.0,45.0,17.0
