CoordX,CoordY,Orient,HalfLen,HalfWid
683.0,266.5,0.0,52.0,8.0
1050.5,776.5,-3.141592653589793,45.0,8.0
1253.0,776.5,-3.141592653589793,46.0,8.0
784.5,945.5,-1.5707963267948966,45.0,8.0
1329.0,982.5,-3.141592653589793,51.0,8.0
914.5,1003.5,-3.141592653589793,45.0,8.0
