CoordX,CoordY,Orient,HalfLen,HalfWid
1104.0,817.0,-3.141592653589793,39.0,15.0
925.0,1214.0,-3.141592653589793,39.0,4.0
1024.5,1214.0,0.0,39.0,4.0
877.0,1280.0,-1.5707963267948966,30.0,5.0
964.5,1424.5,-1.5707963267948966,38.0,6.0
797.5,1512.0,0.0,28.0,5.0
964.5,1559.5,-1.5707963267948966,38.0,6.0
1028.0,1608.0,0.0,44.0,5.0
1028.5,1684.0,-3.141592653589793,44.0,12.0
902.0,1829.0,-1.5707963267948966,38.0,6.0
