CoordX,CoordY,Orient,HalfLen,HalfWid
1007.5,440.5,0.0,40.0,14.0
948.0,674.0,-1.5707963267948966,40.0,4.0
984.5,781.5,-3.141592653589793,29.0,5.0
948.0,839.5,-1.5707963267948966,30.0,4.0
561.3005698005697,904.0612535612536,0.7777191556872854,38.92773510416669,4.650961154409736
778.0,1026.0,-1.5707963267948966,40.0,4.0
347.0,1025.5,-3.141592653589793,30.0,4.0
599.5,1167.0,-1.5707963267948966,41.0,4.0
662.5,1219.0,0.0,39.0,4.0
661.5,1341.5,0.0,39.0,12.0
