CoordX,CoordY,Orient,HalfLen,HalfWid
355.5,331.5,0.0,44.0,14.0
419.5,653.5,-1.5707963267948966,39.0,5.0
383.5,913.5,-3.141592653589793,39.0,8.0
326.5,1095.5,-1.5707963267948966,39.0,4.0
249.5,1240.0,0.0,44.0,10.0
