CoordX,CoordY,Orient,HalfLen,HalfWid
576.5,199.5,-1.5707963267948966,35.0,5.0
332.0,268.5,-3.141592653589793,40.0,12.0
455.5,757.0,-1.5707963267948966,39.0,5.0
544.5,819.5,-3.141592653589793,29.0,5.0
242.0,975.5,-3.141592653589793,41.0,7.0
369.5,975.5,0.0,43.0,7.0
