CoordX,CoordY,Orient,HalfLen,HalfWid
450.0,171.0,0.0,38.0,11.0
343.5,563.0,-1.5707963267948966,31.0,4.0
343.5,650.0,-1.5707963267948966,31.0,4.0
501.5,686.5,-1.5707963267948966,35.0,4.0
294.5,828.5,-3.141592653589793,28.0,4.0
442.0,854.5,-3.141592653589793,40.0,4.0
441.5,989.0,0.0,39.0,11.0
