CoordX,CoordY,Orient,HalfLen,HalfWid
387.0,281.0,0.0,42.0,17.0
319.5,398.0,-1.5707963267948966,40.0,5.0
319.5,641.0,-1.5707963267948966,41.0,5.0
431.5,868.0,-1.5707963267948966,36.0,4.0
302.0,904.0,-1.5707963267948966,42.0,4.0
374.0,1063.5,0.0,47.0,10.0
