CoordX,CoordY,Orient,HalfLen,HalfWid
356.0,183.5,0.0,42.0,17.0
413.0,378.5,-1.5707963267948966,39.0,8.0
585.0,508.0,0.0,36.0,5.0
723.5,555.0,-1.5707963267948966,39.0,6.0
413.0,610.5,-1.5707963267948966,45.0,8.0
531.5,662.5,-3.141592653589793,35.0,4.0
673.5,665.5,-3.141592653589793,41.0,7.0
