CoordX,CoordY,Orient,HalfLen,HalfWid
512.0,486.0,-3.141592653589793,73.0,5.0
966.0,486.0,0.0,41.0,5.0
1122.044956140351,486.0054824561403,3.1411928190700182,41.00159606074985,5.015992980695758
422.5,525.5,-1.5707963267948966,33.0,14.0
909.0,611.5,-1.5707963267948966,39.0,5.0
1174.0,622.5,-1.5707963267948966,34.0,5.0
1234.0,836.0,-1.5707963267948966,33.0,8.0
1123.0,958.5,-3.141592653589793,41.0,7.0
