CoordX,CoordY,Orient,HalfLen,HalfWid
504.0,255.0,0.0,29.0,4.0
596.0,255.0,0.0,31.0,4.0
448.5,303.0,-1.5707963267948966,40.0,4.0
683.5,326.0,-1.5707963267948966,40.0,4.0
1215.5,364.0,-1.5707963267948966,33.0,8.0
525.5,523.5,-1.5707963267948966,41.0,4.0
582.5,783.0,-3.141592653589793,44.0,9.0
