CoordX,CoordY,Orient,HalfLen,HalfWid
423.0,135.0,-3.141592653589793,40.0,14.0
957.0,219.0,-1.5707963267948966,43.0,12.0
439.5,828.0,-3.141592653589793,118.0,12.0
