CoordX,CoordY,Orient,HalfLen,HalfWid
673.5,249.5,0.0,38.0,14.0
594.5,852.5,-1.5707963267948966,26.0,5.0
594.6693679092383,1008.5235008103728,-1.5572958735402838,26.065130842665283,5.337045430189138
658.0,1142.5,-3.141592653589793,38.0,12.0
