CoordX,CoordY,Orient,HalfLen,HalfWid
669.0,763.5,-3.141592653589793,81.0,6.0
882.0,763.5,0.0,48.0,6.0
1601.0,798.0,-1.5707963267948966,40.0,7.0
580.5,884.5,-1.5707963267948966,39.0,6.0
516.3963414634146,1064.3963414634147,-3.135293135574378,41.04958229298666,8.251820318838531
1068.5,1426.0,0.0,44.0,18.0
1484.0,1498.0,-1.5707963267948966,43.0,13.0
499.5,1664.5,-1.5707963267948966,41.0,6.0
416.0,1774.5,0.0,48.0,12.0
