CoordX,CoordY,Orient,HalfLen,HalfWid
227.0,266.5,0.0,42.0,17.0
518.5,575.5,-1.5707963267948966,42.0,5.0
284.0,691.0,-1.5707963267948966,41.0,9.0
185.5,986.5,0.0,46.0,10.0
