CoordX,CoordY,Orient,HalfLen,HalfWid
248.5,1317.5,-3.141592653589793,44.0,6.0
592.5,1317.5,-3.141592653589793,227.0,6.0
