CoordX,CoordY,Orient,HalfLen,HalfWid
240.5,377.5,-1.5707963267948966,40.0,11.0
947.0,417.5,-1.5707963267948966,39.0,5.0
864.5,471.0,0.0,76.0,9.0
614.0,526.0,-1.5707963267948966,40.0,5.0
681.5,577.0,0.0,30.0,5.0
947.0,666.0,-1.5707963267948966,41.0,5.0
1217.5,780.5,-3.141592653589793,36.0,5.0
947.0,884.0,-1.5707963267948966,32.0,5.0
892.5,983.0,-3.141592653589793,42.0,9.0
