CoordX,CoordY,Orient,HalfLen,HalfWid
248.0,377.5,-1.5707963267948966,37.0,11.0
862.5,457.0,-3.141592653589793,37.0,4.0
722.5,572.0,-1.5707963267948966,37.0,3.0
1011.5,611.5,0.0,33.0,4.0
958.5,662.0,-1.5707963267948966,27.0,3.0
787.0,677.0,-3.141592653589793,28.0,3.0
901.0,864.5,0.0,37.0,6.0
