CoordX,CoordY,Orient,HalfLen,HalfWid
646.5,365.0,0.0,42.0,17.0
1413.5,366.0,0.0,42.0,18.0
421.0,750.0,-3.141592653589793,43.0,8.0
1140.0,824.0,-3.141592653589793,44.0,8.0
1255.0,824.0,0.0,45.0,8.0
264.0,863.0,0.0,43.0,5.0
1326.5,921.5,-1.5707963267948966,43.0,5.0
1080.5,957.5,-1.5707963267948966,42.0,5.0
1022.0,1335.5,-3.141592653589793,45.0,10.0
238.5,1534.0,-3.141592653589793,48.0,20.0
252.5,2177.0,0.0,49.0,8.0
