CoordX,CoordY,Orient,HalfLen,HalfWid
345.5,301.5,-1.5707963267948966,30.0,3.0
501.5,301.0,-1.5707963267948966,30.0,3.0
296.5,405.5,-3.141592653589793,39.0,7.0
648.5,405.5,-3.141592653589793,41.0,7.0
939.5,453.5,-1.5707963267948966,36.0,7.0
224.0,580.0,-1.5707963267948966,31.0,4.0
273.5,754.5,-3.141592653589793,42.0,7.0
