CoordX,CoordY,Orient,HalfLen,HalfWid
558.0,265.5,-3.141592653589793,48.0,17.0
490.0,615.5,-1.5707963267948966,45.0,6.0
260.5,891.0,0.0,40.0,8.0
448.5,1006.5,-1.5707963267948966,40.0,6.0
537.5,1124.5,-3.141592653589793,47.0,11.0
