CoordX,CoordY,Orient,HalfLen,HalfWid
749.5,197.0,0.0,40.0,17.0
915.5,387.5,-3.141592653589793,30.0,5.0
571.5,548.5,0.0,38.0,4.0
495.0,589.0,2.1806880070108825,41.21206721913434,5.768521666349795
868.5,592.0,-1.5707963267948966,34.0,5.0
465.5,739.0,-1.5707963267948966,39.0,5.0
534.0,879.0,0.0,46.0,5.0
533.5,960.0,0.0,45.0,16.0
279.0,1054.5,-1.5707963267948966,36.0,8.0
