CoordX,CoordY,Orient,HalfLen,HalfWid
536.0,297.0,-1.5707963267948966,34.0,6.0
536.0,411.0,-1.5707963267948966,35.0,6.0
1054.5,434.5,-1.5707963267948966,33.0,11.0
871.0,596.5,-1.5707963267948966,36.0,6.0
149.5,639.0,-3.141592653589793,24.0,6.0
630.0,644.5,0.0,34.0,11.0
759.0,638.5,0.0,33.0,5.0
