CoordX,CoordY,Orient,HalfLen,HalfWid
603.5,149.5,0.0,45.0,12.0
703.5,299.0,-1.5707963267948966,40.0,7.0
846.5,381.5,-3.141592653589793,31.0,7.0
578.0,463.0,0.0,40.0,5.0
389.0,514.5,-1.5707963267948966,42.0,5.0
415.0,620.0,-2.05460593546938,43.03197261200851,4.499925901539797
