CoordX,CoordY,Orient,HalfLen,HalfWid
468.5,299.5,-3.141592653589793,49.0,22.0
362.5,604.0,-1.5707963267948966,42.0,5.0
222.5,1001.0,-1.5707963267948966,44.0,8.0
553.5,1001.5,-1.5707963267948966,41.0,7.0
616.5,1063.0,0.0,48.0,12.0
