CoordX,CoordY,Orient,HalfLen,HalfWid
343.0,311.0,0.0,34.0,12.0
970.5,312.0,-3.141592653589793,36.0,13.0
213.5,644.0,0.0,27.0,5.0
346.5,644.0,0.0,37.0,5.0
437.5,644.0,-3.141592653589793,36.0,5.0
1101.0,649.0,0.0,35.0,5.0
999.5,860.0,-1.5707963267948966,38.0,5.0
302.0,863.5,-1.5707963267948966,30.0,4.0
261.5,945.5,0.0,28.0,7.0
1047.0,995.0,0.0,38.0,5.0
1180.0,995.0,-3.141592653589793,29.0,5.0
1046.5,1096.0,0.0,38.0,12.0
1095.0,1228.0,1.5707963267948966,39.0,5.0
