CoordX,CoordY,Orient,HalfLen,HalfWid
332.0,164.5,-3.141592653589793,40.0,6.0
228.5,546.0,0.0,38.0,4.0
431.5,604.0,-1.5707963267948966,38.0,4.0
181.0,628.0,-1.5707963267948966,30.0,4.0
354.5,706.5,0.0,29.0,4.0
221.5,856.0,-3.141592653589793,45.0,8.0
