CoordX,CoordY,Orient,HalfLen,HalfWid
452.5,479.0,0.0,48.0,22.0
386.0,612.5,-1.5707963267948966,47.0,7.0
400.0,1272.0,-1.5707963267948966,42.0,9.0
533.0,1368.0,0.0,49.0,15.0
