CoordX,CoordY,Orient,HalfLen,HalfWid
1071.5,168.5,-1.5707963267948966,45.0,10.0
521.5,236.0,-3.141592653589793,43.0,17.0
251.5,463.0,-1.5707963267948966,40.0,6.0
155.5,750.0,0.0,36.0,6.0
580.0,850.5,-1.5707963267948966,39.0,6.0
385.0,865.0,-1.5707963267948966,40.0,7.0
385.0,1001.0,-1.5707963267948966,40.0,7.0
580.0,1041.5,-1.5707963267948966,39.0,6.0
513.5,1237.0,-3.141592653589793,45.0,18.0
