CoordX,CoordY,Orient,HalfLen,HalfWid
473.0,255.5,-1.5707963267948966,38.0,8.0
513.0,706.0,-3.141592653589793,39.0,5.0
727.5,706.0,0.0,35.0,5.0
454.0,726.5,-1.5707963267948966,9.0,9.0
454.0,776.0,-1.5707963267948966,38.0,9.0
457.0,924.5,-1.5707963267948966,38.0,6.0
642.0,927.5,-1.5707963267948966,32.0,7.0
542.5,1133.5,-3.141592653589793,43.0,5.0
