CoordX,CoordY,Orient,HalfLen,HalfWid
1186.0,272.5,-1.5707963267948966,43.0,7.0
1341.0,389.0,-1.5707963267948966,43.0,8.0
945.5,393.5,-3.141592653589793,44.0,6.0
318.0,485.0,-1.5707963267948966,43.0,18.0
1341.0,503.0,-1.5707963267948966,43.0,8.0
1241.0,556.0,0.0,34.0,6.0
960.5,675.0,-1.5707963267948966,34.0,5.0
1060.5,973.5,0.0,50.0,10.0
