CoordX,CoordY,Orient,HalfLen,HalfWid
910.5,209.0,-1.5707963267948966,43.0,5.0
303.0,765.5,-1.5707963267948966,67.0,3.0
161.5,838.0,0.0,63.0,3.0
