CoordX,CoordY,Orient,HalfLen,HalfWid
270.0,502.0,-3.141592653589793,39.0,15.0
323.5,1003.5,-1.5707963267948966,27.0,5.0
522.5,1101.0,-3.141592653589793,29.0,5.0
323.5,1151.0,-1.5707963267948966,39.0,5.0
205.5,1186.5,-1.5707963267948966,32.0,6.0
75.5,1279.5,-3.141592653589793,28.0,5.0
255.0,1318.0,0.0,37.0,6.0
266.0,1465.0,0.0,38.0,15.0
