CoordX,CoordY,Orient,HalfLen,HalfWid
954.5,383.0,-1.5707963267948966,40.0,13.0
362.0,370.0,0.0,36.0,4.0
417.0,420.5,-1.5707963267948966,40.0,4.0
257.5,497.5,-1.5707963267948966,36.0,3.0
417.0,529.0,-1.5707963267948966,42.0,4.0
257.5,652.5,-1.5707963267948966,29.0,3.0
306.5,753.5,-3.141592653589793,39.0,8.0
