CoordX,CoordY,Orient,HalfLen,HalfWid
403.0,409.0,-3.141592653589793,44.0,15.0
197.0,923.5,-3.141592653589793,31.0,4.0
494.5,976.0,-1.5707963267948966,41.0,5.0
300.5,979.0,-1.5707963267948966,41.0,4.0
377.0,1028.5,-3.141592653589793,43.0,5.0
370.5,1197.5,-3.141592653589793,47.0,13.0
