CoordX,CoordY,Orient,HalfLen,HalfWid
464.0,222.0,0.0,31.0,5.0
1472.5,361.5,-3.141592653589793,34.0,5.0
1308.0,469.0,-1.5707963267948966,31.0,6.0
449.0,457.5,0.0,41.0,10.0
1190.0,542.5,-3.141592653589793,40.0,12.0
1694.0,542.5,0.0,115.0,12.0
1971.0,542.5,-3.141592653589793,38.0,12.0
371.5,572.0,-1.5707963267948966,41.0,10.0
