CoordX,CoordY,Orient,HalfLen,HalfWid
1664.5,151.0,-3.141592653589793,45.0,11.0
1044.5,646.5,-3.141592653589793,39.0,5.0
599.5,714.5,-1.5707963267948966,38.0,5.0
550.5,791.5,-3.141592653589793,40.0,5.0
599.5,841.0,-1.5707963267948966,39.0,5.0
833.4996900185989,866.0,2.355485729200822,43.85363983326683,19.06130694736368
940.5,1007.5,-3.141592653589793,138.0,7.0
686.0,1023.5,-3.141592653589793,38.0,5.0
430.5,1236.5,-1.5707963267948966,40.0,5.0
