CoordX,CoordY,Orient,HalfLen,HalfWid
922.125,180.0,-1.5707963267948966,3.0,2.0
949.7426778242677,203.93305439330544,-2.3719340262794244,28.34754228523832,4.642761811410151
886.0,299.5,0.0,37.0,4.0
1074.5194805194806,330.7905844155844,-2.3111681777691095,34.1613469509106,4.861611338988323
282.0,361.5,-1.5707963267948966,37.0,14.0
1099.5,410.0,-1.5707963267948966,38.0,4.0
1173.0,471.5,-3.141592653589793,30.0,4.0
956.5,566.0,-1.5707963267948966,35.0,4.0
900.0,902.0,-3.141592653589793,42.0,8.0
