CoordX,CoordY,Orient,HalfLen,HalfWid
849.5,260.5,-3.141592653589793,35.0,5.0
225.0,341.5,-1.5707963267948966,36.0,8.0
963.0,359.0,-1.5707963267948966,42.0,4.0
899.0,483.5,-1.5707963267948966,38.0,6.0
843.5,789.5,-3.141592653589793,41.0,7.0
