CoordX,CoordY,Orient,HalfLen,HalfWid
1025.0,423.5,0.0,29.0,4.0
959.5,473.0,-1.5707963267948966,39.0,4.0
1568.0,543.5,-1.5707963267948966,39.0,16.0
804.0,641.5,-1.5707963267948966,39.0,6.0
1109.5,667.5,-1.5707963267948966,35.0,4.0
958.0,729.5,-1.5707963267948966,29.0,6.0
1007.5,907.5,-3.141592653589793,40.0,9.0
