CoordX,CoordY,Orient,HalfLen,HalfWid
468.0,443.0,-3.141592653589793,39.0,5.0
1194.5,521.0,-1.5707963267948966,33.0,5.0
913.5,712.5,0.0,39.0,6.0
1238.3033826638477,712.5412262156448,0.003519140628915426,33.020910458614495,6.116094248037907
964.0,767.5,-1.5707963267948966,39.0,6.0
811.0,858.0,-3.141592653589793,40.0,6.0
635.5,905.5,-1.5707963267948966,33.0,4.0
346.5,931.5,-1.5707963267948966,34.0,4.0
251.0,1049.0,0.0,44.0,9.0
