CoordX,CoordY,Orient,HalfLen,HalfWid
212.0,435.5,0.0,21.0,4.0
235.0,578.5,-1.5707963267948966,27.0,4.0
113.5,713.0,-3.141592653589793,38.0,11.0
