CoordX,CoordY,Orient,HalfLen,HalfWid
1217.0,389.5,-1.5707963267948966,39.0,6.0
383.5,670.5,-1.5707963267948966,40.0,15.0
1090.0,748.5,-3.141592653589793,42.0,9.0
835.5,832.5,-1.5707963267948966,29.0,4.0
1217.0,870.0,-1.5707963267948966,41.0,6.0
835.5,979.5,-1.5707963267948966,39.0,4.0
791.5,1138.0,-3.141592653589793,30.0,8.0
914.0,1134.5,-3.141592653589793,46.0,4.0
916.5,1307.5,0.0,45.0,9.0
