CoordX,CoordY,Orient,HalfLen,HalfWid
432.0,640.5,0.0,38.0,13.0
260.5,1050.5,-3.141592653589793,35.0,4.0
375.0,1259.0,-1.5707963267948966,33.0,6.0
592.0,1284.5,-1.5707963267948966,30.0,6.0
375.0,1379.5,-1.5707963267948966,39.0,6.0
300.5,1535.0,-3.141592653589793,45.0,6.0
301.0,1652.5,-3.141592653589793,44.0,13.0
246.0,1769.0,-1.5707963267948966,32.0,5.0
