CoordX,CoordY,Orient,HalfLen,HalfWid
558.0,282.5,-1.5707963267948966,60.0,5.0
872.5,421.0,-3.141592653589793,39.0,5.0
984.0,471.0,-1.5707963267948966,38.0,5.0
826.0,507.5,-1.5707963267948966,40.0,5.0
193.5,529.0,-1.5707963267948966,36.0,16.0
984.0,575.5,-1.5707963267948966,40.0,5.0
632.0,602.0,0.0,40.0,5.0
898.5,831.0,0.0,44.0,10.0
1231.5,827.0,-3.141592653589793,30.0,6.0
