CoordX,CoordY,Orient,HalfLen,HalfWid
402.5,358.5,-3.141592653589793,34.0,6.0
451.5,402.5,-1.5707963267948966,33.0,6.0
916.0,567.0,-1.5707963267948966,43.0,7.0
451.5,562.0,-1.5707963267948966,37.0,6.0
307.5,652.5,0.0,32.0,6.0
326.0,840.0,-3.141592653589793,42.0,6.0
