CoordX,CoordY,Orient,HalfLen,HalfWid
701.5,543.5,0.0,48.0,15.0
372.5,906.5,-3.141592653589793,43.0,6.0
601.903758020165,1028.814848762603,2.3294674410823824,43.71158315113151,6.788631588336777
372.0,1066.0,-3.141592653589793,48.0,11.0
564.5,1152.5,-1.5707963267948966,33.0,5.0
