CoordX,CoordY,Orient,HalfLen,HalfWid
995.0,348.5,0.0,40.0,7.0
853.5,772.5,-1.5707963267948966,38.0,7.0
1101.7431192660551,933.6926605504588,0.01443079248177758,35.09736776860456,7.475470769026561
1053.5,1015.5,-1.5707963267948966,40.0,7.0
752.5,1074.0,-1.5707963267948966,31.0,7.0
811.5,1151.5,0.0,44.0,7.0
