CoordX,CoordY,Orient,HalfLen,HalfWid
462.0,567.5,-1.5707963267948966,78.0,14.0
738.0,958.0,-1.5707963267948966,58.0,6.0
738.0,1140.5,-1.5707963267948966,73.0,6.0
413.0,1140.0,-1.5707963267948966,48.0,6.0
319.5,1196.0,-3.141592653589793,42.0,6.0
413.0,1446.0,-1.5707963267948966,51.0,6.0
572.5,1521.5,-3.141592653589793,79.0,21.0
