CoordX,CoordY,Orient,HalfLen,HalfWid
333.5,263.5,-3.141592653589793,46.0,17.0
378.5,863.0,-1.5707963267948966,37.0,4.0
248.5,899.5,-1.5707963267948966,41.0,4.0
320.0,1062.0,-3.141592653589793,48.0,11.0
