CoordX,CoordY,Orient,HalfLen,HalfWid
188.0,431.5,-3.141592653589793,46.0,16.0
320.0,1180.5,-1.5707963267948966,35.0,5.0
280.0,1283.5,-1.5707963267948966,46.0,5.0
202.0,1494.5,-3.141592653589793,46.0,16.0
