CoordX,CoordY,Orient,HalfLen,HalfWid
757.0,294.5,-3.141592653589793,34.0,4.0
880.5,294.5,-3.141592653589793,30.0,4.0
920.5,337.5,-1.5707963267948966,38.0,4.0
350.5,322.5,0.0,72.0,4.0
716.5,412.0,-1.5707963267948966,66.0,4.0
233.5,412.5,-1.5707963267948966,40.0,18.0
920.5,431.0,-1.5707963267948966,38.0,4.0
1252.0,674.5,-3.141592653589793,31.0,4.0
920.5,724.5,-1.5707963267948966,36.0,4.0
845.0,845.5,-3.141592653589793,45.0,7.0
