CoordX,CoordY,Orient,HalfLen,HalfWid
490.5,156.5,-1.5707963267948966,41.0,4.0
619.0,409.5,-3.141592653589793,24.0,4.0
776.5,409.5,0.0,32.0,4.0
490.5,486.0,-1.5707963267948966,60.0,4.0
331.0,567.0,0.0,33.0,11.0
932.5,567.0,-3.141592653589793,32.0,11.0
