CoordX,CoordY,Orient,HalfLen,HalfWid
616.5,238.0,-3.141592653589793,81.0,19.0
794.0,525.0,-1.5707963267948966,43.0,8.0
380.0,544.0,0.0,38.0,8.0
330.0,587.5,-1.5707963267948966,30.0,8.0
841.5,609.5,-3.141592653589793,31.0,5.0
380.5,663.0,-3.141592653589793,39.0,7.0
845.9683481701286,829.4925816023739,3.140679735798266,31.007290423325802,7.97260913638305
931.0,890.5,-1.5707963267948966,20.0,5.0
849.0,1296.0,-3.141592653589793,42.0,9.0
