CoordX,CoordY,Orient,HalfLen,HalfWid
1032.0,281.0,0.0,33.0,11.0
639.0,623.5,-3.141592653589793,34.0,5.0
1215.5,678.5,-3.141592653589793,33.0,5.0
585.5,703.5,-1.5707963267948966,29.0,5.0
1229.5,812.0,0.0,33.0,11.0
