CoordX,CoordY,Orient,HalfLen,HalfWid
525.5,193.0,0.0,40.0,9.0
341.5,553.0,0.0,31.0,4.0
407.0,710.0,-3.141592653589793,29.0,6.0
373.5,788.5,-1.5707963267948966,41.0,3.0
699.5,902.5,0.0,46.0,8.0
