CoordX,CoordY,Orient,HalfLen,HalfWid
328.0,93.0,0.0,40.0,16.0
498.0,456.5,-3.141592653589793,40.0,5.0
387.0,508.5,-1.5707963267948966,41.0,5.0
136.0,505.5,0.0,32.0,5.0
273.0,554.0,1.5707963267948966,39.0,5.0
320.0,600.5,-3.141592653589793,38.0,5.0
319.5,678.5,-3.141592653589793,36.0,14.0
520.5,1281.0,-1.5707963267948966,41.0,4.0
