CoordX,CoordY,Orient,HalfLen,HalfWid
66.07968313140726,494.83923578751165,-2.3161749195415533,46.23561296928711,12.320216715068305
587.5,477.5,0.0,54.0,11.0
141.5,499.5,-0.7624638559759718,25.611305579369468,6.485447287593844
1104.5,588.0,-0.6926224391135364,23.95476277305579,6.4516761825354845
1104.5,1056.5,-3.141592653589793,26.0,5.0
1159.5,1229.5,0.0,20.0,11.0
