CoordX,CoordY,Orient,HalfLen,HalfWid
400.0,683.0,-3.141592653589793,45.0,14.0
267.0,1293.0,-1.5707963267948966,41.0,6.0
550.0,1362.0,-1.5707963267948966,36.0,6.0
217.0,1421.5,0.0,35.0,5.0
550.0,1482.5,-1.5707963267948966,35.0,6.0
354.0,1688.5,-1.5707963267948966,43.0,6.0
500.0,1688.0,-1.5707963267948966,42.0,6.0
430.5,1797.0,0.0,47.0,6.0
436.0,1953.0,-3.141592653589793,46.0,14.0
