CoordX,CoordY,Orient,HalfLen,HalfWid
447.5,275.0,-3.141592653589793,40.0,11.0
355.5,594.5,-1.5707963267948966,40.0,4.0
154.0,645.0,0.0,31.0,5.0
240.0,867.5,0.0,31.0,6.0
295.5,920.5,-1.5707963267948966,41.0,4.0
424.5,1138.0,0.0,45.0,10.0
