CoordX,CoordY,Orient,HalfLen,HalfWid
318.0,294.0,-3.141592653589793,40.0,24.0
420.0,799.5,0.0,40.0,9.0
355.5,914.0,-1.5707963267948966,40.0,5.0
295.5,1032.0,0.0,45.0,10.0
