CoordX,CoordY,Orient,HalfLen,HalfWid
770.0,591.0,-3.141592653589793,31.0,6.0
877.0,644.5,-1.5707963267948966,41.0,6.0
1235.0,632.5,-1.5707963267948966,28.0,6.0
2455.0,657.5,-1.5707963267948966,49.0,19.0
1235.0,715.0,-1.5707963267948966,30.0,6.0
766.0,758.0,-3.141592653589793,31.0,6.0
1034.0,758.0,0.0,39.0,6.0
1085.0,805.0,-1.5707963267948966,38.0,6.0
2286.0,771.0,0.0,31.0,4.0
1902.5,1314.0,0.0,44.0,27.0
