CoordX,CoordY,Orient,HalfLen,HalfWid
931.5,299.5,-3.141592653589793,30.0,3.0
1015.5,343.5,-1.5707963267948966,35.0,3.0
185.5,408.5,-1.5707963267948966,36.0,8.0
1015.5,487.0,-1.5707963267948966,36.0,3.0
942.5,776.5,0.0,43.0,7.0
