CoordX,CoordY,Orient,HalfLen,HalfWid
246.0,286.0,-1.5707963267948966,40.0,6.0
803.5,337.5,-1.5707963267948966,42.0,14.0
246.0,399.0,-1.5707963267948966,43.0,6.0
1568.0,420.0,-1.5707963267948966,31.0,6.0
1832.0,421.0,-1.5707963267948966,31.0,6.0
1568.0,511.5,-1.5707963267948966,39.0,6.0
1452.0,794.0,-3.141592653589793,48.0,14.0
