CoordX,CoordY,Orient,HalfLen,HalfWid
673.5,366.5,-1.5707963267948966,44.0,7.0
359.5,591.0,-1.5707963267948966,44.0,7.0
123.5,711.5,0.0,33.0,7.0
359.5,817.5,-1.5707963267948966,40.0,7.0
134.5,873.5,0.0,44.0,7.0
272.5,873.5,-3.141592653589793,29.0,7.0
