CoordX,CoordY,Orient,HalfLen,HalfWid
734.0,254.0,0.0,30.0,9.0
918.0,249.0,0.0,31.0,4.0
988.0,367.0,-1.5707963267948966,41.0,4.0
988.0,466.0,-1.5707963267948966,41.0,4.0
209.0,567.0,-1.5707963267948966,38.0,14.0
899.5,688.0,-3.141592653589793,46.0,9.0
663.0,927.5,-1.5707963267948966,41.0,4.0
663.0,1028.0,-1.5707963267948966,41.0,4.0
730.0,1080.0,-3.141592653589793,32.0,4.0
