CoordX,CoordY,Orient,HalfLen,HalfWid
596.0,378.5,0.0,40.0,18.0
460.0,725.0,-1.5707963267948966,34.0,6.0
733.0,826.5,-1.5707963267948966,33.0,5.0
544.5,930.0,-1.5707963267948966,38.0,5.0
701.0,1080.0,-1.5707963267948966,36.0,7.0
610.5,1129.0,-3.141592653589793,44.0,6.0
751.5,1129.0,0.0,35.0,6.0
613.0,1272.0,0.0,44.0,12.0
677.0,1430.5,-1.5707963267948966,36.0,5.0
