CoordX,CoordY,Orient,HalfLen,HalfWid
572.0,245.0,0.0,41.0,15.0
482.0,515.5,-1.5707963267948966,40.0,8.0
482.0,876.5,-1.5707963267948966,40.0,8.0
620.5,899.5,-1.5707963267948966,35.0,5.0
729.0,949.0,-3.141592653589793,33.0,7.0
482.0,1058.5,-1.5707963267948966,45.0,8.0
555.0,1302.5,0.0,41.0,8.0
