CoordX,CoordY,Orient,HalfLen,HalfWid
1336.5,374.5,1.5696139119677242,41.02598445899073,21.951505624231107
448.5,436.0,0.0,39.0,6.0
398.5,487.5,-1.5707963267948966,39.0,6.0
634.5,563.5,0.0,37.0,4.0
310.5,916.5,-1.5707963267948966,44.0,7.0
255.0,1029.5,0.0,40.0,7.0
458.5,1188.0,-3.141592653589793,51.0,12.0
