CoordX,CoordY,Orient,HalfLen,HalfWid
398.5,534.5,-3.141592653589793,39.0,5.0
348.5,584.5,-1.5707963267948966,39.0,5.0
936.0,635.5,0.0,45.0,5.0
348.5,756.5,-1.5707963267948966,39.0,5.0
937.5,848.5,-3.141592653589793,45.0,5.0
450.5,1151.5,-3.141592653589793,51.0,5.0
451.0,1270.5,0.0,51.0,16.0
