CoordX,CoordY,Orient,HalfLen,HalfWid
770.0,299.5,-1.5707963267948966,40.0,5.0
1488.0,461.0,-1.5707963267948966,35.0,15.0
1168.5,527.0,-3.141592653589793,40.0,4.0
656.0,575.0,0.0,35.0,5.0
1118.0,620.5,-1.5707963267948966,31.0,4.0
993.0,622.5,-1.5707963267948966,31.0,4.0
546.5,608.0,0.0,28.0,5.0
942.5,775.5,0.0,43.0,7.0
