CoordX,CoordY,Orient,HalfLen,HalfWid
624.5,298.0,0.0,40.0,12.0
301.5,640.5,-1.5707963267948966,42.0,4.0
835.5,859.5,-1.5707963267948966,32.0,4.0
301.5,905.5,-1.5707963267948966,38.0,4.0
742.0,913.5,0.0,41.0,9.0
352.0,1020.5,-3.141592653589793,42.0,4.0
458.0,1020.5,-3.141592653589793,41.0,4.0
