CoordX,CoordY,Orient,HalfLen,HalfWid
556.0,150.5,0.0,43.0,9.0
671.5,224.5,-1.5707963267948966,64.0,6.0
155.5,535.0,0.0,106.0,6.0
958.5,542.5,-3.141592653589793,31.0,6.0
485.5,582.5,-1.5707963267948966,35.0,6.0
763.0,649.5,0.0,31.0,6.0
671.5,700.5,-1.5707963267948966,38.0,6.0
485.5,817.0,-1.5707963267948966,37.0,6.0
545.0,955.0,0.0,42.0,10.0
