CoordX,CoordY,Orient,HalfLen,HalfWid
772.0,395.5,-1.5707963267948966,40.0,12.0
514.5,486.5,-1.5707963267948966,31.0,5.0
196.5,578.0,-1.5707963267948966,36.0,5.0
125.5,690.5,-3.141592653589793,44.0,9.0
