CoordX,CoordY,Orient,HalfLen,HalfWid
373.5,303.0,-3.141592653589793,46.0,13.0
469.5,577.5,-1.5707963267948966,47.0,4.0
469.5,814.5,-1.5707963267948966,39.0,4.0
247.0,895.0,-1.5707963267948966,42.0,7.0
621.5,875.0,0.0,41.0,7.0
469.5,957.0,-1.5707963267948966,42.0,4.0
383.5,1075.0,-3.141592653589793,46.0,9.0
