CoordX,CoordY,Orient,HalfLen,HalfWid
452.0,178.0,0.0,41.0,13.0
218.0,552.0,-1.5707963267948966,39.0,4.0
763.0,561.5,-1.5707963267948966,42.0,5.0
172.0,644.0,-3.141592653589793,33.0,4.0
146.0,806.5,0.0,43.0,8.0
