CoordX,CoordY,Orient,HalfLen,HalfWid
729.0,239.0,-3.141592653589793,43.0,19.0
466.5,495.0,-1.5707963267948966,40.0,5.0
981.5,703.5,-1.5707963267948966,39.0,3.0
756.5,834.5,0.0,43.0,10.0
