CoordX,CoordY,Orient,HalfLen,HalfWid
527.5,511.5,-1.5707963267948966,71.0,21.0
80.0,630.0,-3.141592653589793,40.0,4.0
73.0,789.0,0.0,49.0,8.0
