CoordX,CoordY,Orient,HalfLen,HalfWid
1077.5,244.0,-3.141592653589793,42.0,14.0
286.0,245.0,0.0,41.0,14.0
964.5,416.5,-3.141592653589793,39.0,4.0
1068.0,533.5,-3.141592653589793,40.0,4.0
1017.5,579.0,-1.5707963267948966,35.0,4.0
1069.0,705.5,-3.141592653589793,41.0,4.0
630.1711165048544,886.7487864077669,-0.7371157657151319,35.849782062597455,6.096860321942008
538.5,921.0,0.0,44.0,5.0
539.5,1062.5,-3.141592653589793,46.0,13.0
626.5,1218.5,-3.141592653589793,41.0,7.0
