CoordX,CoordY,Orient,HalfLen,HalfWid
404.0,222.0,-3.141592653589793,39.0,15.0
284.5,657.5,-1.5707963267948966,31.0,4.0
407.0,755.5,-1.5707963267948966,38.0,5.0
283.5,864.0,-1.5707963267948966,39.0,5.0
241.0,917.0,-3.141592653589793,30.0,6.0
349.5,916.5,-3.141592653589793,43.0,5.0
350.0,1085.0,0.0,43.0,14.0
154.0,1263.0,-1.5707963267948966,40.0,5.0
