CoordX,CoordY,Orient,HalfLen,HalfWid
172.0,244.0,0.0,43.0,17.0
226.5,722.5,-1.5707963267948966,40.0,5.0
178.0,1017.0,-3.141592653589793,49.0,10.0
