CoordX,CoordY,Orient,HalfLen,HalfWid
740.0,325.0,-3.141592653589793,39.0,10.0
593.0,671.0,-1.5707963267948966,35.0,4.0
420.5,718.0,0.0,26.0,4.0
660.0,801.0,-1.5707963267948966,26.0,4.0
982.0,853.5,-1.5707963267948966,31.0,4.0
802.0,855.5,-1.5707963267948966,31.0,4.0
660.0,946.0,-1.5707963267948966,35.0,4.0
802.0,1008.5,-1.5707963267948966,36.0,4.0
738.0,1142.0,0.0,36.0,4.0
735.0,1247.0,0.0,38.0,10.0
672.0,1534.0,-1.5707963267948966,33.0,4.0
