CoordX,CoordY,Orient,HalfLen,HalfWid
1281.0,471.0,-1.5707963267948966,43.0,8.0
616.0,497.5,-1.5707963267948966,41.0,5.0
1197.5,549.5,-3.141592653589793,75.0,8.0
616.0,742.5,-1.5707963267948966,42.0,5.0
959.0,796.5,0.0,31.0,7.0
1166.5,796.5,0.0,38.0,7.0
1000.5,855.0,-1.5707963267948966,42.0,4.0
616.0,858.0,-1.5707963267948966,44.0,5.0
871.5,909.5,0.0,27.0,4.0
719.5,1057.5,-3.141592653589793,45.0,10.0
