CoordX,CoordY,Orient,HalfLen,HalfWid
1083.0,419.5,-1.9365615609947255,42.91787651062882,11.404204304484129
811.5,492.5,-1.9727050725108577,31.49851938457207,5.684234683491015
526.5,557.5,-0.3444390221287388,27.655391132284898,6.630928567473267
602.5,582.5,-1.9883661703489774,28.941479593555364,6.282651714786859
601.0,848.5,-1.9550448235488385,35.624069806958744,8.597674878582483
679.5,922.0,0.0,37.0,12.0
