CoordX,CoordY,Orient,HalfLen,HalfWid
428.5,245.5,-1.5707963267948966,42.0,12.0
644.5,589.0,0.0,46.0,4.0
812.0,633.5,-1.5707963267948966,38.0,7.0
592.0,700.5,-1.5707963267948966,35.0,4.0
962.0,682.0,-3.141592653589793,32.0,4.0
338.0,747.5,-1.5707963267948966,31.0,5.0
650.0,799.5,-3.141592653589793,46.0,10.0
