CoordX,CoordY,Orient,HalfLen,HalfWid
585.0,476.0,-3.141592653589793,41.0,17.0
804.0,1016.0,-3.141592653589793,36.0,8.0
961.5,1016.0,0.0,39.0,8.0
483.0,1097.5,-1.5707963267948966,30.0,7.0
1010.5,1117.0,-1.5707963267948966,30.0,5.0
959.0,1189.5,-3.141592653589793,38.0,5.0
483.0,1244.0,-1.5707963267948966,33.0,7.0
635.0,1301.0,-1.5707963267948966,41.0,7.0
534.0,1352.0,0.0,40.0,7.0
437.5,1356.0,0.0,32.0,7.0
532.5,1533.0,0.0,40.0,17.0
448.0,1671.0,-1.5707963267948966,39.0,10.0
