CoordX,CoordY,Orient,HalfLen,HalfWid
523.5,162.0,-1.5707963267948966,34.0,4.0
428.5,298.0,0.0,32.0,5.0
120.0,671.0,0.0,32.0,5.0
373.0,745.0,-1.5707963267948966,33.0,5.0
436.5,835.5,-3.141592653589793,33.0,10.0
