CoordX,CoordY,Orient,HalfLen,HalfWid
921.0,248.0,-1.5707963267948966,33.0,4.0
806.0,313.0,-3.141592653589793,35.0,4.0
698.0,439.0,-1.5707963267948966,41.0,4.0
921.0,439.0,-1.5707963267948966,40.0,4.0
281.0,585.5,-1.5707963267948966,41.0,10.0
921.0,613.0,-1.5707963267948966,36.0,4.0
857.5,888.0,0.0,41.0,9.0
