CoordX,CoordY,Orient,HalfLen,HalfWid
292.0,254.0,-3.141592653589793,43.0,18.0
296.0,539.5,-3.141592653589793,52.0,5.0
562.5,801.0,0.0,48.0,6.0
430.5,872.0,-1.5707963267948966,62.0,12.0
696.0,977.5,0.0,45.0,16.0
