CoordX,CoordY,Orient,HalfLen,HalfWid
833.5,242.0,0.0,31.0,4.0
928.5,292.0,-1.5707963267948966,36.0,3.0
775.5,298.5,-1.5707963267948966,37.0,3.0
213.5,300.0,-1.5707963267948966,36.0,6.0
928.5,392.0,-1.5707963267948966,37.0,3.0
776.0,524.5,-1.5707963267948966,28.0,3.0
871.0,648.5,-3.141592653589793,41.0,6.0
