CoordX,CoordY,Orient,HalfLen,HalfWid
499.0,188.0,0.0,43.0,14.0
204.0,706.0,-1.5707963267948966,31.0,6.0
416.5,710.5,-1.5707963267948966,32.0,4.0
313.0,752.0,-3.141592653589793,33.0,4.0
617.0,864.0,-1.5707963267948966,41.0,4.0
163.5,876.0,-3.141592653589793,32.0,4.0
417.0,927.0,-1.5707963267948966,41.0,4.0
473.0,1089.0,0.0,45.0,4.0
472.5,1224.0,-3.141592653589793,45.0,15.0
