CoordX,CoordY,Orient,HalfLen,HalfWid
741.5,197.0,0.0,41.0,7.0
674.5,480.0,-1.5707963267948966,41.0,4.0
256.5,513.5,-3.141592653589793,41.0,4.0
252.5,673.5,0.0,40.0,4.0
461.5,709.0,-1.5707963267948966,40.0,4.0
390.5,805.5,0.0,31.0,4.0
461.5,858.5,-1.5707963267948966,30.0,4.0
194.5,890.0,0.0,45.0,9.0
