CoordX,CoordY,Orient,HalfLen,HalfWid
946.0,102.0,0.0,37.0,9.0
1372.5,102.0,0.0,36.0,9.0
883.0,231.5,-1.5707963267948966,32.0,4.0
1068.0,225.0,-1.5707963267948966,26.0,4.0
1117.5,285.5,-3.141592653589793,25.0,3.0
379.5,417.0,-1.5707963267948966,36.0,3.0
379.5,596.5,-1.5707963267948966,35.0,3.0
429.0,695.5,-3.141592653589793,27.0,3.0
612.5,695.5,-3.141592653589793,37.0,3.0
603.0,856.0,0.0,37.0,9.0
1452.0,856.0,-3.141592653589793,112.0,9.0
