CoordX,CoordY,Orient,HalfLen,HalfWid
803.0,256.0,-3.141592653589793,35.0,4.0
1006.5,256.0,0.0,36.0,4.0
187.0,329.0,-1.5707963267948966,39.0,18.0
1051.0,366.0,-1.5707963267948966,43.0,5.0
895.0,445.5,-1.5707963267948966,35.0,4.0
1049.5,661.5,-1.5707963267948966,45.0,4.0
989.0,720.5,0.0,43.0,8.0
