CoordX,CoordY,Orient,HalfLen,HalfWid
766.5,211.0,-1.5707963267948966,29.0,8.0
817.5,259.5,0.0,36.0,4.0
889.0,311.5,-1.5707963267948966,39.0,5.0
92.5,320.0,-1.5707963267948966,39.0,15.0
887.5,630.0,-1.5707963267948966,41.0,5.0
807.5,687.0,0.0,43.0,9.0
1115.5,686.5,-3.141592653589793,29.0,8.0
