CoordX,CoordY,Orient,HalfLen,HalfWid
653.0,663.5,-1.5707963267948966,27.0,4.0
593.0,704.0,0.0,28.0,4.0
616.5,868.5,0.0,36.0,4.0
616.5,1012.5,-3.141592653589793,36.0,13.0
