CoordX,CoordY,Orient,HalfLen,HalfWid
723.5,255.5,0.0,143.0,5.0
560.0,465.5,-1.5707963267948966,39.0,19.0
1037.5,445.5,0.0,38.0,5.0
1731.5,483.5,-1.5707963267948966,39.0,5.0
887.0,538.5,-1.5707963267948966,42.0,19.0
426.5,516.0,-3.141592653589793,40.0,7.0
1731.5,581.5,-1.5707963267948966,38.0,5.0
355.0,635.0,-1.5707963267948966,39.0,7.0
1536.0,793.0,0.0,40.0,19.0
