CoordX,CoordY,Orient,HalfLen,HalfWid
1347.5,452.0,-1.5707963267948966,42.0,16.0
433.0,493.0,-1.5707963267948966,41.0,5.0
281.0,549.0,0.0,36.0,5.0
857.5,559.0,-3.141592653589793,40.0,5.0
1099.5,559.0,-3.141592653589793,41.0,5.0
808.5,679.0,-1.5707963267948966,31.0,4.0
624.5,771.5,-1.5707963267948966,40.0,5.0
566.5,1015.0,-3.141592653589793,46.0,9.0
