CoordX,CoordY,Orient,HalfLen,HalfWid
366.5,236.0,0.0,38.0,15.0
572.0,652.0,-1.5707963267948966,34.0,4.0
691.5,700.5,-3.141592653589793,31.0,7.0
529.0,876.0,0.0,45.0,9.0
