CoordX,CoordY,Orient,HalfLen,HalfWid
686.5,136.5,-1.5707963267948966,35.0,4.0
909.0,245.5,-3.141592653589793,32.0,4.0
226.5,363.0,-1.5707963267948966,38.0,7.0
578.5,414.0,0.0,43.0,7.0
921.5,414.0,0.0,43.0,7.0
