CoordX,CoordY,Orient,HalfLen,HalfWid
285.0,260.0,0.0,43.0,17.0
442.5,874.0,0.0,42.0,5.0
339.0,929.5,-1.5707963267948966,42.0,5.0
279.5,1041.5,-3.141592653589793,48.0,10.0
