CoordX,CoordY,Orient,HalfLen,HalfWid
723.5,352.0,-3.141592653589793,43.0,17.0
477.5,646.0,-1.5707963267948966,42.0,6.0
417.0,849.0,-1.5707963267948966,38.0,8.0
642.0,877.5,-1.5707963267948966,43.0,6.0
712.5,998.5,-3.141592653589793,41.0,9.0
