CoordX,CoordY,Orient,HalfLen,HalfWid
434.5,346.5,-1.5707963267948966,59.0,5.0
543.5,416.5,-3.141592653589793,29.0,5.0
647.0,666.5,-1.5707963267948966,29.0,6.0
710.0,721.0,0.0,38.0,19.0
