CoordX,CoordY,Orient,HalfLen,HalfWid
1246.0,1421.5,0.0,44.0,15.0
1330.0,1759.0,-1.5707963267948966,40.0,6.0
1420.0,1813.5,0.0,31.0,6.0
956.5,1939.0,-3.141592653589793,59.0,10.0
1549.0,1979.5,0.0,32.0,5.0
1330.0,2025.5,-1.5707963267948966,34.0,6.0
1330.0,2253.0,-1.5707963267948966,41.0,6.0
1241.0,2354.5,-3.141592653589793,46.0,5.0
1239.0,2471.5,-3.141592653589793,46.0,14.0
1585.5,2533.0,-1.5707963267948966,41.0,5.0
