CoordX,CoordY,Orient,HalfLen,HalfWid
201.5,172.5,-3.141592653589793,74.0,12.0
281.0,886.5,-1.5707963267948966,41.0,7.0
354.5,956.5,-3.141592653589793,45.0,10.0
