CoordX,CoordY,Orient,HalfLen,HalfWid
737.0,573.5,-3.141592653589793,40.0,17.0
681.5,1016.0,-1.5707963267948966,30.0,8.0
478.5,1121.5,-3.141592653589793,29.0,5.0
681.5,1172.5,-1.5707963267948966,37.0,8.0
907.5,1270.5,0.0,28.0,7.0
865.5,1389.0,-1.5707963267948966,39.0,8.0
806.0,1441.0,0.0,45.0,5.0
809.0,1568.5,0.0,45.0,17.0
