CoordX,CoordY,Orient,HalfLen,HalfWid
1210.5,370.0,-3.141592653589793,42.0,20.0
1273.0,599.5,-1.5707963267948966,40.0,7.0
1327.391304347826,653.9891304347826,-0.0007915518219870076,40.00315367587223,4.03007771298598
1458.5,819.5,0.0,40.0,8.0
1273.0,878.0,-1.5707963267948966,42.0,7.0
1210.5,1004.0,0.0,48.0,11.0
