CoordX,CoordY,Orient,HalfLen,HalfWid
1375.5,328.5,-3.141592653589793,44.0,9.0
432.5,365.0,0.0,64.0,5.0
819.0,365.0,0.0,41.0,5.0
1000.5,365.0,-3.141592653589793,41.0,5.0
254.0,452.0,-1.5707963267948966,46.0,16.0
1061.5,538.5,-1.5707963267948966,46.0,4.0
1123.5,877.5,-1.5707963267948966,41.0,5.0
1382.0,869.0,-3.141592653589793,31.0,10.0
1123.5,1041.0,-1.5707963267948966,37.0,5.0
986.0,1110.0,-3.141592653589793,46.0,12.0
