CoordX,CoordY,Orient,HalfLen,HalfWid
553.0,332.0,-3.141592653589793,26.0,10.0
477.5,372.5,-1.5707963267948966,27.0,4.0
254.0,616.5,0.0,27.0,4.0
477.5,650.5,-1.5707963267948966,27.0,4.0
477.5,791.5,-1.5707963267948966,27.0,4.0
513.5,1005.0,-3.141592653589793,27.0,10.0
