CoordX,CoordY,Orient,HalfLen,HalfWid
549.0,237.5,-1.5707963267948966,34.0,5.0
307.0,306.0,-3.141592653589793,39.0,15.0
383.0,538.5,-1.5707963267948966,38.0,5.0
428.0,803.5,-1.5707963267948966,39.0,5.0
340.5,853.0,0.0,43.0,5.0
514.5,853.0,-3.141592653589793,29.0,5.0
341.5,1012.5,-3.141592653589793,43.0,15.0
