CoordX,CoordY,Orient,HalfLen,HalfWid
713.0,287.0,0.0,34.0,5.0
627.0,336.0,-1.5707963267948966,38.0,5.0
803.0,337.5,-1.5707963267948966,38.0,5.0
180.0,382.0,-3.141592653589793,39.0,15.0
753.5,842.0,-1.5707963267948966,29.0,5.0
683.0,948.5,0.0,42.0,7.0
