CoordX,CoordY,Orient,HalfLen,HalfWid
354.5,154.5,-1.5707963267948966,44.0,13.0
773.5,363.0,-3.141592653589793,39.0,7.0
802.5,610.5,0.0,40.0,6.0
773.5,782.0,-3.141592653589793,45.0,11.0
