CoordX,CoordY,Orient,HalfLen,HalfWid
456.5,394.0,-1.5707963267948966,43.0,9.0
1168.5,432.0,0.0,42.0,5.0
835.5,480.0,-3.141592653589793,43.0,6.0
1230.5,740.5,-3.141592653589793,48.0,10.0
