CoordX,CoordY,Orient,HalfLen,HalfWid
546.0,188.5,-1.5707963267948966,60.0,11.0
1571.0,418.0,-0.7853981633974486,40.30508652763321,7.778174593052036
1516.5,516.0,-1.5707963267948966,31.0,5.0
1723.0,569.5,-3.141592653589793,39.0,5.0
1896.5,662.5,-3.141592653589793,40.0,5.0
542.0,735.0,-1.5707963267948966,45.0,7.0
1044.0,850.0,-3.141592653589793,30.0,5.0
922.5,910.5,-1.5707963267948966,30.0,5.0
540.5,970.5,-1.5707963267948966,44.0,6.0
881.0,960.0,0.0,31.0,5.0
477.0,1047.0,0.0,45.0,6.0
