CoordX,CoordY,Orient,HalfLen,HalfWid
465.5,482.0,-1.5707963267948966,35.0,7.0
318.5,767.5,-3.141592653589793,34.0,7.0
465.5,841.0,-1.5707963267948966,41.0,7.0
358.5,907.5,-3.141592653589793,42.0,7.0
605.0,907.5,0.0,43.0,7.0
1286.5,910.5,0.0,46.0,7.0
