CoordX,CoordY,Orient,HalfLen,HalfWid
367.5,595.0,-3.141592653589793,41.0,23.0
442.80119760479045,1000.977245508982,2.3736680678069964,43.75979742620502,5.634041181926259
267.0,1177.0,0.0,50.0,10.0
