CoordX,CoordY,Orient,HalfLen,HalfWid
1485.0,212.5,-1.5707963267948966,106.0,5.0
1677.0,359.0,0.0,36.0,5.0
932.5,443.0,-1.5707963267948966,41.0,15.0
1728.5,469.5,-1.5707963267948966,38.0,5.0
1576.5,517.5,-3.141592653589793,37.0,6.0
1676.0,517.5,0.0,37.0,6.0
352.0,566.5,-1.5707963267948966,42.0,6.0
273.0,670.0,0.0,44.0,16.0
435.0,660.0,-3.141592653589793,38.0,6.0
747.5,701.5,-1.5707963267948966,29.0,5.0
268.5,990.5,0.0,41.0,10.0
