CoordX,CoordY,Orient,HalfLen,HalfWid
328.5,336.0,-1.5707963267948966,57.0,6.0
872.0,392.0,-3.141592653589793,31.0,6.0
281.5,654.5,-3.141592653589793,31.0,6.0
951.0053521126761,739.0129577464788,1.570359673681339,45.00829211891035,19.01921092505959
681.0,723.5,-1.5707963267948966,28.0,6.0
204.0,801.5,0.0,42.0,6.0
