CoordX,CoordY,Orient,HalfLen,HalfWid
1088.5,452.5,-1.5707963267948966,37.0,11.0
450.0,548.5,0.0,26.0,5.0
633.5,591.5,-1.5707963267948966,25.0,5.0
413.5,612.0,-1.5707963267948966,26.0,5.0
413.5,765.5,-1.5707963267948966,26.0,5.0
589.0,899.0,-1.5707963267948966,26.0,5.0
413.5,965.0,-1.5707963267948966,27.0,5.0
530.5,1016.5,0.0,37.0,11.0
