CoordX,CoordY,Orient,HalfLen,HalfWid
711.0,415.0,0.0,45.0,27.0
228.5,632.5,-3.141592653589793,35.0,8.0
333.5,794.0,0.0,37.0,5.0
278.0,842.0,1.5707963267948966,39.0,5.0
357.0,960.0,-3.141592653589793,44.0,8.0
