CoordX,CoordY,Orient,HalfLen,HalfWid
808.5,445.5,0.0,40.0,6.0
975.5,445.5,0.0,40.0,6.0
1046.5,561.5,-1.5707963267948966,41.0,6.0
1093.5,748.5,0.0,32.0,6.0
992.5,848.5,0.0,45.0,6.0
992.5,918.5,-3.141592653589793,43.0,6.0
1066.5,1031.5,-1.5707963267948966,40.0,6.0
