CoordX,CoordY,Orient,HalfLen,HalfWid
547.0,100.0,-1.5707963267948966,41.0,6.0
262.5,174.5,-1.5707963267948966,38.0,4.0
308.0,239.0,0.0,38.0,16.0
389.0,575.5,-1.5707963267948966,39.0,6.0
432.0,845.0,-1.5707963267948966,40.0,6.0
359.5,896.0,-3.141592653589793,43.0,6.0
521.5,896.0,-3.141592653589793,30.0,6.0
356.0,1062.5,0.0,42.0,17.0
