CoordX,CoordY,Orient,HalfLen,HalfWid
368.5,1096.5,-3.141592653589793,35.0,7.0
531.5,1096.5,-3.141592653589793,40.0,7.0
