CoordX,CoordY,Orient,HalfLen,HalfWid
455.0,418.0,-1.5707963267948966,42.0,12.0
882.5,717.0,-3.141592653589793,35.0,4.0
1044.0,717.0,0.0,29.0,4.0
776.0,855.0,-1.5707963267948966,39.0,4.0
1293.0,856.5,-1.5707963267948966,38.0,4.0
902.0,903.0,-3.141592653589793,30.0,4.0
1023.0,907.0,0.0,47.0,8.0
1399.0,969.5,-1.5707963267948966,37.0,4.0
1399.0,1186.5,-1.5707963267948966,38.0,4.0
1399.0,1324.0,-1.5707963267948966,29.0,4.0
