CoordX,CoordY,Orient,HalfLen,HalfWid
167.5,303.5,-3.141592653589793,40.0,13.0
954.0,398.5,-1.5707963267948966,35.0,6.0
677.5,642.0,0.0,40.0,6.0
1013.0,674.0,-3.141592653589793,41.0,6.0
836.0,736.0,-1.5707963267948966,41.0,6.0
676.0,862.5,-3.141592653589793,47.0,12.0
