CoordX,CoordY,Orient,HalfLen,HalfWid
842.0,176.5,-1.5707963267948966,31.0,8.0
219.5,332.0,-1.5707963267948966,39.0,15.0
844.5,353.5,-1.5707963267948966,35.0,5.0
682.0,514.5,-1.5707963267948966,39.0,7.0
587.5,680.5,0.0,45.0,20.0
