CoordX,CoordY,Orient,HalfLen,HalfWid
648.0,252.0,-1.5707963267948966,41.0,7.0
556.3914373088685,705.0336391437309,1.020121463883436,41.93580013459883,8.147924095803821
574.5,1224.5,-1.5707963267948966,36.0,6.0
730.5,1273.0,-3.141592653589793,30.0,6.0
574.5,1365.0,-1.5707963267948966,32.0,6.0
212.5,1392.0,-3.141592653589793,31.0,7.0
431.5,1523.0,-1.5707963267948966,40.0,6.0
574.5,1564.0,-1.5707963267948966,41.0,6.0
499.5,1674.0,0.0,44.0,7.0
498.5,1838.0,-3.141592653589793,45.0,7.0
