CoordX,CoordY,Orient,HalfLen,HalfWid
559.0,355.0,-3.141592653589793,47.0,24.0
540.5,1103.0,-1.5707963267948966,48.0,6.0
691.5,1136.5,-1.5707963267948966,48.0,6.0
873.5,1272.0,0.0,42.0,11.0
540.5,1351.0,-1.5707963267948966,49.0,6.0
540.5,1466.0,-1.5707963267948966,48.0,6.0
740.0,1533.0,-1.5707963267948966,44.0,6.0
656.5,1714.5,0.0,46.0,11.0
