CoordX,CoordY,Orient,HalfLen,HalfWid
1002.0,277.0,-1.5707963267948966,30.0,7.0
697.5,253.5,0.0,36.0,4.0
639.5,322.5,-1.5707963267948966,40.0,4.0
865.5,375.5,0.0,36.0,4.0
1125.0,424.5,-1.5707963267948966,38.0,5.0
639.5,430.0,-1.5707963267948966,41.0,4.0
226.0,433.5,-1.5707963267948966,39.0,16.0
742.0,484.5,-3.141592653589793,30.0,4.0
940.0,695.0,-3.141592653589793,52.0,9.0
1124.0,956.5,-1.5707963267948966,41.0,4.0
