CoordX,CoordY,Orient,HalfLen,HalfWid
174.5,365.0,-3.141592653589793,44.0,19.0
724.0,700.0,0.0,43.0,6.0
667.0,819.0,-1.5707963267948966,44.0,6.0
726.0,998.5,-1.5707963267948966,43.0,6.0
381.0,1129.5,-1.5707963267948966,43.0,6.0
677.5,1207.0,0.0,34.0,6.0
295.0,1394.0,0.0,49.0,19.0
219.5,1548.5,-1.5707963267948966,43.0,13.0
