CoordX,CoordY,Orient,HalfLen,HalfWid
675.0,291.5,-1.5707963267948966,48.0,6.0
379.5,517.5,-3.141592653589793,95.0,10.0
859.0,1098.5,2.4425679502491597,61.13943777063521,16.010178254139884
607.0,1118.5,-3.141592653589793,47.0,13.0
327.5,1220.5,-3.141592653589793,48.0,6.0
430.92857142857144,1220.1904761904761,-0.011080861604378798,33.06445786914608,6.343131327459432
458.0,1327.5,0.9466087475089987,33.10971945934146,6.032437283457258
