CoordX,CoordY,Orient,HalfLen,HalfWid
1076.0,190.5,-1.5707963267948966,34.0,11.0
786.0,293.5,0.0,40.0,9.0
423.5,421.0,-1.5707963267948966,55.0,6.0
698.5,483.5,-1.5707963267948966,107.0,8.0
250.5,707.0,-3.141592653589793,33.0,8.0
551.0,707.0,0.0,58.0,8.0
296.0,759.0,-1.5707963267948966,27.0,5.0
997.5,806.0,-3.141592653589793,29.0,5.0
199.5,889.5,-1.5707963267948966,26.0,3.0
698.5,909.0,-1.5707963267948966,31.0,8.0
253.0,943.0,-3.141592653589793,39.0,15.0
