CoordX,CoordY,Orient,HalfLen,HalfWid
930.9735234215885,234.4205702647658,0.9611728076550327,39.80769282433941,6.674436390288273
304.5,282.5,-1.5707963267948966,46.0,20.0
1012.0,298.0,-3.141592653589793,46.0,7.0
1138.0,362.0,-1.5707963267948966,45.0,7.0
1362.5,418.0,0.0,37.0,7.0
1138.0,466.5,-1.5707963267948966,41.0,7.0
1036.5,565.5,-3.141592653589793,45.0,13.0
