CoordX,CoordY,Orient,HalfLen,HalfWid
1795.0,1204.5,0.0,49.0,21.0
1893.5,1546.5,-1.5707963267948966,41.0,8.0
2032.0,1723.5,-1.5707963267948966,36.0,4.0
1925.0,1827.0,-1.5707963267948966,42.0,8.0
1725.0,1855.5,-1.5707963267948966,41.0,8.0
1925.0,2019.0,-1.5707963267948966,38.0,8.0
1862.0,2118.0,-3.141592653589793,48.0,21.0
2005.0,2188.0,-1.5707963267948966,43.0,20.0
