CoordX,CoordY,Orient,HalfLen,HalfWid
483.5,446.5,-3.141592653589793,37.0,5.0
373.5,495.5,-1.5707963267948966,37.0,5.0
599.5,498.5,-1.5707963267948966,38.0,5.0
224.0,584.0,-0.7609036367434602,39.482190222200636,5.409533726785444
249.5,794.5,0.0,38.0,5.0
230.5,1001.5,-1.5707963267948966,27.0,5.0
230.5,1142.0,-1.5707963267948966,29.0,5.0
306.0,1197.0,-3.141592653589793,46.0,17.0
515.5,1197.0,0.0,42.0,17.0
247.5,2126.5,-1.5707963267948966,38.0,5.0
