CoordX,CoordY,Orient,HalfLen,HalfWid
532.0,419.0,0.0,43.0,17.0
795.5,1065.5,-1.5707963267948966,32.0,5.0
612.0,1106.0,-1.5707963267948966,34.0,6.0
472.5,1121.0,-1.5707963267948966,35.0,5.0
323.5,1215.5,-3.141592653589793,33.0,5.0
839.0,1215.5,-3.141592653589793,34.0,5.0
655.5,1272.5,-1.5707963267948966,43.0,5.0
472.5,1335.5,-1.5707963267948966,47.0,5.0
530.0,1443.5,-3.141592653589793,46.0,5.0
531.5,1594.5,-3.141592653589793,45.0,17.0
338.5,1839.0,-1.5707963267948966,49.0,7.0
