CoordX,CoordY,Orient,HalfLen,HalfWid
481.5,410.0,0.0,40.0,12.0
1327.0,602.0,-1.5707963267948966,33.0,7.0
1192.0,715.5,0.0,36.0,6.0
1142.5,855.5,-1.5707963267948966,36.0,6.0
1201.0,904.5,-3.141592653589793,34.0,6.0
591.0,947.5,-1.5707963267948966,32.0,6.0
1302.5,953.0,-1.5707963267948966,34.0,6.0
435.5,962.5,-1.5707963267948966,38.0,6.0
533.5,1015.0,0.0,40.0,6.0
533.5,1082.5,-3.141592653589793,41.0,12.0
