CoordX,CoordY,Orient,HalfLen,HalfWid
887.5,316.0,0.0,38.0,7.0
1296.0,571.5,-1.5707963267948966,41.0,7.0
837.0,696.5,-1.5707963267948966,40.0,7.0
902.5,765.0,0.0,37.0,7.0
1238.0,765.0,0.0,37.0,7.0
486.0,1145.0,0.0,38.0,7.0
777.5,1189.0,-2.3552895601600548,36.06946977760098,7.745537422460083
1103.0,1200.0,-1.5707963267948966,37.0,7.0
970.0,1322.5,-1.5707963267948966,32.0,7.0
888.5,1417.0,0.0,41.0,7.0
881.0,1576.0,0.0,43.0,7.0
