CoordX,CoordY,Orient,HalfLen,HalfWid
369.0,380.0,-3.141592653589793,40.0,14.0
538.0,796.5,-1.5707963267948966,40.0,5.0
441.5,901.0,-3.141592653589793,46.0,9.0
