CoordX,CoordY,Orient,HalfLen,HalfWid
858.5,502.0,-1.5707963267948966,45.0,19.0
845.0,688.0,-1.5707963267948966,45.0,6.0
282.0,774.5,-1.5707963267948966,39.0,6.0
641.0,786.0,-1.5707963267948966,40.0,6.0
716.0,915.5,-3.141592653589793,45.0,10.0
