CoordX,CoordY,Orient,HalfLen,HalfWid
1161.005300353357,583.9611307420495,-1.5704191660492497,43.002259906040365,6.015840324190929
713.0,636.0,0.0,41.0,4.0
419.0,736.0,-1.5707963267948966,40.0,15.0
1162.0,732.0,-1.5707963267948966,36.0,6.0
1418.5,795.0,-3.141592653589793,32.0,8.0
1162.5,890.5,-1.5715323652653812,46.00440377011424,5.966140608156984
996.5,898.0,-1.5707963267948966,35.0,4.0
1245.5,1025.5,-3.141592653589793,44.0,17.0
