CoordX,CoordY,Orient,HalfLen,HalfWid
676.5,390.5,-3.141592653589793,39.0,16.0
366.5,760.0,-1.5707963267948966,39.0,5.0
242.0,814.5,0.0,30.0,5.0
718.5,1000.0,-1.5707963267948966,39.0,5.0
366.5,1056.0,-1.5707963267948966,40.0,5.0
718.5,1098.0,-1.5707963267948966,39.0,5.0
202.0,1123.5,0.0,30.0,5.0
417.5,1183.5,-3.141592653589793,40.0,5.0
600.5,1183.5,-3.141592653589793,44.0,5.0
263.0,1243.5,-1.5707963267948966,40.0,5.0
599.0,1386.0,0.0,44.0,18.0
