CoordX,CoordY,Orient,HalfLen,HalfWid
233.5,199.0,-1.5707963267948966,31.0,5.0
492.0,240.0,0.0,37.0,6.0
445.0,353.5,-1.5707963267948966,40.0,6.0
1063.5,402.5,-1.5707963267948966,39.0,15.0
527.0,548.5,0.0,41.0,5.0
527.0,620.0,-3.141592653589793,40.0,11.0
615.0,755.0,1.5707963267948966,39.0,5.0
856.5,835.0,-3.141592653589793,39.0,5.0
