CoordX,CoordY,Orient,HalfLen,HalfWid
151.0,229.5,0.0,45.0,23.0
296.5,779.5,-1.5707963267948966,40.0,6.0
372.0,911.0,-3.141592653589793,46.0,12.0
