CoordX,CoordY,Orient,HalfLen,HalfWid
337.5,640.0,-1.5707963267948966,34.0,4.0
290.0,683.0,0.0,38.0,5.0
620.5,893.0,-3.141592653589793,45.0,5.0
