CoordX,CoordY,Orient,HalfLen,HalfWid
924.5,592.5,-1.5707963267948966,41.0,18.0
196.0,860.5,-3.141592653589793,47.0,12.0
