CoordX,CoordY,Orient,HalfLen,HalfWid
880.5,219.0,-3.141592653589793,38.0,11.0
579.0,553.0,-1.5707963267948966,38.0,5.0
1140.0,681.0,0.0,38.0,5.0
170.0,683.0,0.0,37.0,5.0
1195.5,780.5,-1.5707963267948966,28.0,5.0
517.0,789.0,-1.5707963267948966,29.0,5.0
1393.0,825.0,0.0,57.0,5.0
1195.5,876.0,-1.5707963267948966,37.0,5.0
449.0,902.0,0.0,38.0,5.0
517.0,951.0,-1.5707963267948966,36.0,5.0
1131.0,1004.0,-3.141592653589793,42.0,5.0
400.0,1152.0,0.0,38.0,11.0
1128.0,1152.0,0.0,42.0,11.0
