CoordX,CoordY,Orient,HalfLen,HalfWid
628.5,293.5,-3.141592653589793,45.0,15.0
500.0,606.0,-1.5707963267948966,39.0,6.0
607.5,716.5,-3.141592653589793,31.0,7.0
442.5,888.5,-3.141592653589793,45.0,8.0
