CoordX,CoordY,Orient,HalfLen,HalfWid
730.0,318.0,0.0,41.0,11.0
415.0,694.0,-1.5707963267948966,72.0,5.0
811.0,1016.5,-1.5707963267948966,36.0,5.0
415.0,1054.0,-1.5707963267948966,36.0,5.0
811.0,1201.0,-1.5707963267948966,34.0,5.0
709.5,1257.0,-3.141592653589793,37.0,10.0
