CoordX,CoordY,Orient,HalfLen,HalfWid
383.0,449.5,-3.141592653589793,39.0,15.0
832.5,449.5,0.0,39.0,15.0
696.0,651.5,-1.5707963267948966,37.0,6.0
801.0,803.5,0.0,35.0,5.0
456.5,860.5,-1.5707963267948966,37.0,5.0
337.5,1068.0,-1.5707963267948966,39.0,4.0
635.5,1089.0,-1.5707963267948966,39.0,4.0
398.0,1192.5,0.0,43.0,4.0
588.5,1192.5,-3.141592653589793,39.0,4.0
399.5,1360.5,-3.141592653589793,44.0,16.0
464.0,1519.5,-1.5707963267948966,38.0,6.0
