CoordX,CoordY,Orient,HalfLen,HalfWid
775.5,216.5,-3.141592653589793,33.0,19.0
201.5,220.0,-3.141592653589793,40.0,21.0
788.0,608.5,0.0,41.0,8.0
734.5,743.0,-1.5707963267948966,43.0,8.0
195.0,762.0,-1.5707963267948966,42.0,7.0
330.5,764.5,-1.5707963267948966,31.0,5.0
789.5,814.5,0.0,41.0,8.0
686.0,973.5,-3.141592653589793,36.0,8.0
134.5,1139.5,0.0,47.0,23.0
149.5,1353.5,0.0,41.0,10.0
