CoordX,CoordY,Orient,HalfLen,HalfWid
659.0,282.5,-3.141592653589793,39.0,13.0
374.5,602.5,-1.5707963267948966,38.0,4.0
245.0,653.5,-3.141592653589793,35.0,4.0
374.5,884.5,-1.5707963267948966,39.0,4.0
198.0,948.5,-3.141592653589793,31.0,4.0
374.5,996.0,-1.5707963267948966,37.0,4.0
445.0,1110.5,0.0,45.0,8.0
