CoordX,CoordY,Orient,HalfLen,HalfWid
567.5,326.5,0.0,47.0,25.0
629.0,1014.5,-1.5707963267948966,40.0,7.0
549.0,1139.0,-3.141592653589793,47.0,11.0
