CoordX,CoordY,Orient,HalfLen,HalfWid
685.0,312.0,-3.141592653589793,46.0,24.0
428.0,673.0,-1.5707963267948966,39.0,7.0
428.0,899.5,-1.5707963267948966,40.0,7.0
863.5,1002.5,1.0515595923911036,38.57416161616846,7.073475497216054
575.0,1004.5,-1.5707963267948966,37.0,7.0
973.0,1134.5,-3.141592653589793,45.0,9.0
