CoordX,CoordY,Orient,HalfLen,HalfWid
564.5,362.0,0.0,48.0,19.0
981.0,702.0,0.0,48.0,4.0
1099.5,702.0,-3.141592653589793,48.0,4.0
921.5,794.5,-1.5707963267948966,44.0,4.0
1055.5,1053.0,-3.141592653589793,48.0,7.0
486.0,1109.0,-1.5707963267948966,45.0,6.0
872.5,1208.0,-3.141592653589793,40.0,4.0
417.5,1387.0,-3.141592653589793,49.0,20.0
494.0,1540.5,-1.5707963267948966,43.0,14.0
