CoordX,CoordY,Orient,HalfLen,HalfWid
332.0,115.0,-3.141592653589793,91.0,17.0
334.0,822.0,-1.5707963267948966,42.0,7.0
276.5,943.5,-3.141592653589793,45.0,17.0
