CoordX,CoordY,Orient,HalfLen,HalfWid
429.5,326.0,0.0,38.0,16.0
543.5,720.5,-2.3561944901923453,33.941125496954285,4.242640687119294
626.9605026929983,745.7630161579892,2.346001474642586,28.953834846838085,5.368263360990891
283.0,795.5,-1.5707963267948966,29.0,5.0
542.5,873.5,0.0,38.0,9.0
