CoordX,CoordY,Orient,HalfLen,HalfWid
511.5,283.0,-1.5707963267948966,41.0,14.0
526.5,636.5,-1.5707963267948966,40.0,4.0
666.5,822.5,-1.5707963267948966,49.0,4.0
525.9932341001353,822.5548037889039,-1.5703032823331513,40.00196731591034,4.019721291485099
299.5,836.5,-1.5707963267948966,35.0,8.0
773.5,1076.5,-1.5707963267948966,35.0,5.0
592.5,1136.0,-3.141592653589793,45.0,6.0
