CoordX,CoordY,Orient,HalfLen,HalfWid
672.0,448.0,0.0,40.0,16.0
520.0,676.0,-1.5707963267948966,59.0,7.0
571.0,970.0,-1.5707963267948966,41.0,7.0
390.31228373702425,1025.3140138408305,0.7871723265887547,44.53636640484375,10.530059172753383
750.0,1116.5,-1.5707963267948966,39.0,6.0
998.0,1169.0,0.0,39.0,6.0
571.0,1226.0,-1.5707963267948966,40.0,7.0
750.0,1226.0,-1.5707963267948966,40.0,6.0
693.5,1474.0,0.0,43.0,16.0
458.5,1595.5,-1.5707963267948966,40.0,14.0
