CoordX,CoordY,Orient,HalfLen,HalfWid
410.5,298.0,0.0,41.0,19.0
314.0,767.0,-1.5707963267948966,42.0,7.0
405.0,889.0,-3.141592653589793,46.0,11.0
