CoordX,CoordY,Orient,HalfLen,HalfWid
560.5,187.5,0.0,38.0,7.0
421.0,371.5,-3.141592653589793,39.0,7.0
136.0,416.5,-3.141592653589793,39.0,7.0
273.4814509480627,474.59027205276175,-1.5722783219004226,37.010333330223084,7.054826111750637
164.5,595.5,-3.141592653589793,39.0,7.0
