CoordX,CoordY,Orient,HalfLen,HalfWid
208.0,167.5,-1.5707963267948966,34.0,7.0
393.5,213.0,0.0,39.0,6.0
335.0,265.0,-1.5707963267948966,46.0,7.0
950.0,258.5,-1.5707963267948966,39.0,14.0
491.5,381.0,0.0,44.0,7.0
491.0,460.0,0.0,44.0,16.0
