CoordX,CoordY,Orient,HalfLen,HalfWid
1284.0,527.5,-1.5707963267948966,46.0,27.0
1496.0,755.0,-1.5707963267948966,37.0,5.0
1321.6845513413507,855.0518038852914,3.136866449710805,31.037463267369414,8.113339122973155
1496.0,902.5,-1.5707963267948966,36.0,5.0
1023.5056179775281,1032.5505617977528,1.5703646032053518,40.00172316659945,4.016836846698703
453.0,1106.0,-1.5707963267948966,66.0,23.0
1311.5,1092.0,-1.5707963267948966,40.0,8.0
1128.0,1103.5,-1.5707963267948966,40.0,12.0
1372.0,1194.0,-3.141592653589793,45.0,16.0
