CoordX,CoordY,Orient,HalfLen,HalfWid
689.0,269.5,0.0,32.0,7.0
3381.0,269.5,0.0,37.0,7.0
3494.0,531.5,-1.5707963267948966,216.0,16.0
575.5,538.0,-1.5707963267948966,214.0,18.0
3494.0,808.0,-1.5707963267948966,44.0,16.0
575.5,815.0,-1.5707963267948966,44.0,18.0
