CoordX,CoordY,Orient,HalfLen,HalfWid
368.0,178.5,-1.5707963267948966,40.0,6.0
368.0,479.5,-1.5707963267948966,41.0,6.0
309.0,537.0,0.0,31.0,11.0
1073.0,699.5,0.0,38.0,7.0
960.5,729.0,-3.141592653589793,41.0,5.0
389.5,793.5,-1.5707963267948966,30.0,5.0
1016.5,807.0,-1.5707963267948966,41.0,5.0
510.0,992.0,-3.141592653589793,45.0,11.0
