CoordX,CoordY,Orient,HalfLen,HalfWid
585.0,254.5,-3.141592653589793,42.0,22.0
867.5,531.5,-3.141592653589793,42.0,5.0
993.5,584.0,-1.5707963267948966,43.0,5.0
849.5,639.5,-3.141592653589793,42.0,5.0
235.0,694.0,-1.5707963267948966,43.0,8.0
645.5,697.5,-1.5707963267948966,41.0,9.0
161.5,824.0,0.0,46.0,10.0
