CoordX,CoordY,Orient,HalfLen,HalfWid
577.0,236.5,-3.141592653589793,46.0,14.0
366.5,607.0,-3.141592653589793,45.0,5.0
311.0,715.5,-1.5707963267948966,40.0,5.0
195.0,825.0,-3.141592653589793,30.0,5.0
391.5,995.5,0.0,45.0,9.0
