CoordX,CoordY,Orient,HalfLen,HalfWid
438.0,454.0,-3.141592653589793,42.0,16.0
518.5,800.5,-1.5707963267948966,41.0,8.0
680.0,853.0,-3.141592653589793,30.0,5.0
518.5,1095.0,-1.5707963267948966,45.0,8.0
279.5,1090.0,-3.141592653589793,30.0,6.0
324.0,1137.5,-1.5707963267948966,36.0,4.0
457.5,1226.0,0.0,44.0,4.0
459.0,1354.0,0.0,45.0,17.0
