CoordX,CoordY,Orient,HalfLen,HalfWid
807.0,255.0,-1.5707963267948966,31.0,5.0
907.0,353.0,0.0,36.0,5.0
1054.5,353.0,-3.141592653589793,36.0,5.0
807.0,408.0,-1.5707963267948966,41.0,5.0
1632.5,415.5,-1.5707963267948966,40.0,13.0
1033.5,760.0,-3.141592653589793,42.0,9.0
