CoordX,CoordY,Orient,HalfLen,HalfWid
230.0,378.5,-1.5707963267948966,33.0,12.0
764.5,415.0,-1.5707963267948966,34.0,5.0
824.5,522.0,-1.5707963267948966,33.0,5.0
648.5,596.5,-1.5707963267948966,32.0,5.0
477.5,779.0,-1.5707963267948966,33.0,5.0
720.5,839.0,0.0,33.0,12.0
477.5,884.5,-1.5707963267948966,33.0,5.0
549.0,951.5,0.0,33.0,5.0
