CoordX,CoordY,Orient,HalfLen,HalfWid
474.0,400.0,-3.141592653589793,39.0,12.0
1196.5,589.5,-3.141592653589793,28.0,6.0
1108.0,765.5,0.0,39.0,4.0
1154.0,843.0,-1.5707963267948966,34.0,4.0
1107.5,952.0,0.0,39.0,4.0
521.5,1067.0,-1.5707963267948966,42.0,3.0
373.0,1120.5,0.0,30.0,3.0
469.5,1120.5,0.0,40.0,3.0
470.5,1259.5,-3.141592653589793,40.0,11.0
386.5,1428.0,-1.5707963267948966,40.0,6.0
