CoordX,CoordY,Orient,HalfLen,HalfWid
845.5,353.5,-3.141592653589793,26.0,5.0
898.5,399.5,-1.5707963267948966,26.0,5.0
260.0,464.0,-1.5707963267948966,25.0,10.0
898.5,516.0,-1.5707963267948966,25.0,5.0
526.5,665.0,-1.5707963267948966,25.0,5.0
560.0,698.5,0.0,25.0,4.0
692.5,698.5,-3.141592653589793,26.0,4.0
854.0,727.0,-3.141592653589793,27.0,10.0
