CoordX,CoordY,Orient,HalfLen,HalfWid
1375.0,97.0,-1.5707963267948966,26.0,6.0
514.5,115.5,-1.5707963267948966,32.0,5.0
689.0,343.5,0.0,33.0,5.0
366.0,416.5,0.0,55.0,5.0
514.5,527.5,-1.5707963267948966,59.0,5.0
1375.0,543.5,-1.5707963267948966,31.0,6.0
290.5,570.0,-1.5707963267948966,33.0,5.0
1232.0,628.0,-3.141592653589793,56.0,6.0
1497.5,628.0,0.0,56.0,6.0
381.5,791.0,-1.5707963267948966,33.0,5.0
564.5,792.5,-1.5707963267948966,34.0,5.0
470.0,1035.5,0.0,37.0,12.0
