CoordX,CoordY,Orient,HalfLen,HalfWid
599.5,168.0,-1.5707963267948966,28.0,5.0
710.0,342.5,-1.5707963267948966,37.0,5.0
514.0,577.5,-3.141592653589793,39.0,11.0
