CoordX,CoordY,Orient,HalfLen,HalfWid
765.5,475.5,-3.141592653589793,26.0,5.0
1294.0,516.5,-1.5707963267948966,33.0,11.0
691.5,521.5,-1.5707963267948966,32.0,4.0
691.5,612.0,-1.5707963267948966,33.0,4.0
813.5,851.5,-3.141592653589793,37.0,9.0
