CoordX,CoordY,Orient,HalfLen,HalfWid
1174.5,556.5,-1.5707963267948966,44.0,4.0
1553.5,604.0,-1.5707963267948966,43.0,8.0
556.0,625.0,0.0,37.0,4.0
602.0,880.5,-1.5707963267948966,44.0,5.0
1091.5,881.0,-1.5707963267948966,37.0,4.0
1369.0,887.0,-1.5707963267948966,33.0,7.0
822.0,1011.0,0.0,48.0,8.0
1553.5,1065.0,-1.5707963267948966,44.0,8.0
1091.5,1066.0,-1.5707963267948966,43.0,4.0
953.5,1118.5,0.0,32.0,4.0
1091.5,1348.5,-1.5707963267948966,32.0,4.0
