CoordX,CoordY,Orient,HalfLen,HalfWid
468.5,249.0,-3.141592653589793,44.0,15.0
411.5,784.5,-1.5707963267948966,33.0,6.0
212.5,830.5,-3.141592653589793,35.0,6.0
411.5,884.0,-1.5707963267948966,43.0,6.0
605.5,1011.5,-1.5707963267948966,39.0,6.0
652.0,1061.5,0.0,35.0,5.0
481.5,1096.5,0.0,50.0,5.0
480.5,1239.0,0.0,50.0,12.0
213.5,1368.0,-1.5707963267948966,44.0,6.0
