CoordX,CoordY,Orient,HalfLen,HalfWid
90.6218487394958,217.08403361344537,0.008087212809625962,27.0314655627843,5.137317612502599
775.5,322.0,0.0,35.0,5.0
856.0,462.5,-1.5707963267948966,32.0,10.0
145.0,554.0,-3.141592653589793,26.0,5.0
180.0,751.0,-3.141592653589793,32.0,10.0
