CoordX,CoordY,Orient,HalfLen,HalfWid
357.5,285.0,-1.5707963267948966,37.0,6.0
198.0,436.0,-1.5707963267948966,32.0,7.0
357.5,637.0,-1.5707963267948966,33.0,6.0
198.0,637.5,-1.5707963267948966,32.0,7.0
481.0,690.0,-3.141592653589793,43.0,11.0
483.0,838.5,0.0,44.0,6.0
