CoordX,CoordY,Orient,HalfLen,HalfWid
715.0,108.0,0.0,35.0,11.0
254.0,657.0,-1.5707963267948966,33.0,4.0
928.5,655.0,-3.141592653589793,29.0,4.0
759.5,750.5,-1.5707963267948966,34.0,3.0
300.0,747.0,0.0,31.0,4.0
306.5,867.0,-3.141592653589793,30.0,4.0
759.5,911.5,-1.5707963267948966,35.0,3.0
633.5,971.0,-1.5707963267948966,34.0,3.0
699.0,1020.0,-3.141592653589793,30.0,4.0
698.0,1163.0,0.0,31.0,12.0
