CoordX,CoordY,Orient,HalfLen,HalfWid
848.5,154.5,-3.141592653589793,37.0,7.0
513.5,226.0,-1.5707963267948966,38.0,7.0
647.5,508.5,0.0,32.0,7.0
513.5,563.5,-1.5707963267948966,38.0,7.0
763.5,564.0,-1.5707963267948966,39.0,7.0
617.5,642.5,-3.141592653589793,37.0,7.0
