CoordX,CoordY,Orient,HalfLen,HalfWid
644.5,325.5,0.0,38.0,16.0
363.0,718.5,-1.5707963267948966,40.0,5.0
220.02793296089385,967.1033519553073,-0.8167370500823842,29.55096430607978,6.584641716242256
363.0,993.0,-1.5707963267948966,40.0,5.0
428.5,1143.5,-3.141592653589793,44.0,9.0
