CoordX,CoordY,Orient,HalfLen,HalfWid
374.5,245.5,-1.5707963267948966,39.0,6.0
429.5,1016.5,0.0,38.0,12.0
1007.0,1016.0,-3.141592653589793,39.0,11.0
866.5,1393.5,0.0,38.0,4.0
804.5,1505.5,-1.5707963267948966,38.0,4.0
866.5,1588.5,-3.141592653589793,39.0,4.0
757.0,1725.0,-3.141592653589793,29.0,6.0
423.5,1763.0,-1.5707963267948966,39.0,4.0
355.0,1816.5,0.0,44.0,4.0
357.5,1890.5,0.0,43.0,12.0
