CoordX,CoordY,Orient,HalfLen,HalfWid
1029.5,308.5,-3.141592653589793,39.0,7.0
230.5,363.0,-1.5707963267948966,40.0,7.0
1105.5,371.5,-1.5707963267948966,39.0,7.0
410.5,442.5,-3.141592653589793,41.0,7.0
1105.5,521.0,-1.5707963267948966,39.0,7.0
513.5,563.0,-1.5707963267948966,40.0,7.0
608.0,637.5,-3.141592653589793,39.0,7.0
822.5,637.5,0.0,47.0,7.0
