CoordX,CoordY,Orient,HalfLen,HalfWid
1559.0,164.5,-1.5707963267948966,25.0,5.0
1605.0,280.0,0.0,34.0,5.0
258.0,323.0,-1.5707963267948966,36.0,9.0
1468.0,320.5,-1.5707963267948966,31.0,5.0
1649.0,320.5,-1.5707963267948966,28.0,5.0
1862.0,380.5,-1.5707963267948966,32.0,5.0
1036.5,415.5,-3.141592653589793,28.0,3.0
869.5,514.0,0.0,47.0,11.0
199.5,518.0,-3.141592653589793,36.0,7.0
705.0,665.5,-1.5707963267948966,37.0,7.0
