CoordX,CoordY,Orient,HalfLen,HalfWid
593.0,242.0,-1.5707963267948966,30.0,6.0
656.5,300.0,-3.141592653589793,35.0,4.0
452.0,350.5,-1.5707963267948966,43.0,4.0
800.0,413.0,-1.5707963267948966,41.0,4.0
207.0,465.5,-3.141592653589793,30.0,8.0
576.0,465.5,-3.141592653589793,44.0,8.0
1176.5,578.5,-1.5707963267948966,42.0,19.0
