CoordX,CoordY,Orient,HalfLen,HalfWid
426.5,481.0,-1.5707963267948966,38.0,16.0
1126.0,541.0,-1.5707963267948966,29.0,6.0
991.5,618.0,-1.5707963267948966,35.0,10.0
1434.5,644.0,0.0,29.0,6.0
1156.0,693.5,-1.5707963267948966,36.0,6.0
1051.0,870.0,0.0,43.0,6.0
1050.0,1008.5,0.0,42.0,11.0
