CoordX,CoordY,Orient,HalfLen,HalfWid
584.0,648.5,-3.141592653589793,38.0,8.0
583.0,1080.0,0.0,40.0,5.0
696.5,1080.0,-3.141592653589793,39.0,5.0
847.5,1125.5,-1.5707963267948966,30.0,4.0
527.0,1146.5,-1.5707963267948966,31.0,5.0
872.0,1214.0,-2.6007609355453236,19.37742971600021,4.7940421625524525
527.0,1407.0,-1.5707963267948966,38.0,5.0
582.5,1470.0,-3.141592653589793,38.0,5.0
582.0,1634.0,-3.141592653589793,42.0,8.0
