CoordX,CoordY,Orient,HalfLen,HalfWid
301.0,240.5,-3.141592653589793,38.0,8.0
159.5,629.5,0.0,33.0,4.0
307.0,767.5,-3.141592653589793,46.0,8.0
