CoordX,CoordY,Orient,HalfLen,HalfWid
1002.5,396.0,-1.5707963267948966,47.0,16.0
322.5,461.0,0.0,47.0,8.0
934.0,461.0,0.0,48.0,8.0
605.0,577.5,-1.5707963267948966,42.0,7.0
113.0,633.5,-3.141592653589793,45.0,9.0
269.5,631.5,-3.141592653589793,35.0,7.0
471.5,631.5,-3.141592653589793,34.0,7.0
