CoordX,CoordY,Orient,HalfLen,HalfWid
581.0,279.0,-1.5707963267948966,40.0,5.0
421.5,708.5,0.0,39.0,12.0
281.5,1213.0,-3.141592653589793,40.0,4.0
225.0,1257.0,-1.5707963267948966,35.0,4.0
225.0,1344.5,-1.5707963267948966,35.0,4.0
567.5,1375.5,-3.141592653589793,35.0,5.0
280.5,1388.0,-3.141592653589793,40.0,4.0
463.0,1421.5,-1.5707963267948966,34.0,4.0
409.5,1497.5,0.0,44.0,4.0
409.5,1589.5,-3.141592653589793,44.0,11.0
