CoordX,CoordY,Orient,HalfLen,HalfWid
220.0,250.5,-3.141592653589793,37.0,5.0
788.5,298.0,0.0,33.0,5.0
292.0,487.0,-1.5707963267948966,41.0,16.0
806.5,579.5,-3.141592653589793,42.0,5.0
1034.5,634.0,-1.5707963267948966,42.0,5.0
1122.0,795.5,-3.141592653589793,46.0,19.0
