CoordX,CoordY,Orient,HalfLen,HalfWid
468.0,225.0,-1.5707963267948966,67.0,6.0
801.0,503.5,-3.141592653589793,34.0,9.0
589.5,622.5,-1.5707963267948966,33.0,5.0
757.0,639.5,-1.5707963267948966,36.0,6.0
469.0,756.0,-1.5707963267948966,33.0,4.0
520.0,838.0,0.0,41.0,9.0
757.0,956.0,-1.5707963267948966,38.0,6.0
620.5,957.0,-1.5707963267948966,36.0,5.0
