CoordX,CoordY,Orient,HalfLen,HalfWid
871.0,174.5,-1.5707963267948966,39.0,4.0
142.0,261.5,-3.141592653589793,38.0,5.0
871.0,418.5,-1.5707963267948966,38.0,4.0
300.5067193675889,492.9691699604743,1.5713205470916944,39.00366418317472,7.980078530406406
784.5,540.0,-3.141592653589793,45.0,5.0
178.0,545.0,-3.141592653589793,44.0,4.0
