CoordX,CoordY,Orient,HalfLen,HalfWid
792.0,494.5,-3.141592653589793,46.0,17.0
481.5,860.0,-1.5707963267948966,44.0,5.0
682.5,1083.0,-1.5707963267948966,43.0,3.0
415.5,1144.0,-3.141592653589793,42.0,6.0
821.5,1197.0,-1.5707963267948966,43.0,4.0
542.0,1260.0,-1.5707963267948966,44.0,5.0
677.5,1389.5,-3.141592653589793,63.0,17.0
379.5,1521.5,-1.5707963267948966,49.0,8.0
