CoordX,CoordY,Orient,HalfLen,HalfWid
552.5,578.0,0.0,46.0,10.0
1093.5,647.5,-1.5707963267948966,44.0,18.0
290.0,723.0,0.0,46.0,8.0
1247.0,921.0,-1.5707963267948966,41.0,5.0
1481.0,923.5,-1.5707963267948966,40.0,5.0
1104.5,986.5,-1.5707963267948966,42.0,7.0
1104.5,1098.0,-1.5707963267948966,42.0,7.0
1307.0,1098.5,-1.5707963267948966,41.0,6.0
1161.5,1345.5,-3.141592653589793,47.0,16.0
