CoordX,CoordY,Orient,HalfLen,HalfWid
686.0,143.0,-1.5707963267948966,40.0,5.0
844.5,246.5,-1.5707963267948966,38.0,5.0
955.0,366.0,-3.141592653589793,39.0,5.0
290.5,459.0,-1.5707963267948966,45.0,18.0
1313.5,765.5,-3.141592653589793,45.0,7.0
