CoordX,CoordY,Orient,HalfLen,HalfWid
277.5,332.5,0.0,27.0,10.0
806.5,427.0,-1.5707963267948966,25.0,5.0
723.5,649.5,-3.141592653589793,26.0,5.0
769.5,693.5,-1.5707963267948966,26.0,5.0
821.5,749.5,-3.141592653589793,26.0,5.0
722.0,874.5,0.0,27.0,5.0
201.5,1009.0,-1.5707963267948966,25.0,5.0
298.5,1118.5,0.0,26.0,10.0
218.0,1214.0,-1.5707963267948966,26.0,6.0
