CoordX,CoordY,Orient,HalfLen,HalfWid
529.0,303.0,0.0,41.0,15.0
406.0,840.0,-1.5707963267948966,30.0,4.0
725.5,860.0,-3.141592653589793,30.0,6.0
569.6603174603175,898.9650793650794,2.1148909512110015,39.46457707210469,6.412844455251082
406.0,1047.5,-1.5707963267948966,34.0,4.0
479.0,1102.0,0.0,44.0,6.0
363.5,1182.5,-3.141592653589793,29.0,5.0
481.5,1242.0,-3.141592653589793,43.0,15.0
