CoordX,CoordY,Orient,HalfLen,HalfWid
491.0,736.5,-3.141592653589793,47.0,7.0
781.5,736.5,-3.141592653589793,45.0,7.0
552.5,849.5,-1.5707963267948966,47.0,7.0
