CoordX,CoordY,Orient,HalfLen,HalfWid
547.5,342.5,-3.141592653589793,36.0,13.0
173.5,509.0,0.0,25.0,8.0
223.0,742.0,-1.5707963267948966,32.0,4.0
479.0,826.5,0.0,38.0,7.0
