CoordX,CoordY,Orient,HalfLen,HalfWid
213.5,313.5,-1.5707963267948966,31.0,10.0
289.0,367.0,0.0,32.0,5.0
732.0,367.0,0.0,32.0,5.0
834.5,367.0,0.0,31.0,5.0
669.0,417.5,-1.5707963267948966,31.0,5.0
877.0,438.5,-1.5707963267948966,26.0,5.0
877.0,561.0,-1.5707963267948966,31.0,5.0
797.0,696.5,0.0,36.0,9.0
