CoordX,CoordY,Orient,HalfLen,HalfWid
859.0,316.0,-1.5707963267948966,75.0,4.0
409.5,427.0,-3.141592653589793,41.0,8.0
908.5,427.0,-3.141592653589793,41.0,8.0
1215.0,427.0,0.0,39.0,8.0
244.5,499.0,-1.5707963267948966,40.0,7.0
805.0,538.0,-1.5707963267948966,54.0,4.0
870.5,598.0,-3.141592653589793,33.0,4.0
1002.0,598.0,0.0,31.0,4.0
1096.3923076923077,597.9846153846154,-0.0015917308372571917,28.00633145016916,4.0413799170800875
1214.0,661.5,-3.141592653589793,41.0,7.0
