CoordX,CoordY,Orient,HalfLen,HalfWid
853.0,169.5,-1.5707963267948966,29.0,6.0
1007.0,327.5,-1.5707963267948966,41.0,5.0
310.5,345.5,-1.5707963267948966,40.0,14.0
802.0,333.5,-3.141592653589793,41.0,4.0
1007.0,495.0,-1.5707963267948966,40.0,5.0
950.0,550.5,-3.141592653589793,46.0,4.0
950.0,693.0,0.0,46.0,16.0
888.0,844.5,-1.5707963267948966,41.0,6.0
