CoordX,CoordY,Orient,HalfLen,HalfWid
397.5,223.5,-3.141592653589793,40.0,10.0
287.0,358.5,-1.5707963267948966,38.0,6.0
187.9551282051282,673.0064102564103,0.0005492778706901585,35.002191831514274,5.018674692398953
207.0,850.0,0.0,44.0,10.0
