CoordX,CoordY,Orient,HalfLen,HalfWid
434.0,377.5,-3.141592653589793,41.0,7.0
501.0,741.0,-1.5707963267948966,45.0,7.0
290.5,813.0,-1.5707963267948966,35.0,5.0
452.0,899.5,-3.141592653589793,41.0,7.0
