CoordX,CoordY,Orient,HalfLen,HalfWid
694.5,215.5,-3.141592653589793,34.0,7.0
298.0,478.5,0.0,27.0,4.0
629.0,527.5,-1.5707963267948966,26.0,4.0
211.5,578.0,-1.5707963267948966,22.0,4.0
478.0,575.5,-3.141592653589793,23.0,4.0
260.5,687.5,0.0,30.0,7.0
