CoordX,CoordY,Orient,HalfLen,HalfWid
691.0,405.5,-3.141592653589793,43.0,5.0
949.5,405.5,-3.141592653589793,48.0,5.0
168.5,613.0,0.0,26.0,6.0
332.0,613.0,0.0,28.0,6.0
820.5,759.5,0.0,32.0,6.0
