CoordX,CoordY,Orient,HalfLen,HalfWid
1099.5,214.5,-1.5707963267948966,40.0,11.0
627.5,276.5,0.0,38.0,4.0
509.5,337.5,-1.5707963267948966,41.0,4.0
699.5,386.0,-1.5707963267948966,39.0,4.0
699.5,490.5,-1.5707963267948966,39.0,4.0
626.5,796.5,-3.141592653589793,39.0,7.0
1390.0,796.5,-3.141592653589793,38.0,4.0
