CoordX,CoordY,Orient,HalfLen,HalfWid
1184.0,182.0,-1.5707963267948966,31.0,16.0
504.0,205.0,-1.5707963267948966,26.0,5.0
647.0,401.5,-1.5707963267948966,35.0,5.0
504.0,411.5,-1.5707963267948966,35.0,5.0
647.0,563.5,-1.5707963267948966,25.0,5.0
504.0,570.0,-1.5707963267948966,30.0,5.0
646.5,739.5,-1.5707963267948966,21.0,4.0
585.0,803.0,0.0,40.0,5.0
