CoordX,CoordY,Orient,HalfLen,HalfWid
588.5,348.5,-1.5707963267948966,31.0,5.0
1196.0,389.5,-1.5707963267948966,32.0,12.0
346.5,400.5,0.0,25.0,5.0
427.4908180300501,454.5409015025042,-1.571947702853254,24.00574097101966,5.0276297051285095
588.5,533.5,-1.5707963267948966,23.0,5.0
588.5,696.5,-1.5707963267948966,47.0,5.0
640.0,865.0,-3.141592653589793,33.0,12.0
