CoordX,CoordY,Orient,HalfLen,HalfWid
955.0,164.0,0.0,37.0,17.0
582.5,583.5,0.0,40.0,6.0
350.5,639.0,-1.5707963267948966,42.0,6.0
476.0,759.5,0.0,44.0,10.0
586.0,758.5,-3.141592653589793,37.0,9.0
