CoordX,CoordY,Orient,HalfLen,HalfWid
880.0,375.5,-3.141592653589793,42.0,16.0
1703.5,591.0,-3.141592653589793,44.0,8.0
1278.0,816.0,-3.141592653589793,42.0,6.0
1696.5,816.0,-3.141592653589793,43.0,6.0
1332.5,875.5,-1.5707963267948966,43.0,6.0
1770.5,932.5,-1.5707963267948966,44.0,15.0
648.5,1021.0,0.0,77.0,8.0
1009.5,1062.5,-2.356194490192345,42.426406871192846,5.6568542494923815
1332.5,1116.0,-1.5707963267948966,43.0,6.0
1240.5,1248.5,-3.141592653589793,49.0,15.0
