CoordX,CoordY,Orient,HalfLen,HalfWid
471.0,264.5,-3.141592653589793,35.0,4.0
632.5,264.5,-3.141592653589793,41.0,4.0
427.5,323.0,-1.5707963267948966,41.0,4.0
1155.0,325.5,-1.5707963267948966,40.0,9.0
565.0,557.0,-3.141592653589793,43.0,8.0
1155.0,685.5,-1.5707963267948966,41.0,9.0
803.5,686.5,-1.5707963267948966,41.0,4.0
1015.5,743.0,-3.141592653589793,32.0,8.0
803.5,833.0,-1.5707963267948966,33.0,4.0
753.0,971.5,-3.141592653589793,41.0,4.0
