CoordX,CoordY,Orient,HalfLen,HalfWid
456.5,253.0,0.0,32.0,5.0
1264.5,360.0,-1.5707963267948966,40.0,8.0
402.5,366.5,-1.5707963267948966,35.0,5.0
402.5,692.0,-1.5707963267948966,37.0,5.0
469.0,821.0,-3.141592653589793,39.0,9.0
