CoordX,CoordY,Orient,HalfLen,HalfWid
541.5,306.5,0.0,46.0,16.0
294.0,479.5,-1.5707963267948966,41.0,5.0
174.5,533.0,-3.141592653589793,41.0,5.0
176.0,714.0,0.0,41.0,5.0
591.0,807.0,-1.5707963267948966,41.0,5.0
402.0,928.5,-1.5707963267948966,40.0,5.0
786.0,895.0,0.0,32.0,5.0
591.0,944.0,-1.5707963267948966,41.0,5.0
532.5,1034.0,-3.141592653589793,45.0,5.0
531.5,1204.5,0.0,46.0,16.0
