CoordX,CoordY,Orient,HalfLen,HalfWid
342.0,168.5,-3.141592653589793,45.0,7.0
169.0,580.5,0.0,104.0,4.0
463.0,580.5,-3.141592653589793,41.0,4.0
553.5,580.5,-3.141592653589793,30.0,4.0
412.5,620.5,-1.5707963267948966,32.0,6.0
618.5,721.0,0.0,44.0,10.0
