CoordX,CoordY,Orient,HalfLen,HalfWid
814.0,572.5,-1.5707963267948966,36.0,4.0
788.0,733.5,-1.5707963267948966,35.0,4.0
719.0,800.5,-3.141592653589793,31.0,4.0
884.0,800.5,0.0,27.0,4.0
1099.5,872.5,0.0,31.0,4.0
1309.5,939.0,-1.5707963267948966,31.0,4.0
982.5,913.5,0.0,29.0,4.0
841.5,960.0,-1.5707963267948966,31.0,4.0
1225.5,988.0,-3.141592653589793,32.0,4.0
970.5,1002.0,-3.141592653589793,30.0,4.0
1090.5,1196.5,0.0,35.0,9.0
