CoordX,CoordY,Orient,HalfLen,HalfWid
746.5,441.0,-1.5707963267948966,96.0,5.0
621.5,681.0,-1.5707963267948966,35.0,5.0
848.5,720.0,-1.5707963267948966,35.0,5.0
786.0,967.5,0.0,35.0,11.0
666.5,968.5,-3.141592653589793,34.0,11.0
339.5,1035.0,-1.5707963267948966,37.0,11.0
