CoordX,CoordY,Orient,HalfLen,HalfWid
935.5,376.0,0.0,44.0,17.0
560.0,497.5,-1.5707963267948966,41.0,6.0
1155.0,925.0,-1.5707963267948966,43.0,6.0
974.0,927.0,-1.5707963267948966,42.0,6.0
837.5,955.0,-1.5707963267948966,39.0,5.0
566.0,1036.5,0.0,43.0,16.0
836.0,1082.5,-1.5707963267948966,40.0,7.0
974.0,1091.0,-1.5707963267948966,40.0,6.0
911.0,1197.0,0.0,46.0,6.0
909.0,1396.0,-3.141592653589793,48.0,17.0
