CoordX,CoordY,Orient,HalfLen,HalfWid
462.5,143.5,-3.141592653589793,33.0,10.0
397.0,281.0,-1.5707963267948966,75.0,5.0
397.0,656.0,-1.5707963267948966,24.0,5.0
558.991568296796,714.5446880269815,-1.5717603662767463,26.004808114825963,5.024098659882986
232.0,750.0,-3.141592653589793,23.0,5.0
397.0,823.0,-1.5707963267948966,26.0,5.0
559.0,893.5,-1.5707963267948966,35.0,5.0
397.0,1009.5,-1.5707963267948966,34.0,5.0
460.0,1112.0,0.0,31.0,5.0
468.5,1215.5,-3.141592653589793,33.0,10.0
