CoordX,CoordY,Orient,HalfLen,HalfWid
1965.5,449.5,0.0,38.0,7.0
2038.5,489.5,-1.5707963267948966,25.0,3.0
1811.0,635.0,-1.5707963267948966,37.0,5.0
1970.5,682.5,0.0,38.0,5.0
718.5,900.0,0.0,34.0,6.0
296.5,962.0,1.5707963267948966,34.0,7.0
585.0,969.0,-1.5707963267948966,39.0,8.0
831.0,969.0,-1.5707963267948966,38.0,8.0
1811.0,970.0,-1.5707963267948966,25.0,5.0
694.5,1055.0,-3.141592653589793,44.0,8.0
