CoordX,CoordY,Orient,HalfLen,HalfWid
284.0,280.0,0.0,41.0,15.0
198.5,943.5,-1.5707963267948966,40.0,4.0
137.0,1069.0,-3.141592653589793,45.0,14.0
