CoordX,CoordY,Orient,HalfLen,HalfWid
687.5,396.0,0.0,36.0,6.0
734.0,553.0,-1.5707963267948966,34.0,6.0
404.5,601.0,-3.141592653589793,41.0,6.0
315.41140529531566,892.70366598778,-0.5832715137188643,40.74507703312359,6.1887171815895865
734.0,912.0,-1.5707963267948966,39.0,6.0
650.5,985.5,-3.141592653589793,41.0,9.0
395.495092693566,1204.3173391494001,2.4763268559420597,36.33506194377099,6.4509820413320975
655.0,1309.5,0.0,41.0,9.0
