CoordX,CoordY,Orient,HalfLen,HalfWid
415.0,449.0,-3.141592653589793,43.0,18.0
210.0,971.5,-3.141592653589793,42.0,4.0
331.5,1024.5,-1.5707963267948966,43.0,4.0
514.5,1027.5,-1.5707963267948966,38.0,4.0
514.5,1158.5,-1.5707963267948966,44.0,4.0
331.5,1253.5,-1.5707963267948966,41.0,4.0
391.0,1385.5,-3.141592653589793,48.0,5.0
392.0,1527.0,0.0,48.0,19.0
177.5,1737.5,-1.5707963267948966,49.0,6.0
