CoordX,CoordY,Orient,HalfLen,HalfWid
457.0,757.0,-3.141592653589793,42.0,16.0
237.0,926.5,-3.141592653589793,29.0,5.0
256.0,1092.0,-3.141592653589793,33.0,5.0
399.0,1140.0,1.5707963267948966,39.0,5.0
997.0,1141.5,-1.5707963267948966,39.0,5.0
213.0,1152.5,-1.5707963267948966,31.0,5.0
943.0,1558.0,0.0,45.0,5.0
943.0,1630.0,0.0,45.0,17.0
992.0,1993.5,-1.5707963267948966,40.0,7.0
