CoordX,CoordY,Orient,HalfLen,HalfWid
1036.5,213.0,-1.5707963267948966,45.0,5.0
204.5,348.0,0.0,33.0,5.0
465.5,348.0,-3.141592653589793,40.0,5.0
420.0,454.0,-1.5707963267948966,40.0,5.0
1208.5,528.0,-1.5707963267948966,43.0,5.0
420.0,571.0,-1.5707963267948966,43.0,5.0
1278.0,592.5,-3.141592653589793,42.0,5.0
1419.5,707.5,-1.5707963267948966,42.0,14.0
494.0,675.5,0.0,48.0,4.0
1036.5,717.5,-1.5707963267948966,43.0,5.0
492.0,845.5,0.0,42.0,14.0
