CoordX,CoordY,Orient,HalfLen,HalfWid
463.5,159.5,-1.5707963267948966,32.0,5.0
294.5,162.0,-1.5707963267948966,33.0,6.0
243.0,454.5,0.0,36.0,5.0
385.5,454.5,-3.141592653589793,32.0,5.0
199.5,506.0,-1.5707963267948966,26.0,6.0
524.0,599.5,0.0,36.0,6.0
