CoordX,CoordY,Orient,HalfLen,HalfWid
484.5,455.0,-3.141592653589793,31.0,11.0
418.0,628.5,-1.5707963267948966,49.0,5.0
145.5,661.0,0.0,24.0,5.0
317.0,929.0,0.0,32.0,5.0
185.0,968.0,-1.5707963267948966,32.0,5.0
185.0,1053.5,-1.5707963267948966,22.0,5.0
471.0,1180.0,-1.5707963267948966,32.0,5.0
290.0,1244.5,-1.5707963267948966,32.0,5.0
347.0,1382.0,0.0,41.0,5.0
352.5,1489.5,0.0,39.0,9.0
617.0,2157.5,-1.5707963267948966,32.0,5.0
