CoordX,CoordY,Orient,HalfLen,HalfWid
299.5,340.5,0.0,38.0,16.0
866.5,342.5,-3.141592653589793,40.0,18.0
979.0,767.0,0.0,39.0,6.0
316.0,850.5,-1.5707963267948966,28.0,6.0
927.0,882.0,-1.5707963267948966,31.0,6.0
832.5,1003.0,0.0,28.0,5.0
977.0,1003.0,-3.141592653589793,39.0,5.0
291.0,1068.0,-3.141592653589793,42.0,6.0
285.5,1196.5,0.0,41.0,16.0
269.0,1490.0,-3.141592653589793,38.0,6.0
