CoordX,CoordY,Orient,HalfLen,HalfWid
437.5,260.0,-1.5707963267948966,36.0,5.0
249.0,282.5,0.0,36.0,10.0
913.0,347.0,-1.5707963267948966,41.0,16.0
703.0,403.0,-3.141592653589793,47.0,6.0
227.0,629.0,-3.141592653589793,40.0,6.0
163.5,962.0,-3.141592653589793,44.0,12.0
