CoordX,CoordY,Orient,HalfLen,HalfWid
291.0,168.0,-3.141592653589793,38.0,12.0
369.5,289.5,-1.5707963267948966,36.0,9.0
408.5,508.0,0.0,29.0,6.0
523.5,508.0,0.0,29.0,6.0
711.0,508.0,0.0,34.0,6.0
777.0,549.0,-1.5707963267948966,31.0,6.0
369.5,570.0,-1.5707963267948966,40.0,9.0
462.0,654.0,0.0,41.0,9.0
