CoordX,CoordY,Orient,HalfLen,HalfWid
825.0,264.5,-3.141592653589793,30.0,9.0
347.0,438.0,0.0,41.0,5.0
729.5,438.0,-3.141592653589793,40.0,5.0
787.0,493.0,-1.5707963267948966,41.0,5.0
845.5,690.0,-3.141592653589793,34.0,5.0
844.0,943.0,0.0,44.0,5.0
848.0,1062.5,0.0,45.0,11.0
