CoordX,CoordY,Orient,HalfLen,HalfWid
656.0,105.0,0.0,47.0,8.0
234.0,181.0,-1.5707963267948966,32.0,5.0
180.5,427.5,-3.141592653589793,36.0,9.0
529.0,431.0,-3.141592653589793,42.0,6.0
362.5,480.0,-1.5707963267948966,34.0,5.0
362.5,631.5,-1.5707963267948966,40.0,5.0
468.0,823.5,0.0,45.0,5.0
469.0,933.0,0.0,48.0,9.0
