CoordX,CoordY,Orient,HalfLen,HalfWid
424.0,199.0,0.0,41.0,19.0
477.5,389.5,-1.5707963267948966,50.0,5.0
559.5,767.0,-1.5707963267948966,43.0,5.0
371.0,786.5,-1.5707963267948966,43.0,7.0
601.5,934.0,-3.141592653589793,31.0,7.0
426.0,936.5,-3.141592653589793,43.0,5.0
427.5,1115.0,0.0,42.0,17.0
