CoordX,CoordY,Orient,HalfLen,HalfWid
567.5,247.5,-1.5707963267948966,38.0,5.0
306.5,249.0,-1.5707963267948966,39.0,7.0
817.5,249.0,-1.5707963267948966,38.0,5.0
1507.5,473.5,-1.5707963267948966,43.0,4.0
703.5,505.5,0.0,38.0,5.0
567.5,561.0,-1.5707963267948966,40.0,5.0
567.5,680.5,-1.5707963267948966,42.0,5.0
664.0,789.5,-3.141592653589793,47.0,5.0
663.5,883.0,0.0,46.0,21.0
