CoordX,CoordY,Orient,HalfLen,HalfWid
308.0,236.0,-1.5707963267948966,80.0,5.0
157.0,513.5,-3.141592653589793,48.0,5.0
308.0,568.0,-1.5707963267948966,36.0,5.0
255.0,622.0,0.0,37.0,8.0
129.0,803.0,0.0,42.0,24.0
