CoordX,CoordY,Orient,HalfLen,HalfWid
367.5,283.0,-3.141592653589793,40.0,19.0
282.5,945.5,-1.5707963267948966,41.0,6.0
352.0,1084.0,-3.141592653589793,46.0,10.0
