CoordX,CoordY,Orient,HalfLen,HalfWid
303.5,231.5,-3.141592653589793,38.0,10.0
468.0,611.0,0.0,34.0,5.0
513.0,672.5,-1.5707963267948966,27.0,5.0
464.0,771.5,0.0,39.0,10.0
