CoordX,CoordY,Orient,HalfLen,HalfWid
181.0,325.5,-1.5707963267948966,38.0,12.0
618.0,395.0,-0.025387921595168745,32.167384169702586,6.185417987393201
761.0,395.0,-3.141592653589793,29.0,6.0
852.0,395.0,0.0,36.0,6.0
913.0,446.5,-1.5707963267948966,38.0,6.0
635.0,572.5,0.0,41.0,11.0
