CoordX,CoordY,Orient,HalfLen,HalfWid
967.5,321.0,-1.5707963267948966,26.0,9.0
426.0,387.5,-3.141592653589793,23.0,4.0
380.5,435.0,-1.5707963267948966,23.0,4.0
574.5,434.5,-1.5707963267948966,22.0,4.0
380.5,593.0,-1.5707963267948966,22.0,4.0
443.5,809.5,-3.141592653589793,25.0,9.0
