CoordX,CoordY,Orient,HalfLen,HalfWid
706.5,244.5,-3.141592653589793,38.0,10.0
612.0,295.0,-1.5707963267948966,39.0,6.0
326.5,554.0,-3.141592653589793,38.0,5.0
478.0,587.0,0.0,32.0,5.0
281.0268817204301,649.6720430107526,-1.5684706356334375,33.01153919951504,5.067431460790081
497.5,759.5,0.0,43.0,7.0
