CoordX,CoordY,Orient,HalfLen,HalfWid
760.0,326.0,-3.141592653589793,30.0,4.0
938.5,326.0,0.0,34.0,4.0
1063.0,373.5,-1.5707963267948966,39.0,4.0
1063.0,470.5,-1.5707963267948966,39.0,4.0
165.5,473.0,-1.5707963267948966,40.0,11.0
964.0,520.5,-3.141592653589793,30.0,4.0
717.5,629.5,-1.5707963267948966,39.0,8.0
776.5,765.5,-3.141592653589793,44.0,8.0
