CoordX,CoordY,Orient,HalfLen,HalfWid
332.5,683.0,-1.5694894574896814,35.01042506309079,7.954252755708987
398.5,799.5,-3.141592653589793,36.0,17.0
