CoordX,CoordY,Orient,HalfLen,HalfWid
703.5,166.5,-1.5707963267948966,36.0,7.0
376.0,379.0,0.0,23.0,4.0
467.0,434.5,-3.141592653589793,36.0,7.0
867.5,434.5,-3.141592653589793,37.0,7.0
286.5,490.0,-1.5707963267948966,39.0,7.0
525.0,493.5,-1.5707963267948966,24.0,4.0
525.0,579.5,-1.5707963267948966,40.0,4.0
466.5,670.0,0.0,36.0,4.0
465.5,799.5,0.0,38.0,7.0
