CoordX,CoordY,Orient,HalfLen,HalfWid
336.0,171.0,-3.141592653589793,42.0,16.0
261.0,305.0,-1.5707963267948966,50.0,5.0
187.0,607.5,-3.141592653589793,40.0,4.0
279.5,785.0,-1.1263543156313944,44.197273024036676,5.418164981035998
166.0,929.5,0.0,47.0,4.0
163.5,1059.0,-3.141592653589793,46.0,15.0
