CoordX,CoordY,Orient,HalfLen,HalfWid
730.5,470.5,0.0,33.0,4.0
1307.0,501.5,-1.5707963267948966,32.0,12.0
789.5,527.0,-1.5707963267948966,36.0,6.0
609.5,533.5,-1.5707963267948966,34.0,6.0
609.5,835.0,-1.5707963267948966,40.0,6.0
663.5,952.5,0.0,38.0,9.0
