CoordX,CoordY,Orient,HalfLen,HalfWid
551.0,262.0,-1.5707963267948966,39.0,6.0
1031.5,402.0,0.0,36.0,6.0
732.5,442.0,-1.5707963267948966,30.0,5.0
1082.5,455.0,-1.5707963267948966,33.0,5.0
918.0,607.0,0.0,32.0,6.0
1139.5,607.5,-3.141592653589793,31.0,5.0
1238.0,607.5,-3.141592653589793,31.0,5.0
551.5,662.0,-1.5707963267948966,39.0,6.0
1292.0,684.0,-1.5707963267948966,37.0,8.0
776.5,772.5,0.0,39.0,9.0
738.5,1074.5,-3.141592653589793,41.0,9.0
