CoordX,CoordY,Orient,HalfLen,HalfWid
538.5,299.0,-3.141592653589793,42.0,20.0
339.5,559.0,-1.5707963267948966,40.0,5.0
275.0,866.5,-3.141592653589793,40.0,4.0
227.5,953.0,-1.5707963267948966,40.0,3.0
501.5,1121.5,0.0,46.0,24.0
