CoordX,CoordY,Orient,HalfLen,HalfWid
834.5,263.5,-3.141592653589793,39.0,17.0
916.0,708.0,-1.5707963267948966,40.0,5.0
956.0,756.0,-3.141592653589793,30.0,5.0
847.5,909.0,0.0,46.0,11.0
