CoordX,CoordY,Orient,HalfLen,HalfWid
746.5,212.5,-3.141592653589793,66.0,20.0
536.0,354.5,-1.5707963267948966,57.0,20.0
536.0,614.0,-1.5707963267948966,59.0,20.0
754.0,742.5,-3.141592653589793,66.0,19.0
