CoordX,CoordY,Orient,HalfLen,HalfWid
442.0,214.5,-3.141592653589793,50.0,12.0
542.5,616.5,0.0,36.0,4.0
592.0,710.0,-1.5707963267948966,38.0,5.0
441.5,760.5,0.0,42.0,8.0
