CoordX,CoordY,Orient,HalfLen,HalfWid
583.5,168.5,-1.5707963267948966,39.0,5.0
511.5,345.5,-3.141592653589793,46.0,5.0
722.0,397.0,-1.5707963267948966,39.0,6.0
461.0,525.5,-3.141592653589793,35.0,7.0
600.5,526.0,-3.141592653589793,45.0,8.0
