CoordX,CoordY,Orient,HalfLen,HalfWid
487.5,319.0,0.0,37.0,17.0
610.5,854.0,-1.5707963267948966,31.0,7.0
395.5,894.5,-1.5707963267948966,29.0,7.0
562.5,995.0,-1.5707963267948966,35.0,7.0
617.0,1185.0,-3.141592653589793,40.0,6.0
618.0,1256.5,0.0,42.0,11.0
