CoordX,CoordY,Orient,HalfLen,HalfWid
682.5,305.0,0.0,41.0,16.0
255.0,482.0,0.0,31.0,7.0
301.5,711.0,-1.5707963267948966,40.0,6.0
670.8390557939914,801.1512875536481,2.3049374321494818,40.650663416323894,5.775400123633918
434.5,874.5,-1.5707963267948966,41.0,6.0
494.5,1015.5,-3.141592653589793,47.0,5.0
491.5,1125.5,0.0,45.0,16.0
570.0,1232.0,-1.5707963267948966,38.0,7.0
