CoordX,CoordY,Orient,HalfLen,HalfWid
806.5,382.5,-3.141592653589793,41.0,6.0
278.5,424.0,-1.5707963267948966,40.0,17.0
859.0,567.5,-1.5707963267948966,40.0,6.0
914.5,658.0,0.0,40.0,10.0
720.0,856.5,-3.141592653589793,46.0,9.0
