CoordX,CoordY,Orient,HalfLen,HalfWid
697.5,188.0,0.0,41.0,25.0
413.0,529.0,-3.141592653589793,42.0,6.0
847.5,536.0,0.0,68.0,9.0
582.0,719.5,-1.5707963267948966,37.0,6.0
646.0,841.0,-3.141592653589793,46.0,10.0
