CoordX,CoordY,Orient,HalfLen,HalfWid
780.0,417.5,-3.141592653589793,39.0,5.0
878.0,417.5,-3.141592653589793,39.0,5.0
653.0,543.5,0.0,33.0,5.0
943.5,609.5,-3.141592653589793,29.0,5.0
1044.0,615.5,-3.141592653589793,44.0,11.0
696.5,649.5,-1.5707963267948966,28.0,5.0
225.0,665.5,-1.5707963267948966,38.0,18.0
