CoordX,CoordY,Orient,HalfLen,HalfWid
494.5,371.5,0.0,33.0,6.0
682.5,529.0,0.0,27.0,4.0
655.5,717.0,0.0,27.0,5.0
545.0,833.0,-1.5707963267948966,39.0,6.0
1290.0,906.0,-3.141592653589793,35.0,10.0
620.5,907.0,0.0,40.0,9.0
