CoordX,CoordY,Orient,HalfLen,HalfWid
843.5,416.0,-3.141592653589793,42.0,16.0
546.5,1084.0,-1.5707963267948966,41.0,5.0
792.5,1120.0,0.0,35.0,6.0
741.5,1184.0,-1.5707963267948966,48.0,5.0
614.5,1249.5,-3.141592653589793,46.0,5.0
613.0,1394.5,-3.141592653589793,45.0,15.0
825.5,1605.0,0.0,42.0,11.0
