CoordX,CoordY,Orient,HalfLen,HalfWid
266.5,197.5,-1.5707963267948966,39.0,8.0
783.5,386.5,-1.5707963267948966,40.0,8.0
211.0,431.0,-3.141592653589793,41.0,8.0
266.5,587.0,-1.5707963267948966,41.0,8.0
904.5,686.0,-1.5707963267948966,39.0,8.0
211.5,662.5,0.0,40.0,8.0
191.5,931.5,-3.141592653589793,44.0,8.0
397.0,931.5,-3.141592653589793,46.0,8.0
824.5,931.5,-3.141592653589793,55.0,8.0
195.5,1143.5,0.0,46.0,8.0
