CoordX,CoordY,Orient,HalfLen,HalfWid
491.0,207.0,-3.141592653589793,36.0,9.0
372.5,566.5,-3.141592653589793,35.0,3.0
467.5,566.5,-3.141592653589793,35.0,3.0
540.5,608.5,-1.5707963267948966,30.0,3.0
220.5,646.5,-1.5707963267948966,27.0,3.0
271.0,739.5,-3.141592653589793,40.0,6.0
493.5,736.5,0.0,38.0,3.0
510.5,1050.0,-3.141592653589793,34.0,10.0
