CoordX,CoordY,Orient,HalfLen,HalfWid
945.5,449.5,-1.5707963267948966,32.0,3.0
284.0,475.5,-1.5707963267948966,41.0,17.0
866.5,531.0,0.0,46.0,11.0
