CoordX,CoordY,Orient,HalfLen,HalfWid
807.0,309.0,-1.5707963267948966,38.0,20.0
255.5,680.5,-1.5707963267948966,34.0,5.0
195.5,735.0,-3.141592653589793,40.0,11.0
