CoordX,CoordY,Orient,HalfLen,HalfWid
448.0,502.5,1.2771251968893542,22.03843433822753,3.7825139682007576
485.0,649.5,-1.5707963267948966,18.0,3.0
65.01785714285714,663.3482142857143,-2.8922431716345036,19.875010372474748,3.4728518574447294
428.5,730.5,0.0,27.0,7.0
