CoordX,CoordY,Orient,HalfLen,HalfWid
147.5,193.0,-1.5707963267948966,34.0,5.0
370.0,240.5,0.0,41.0,10.0
365.5,842.5,-3.141592653589793,45.0,5.0
365.5,904.5,0.0,46.0,7.0
