CoordX,CoordY,Orient,HalfLen,HalfWid
388.5,126.0,-3.141592653589793,42.0,20.0
305.0,811.0,-1.5707963267948966,42.0,5.0
363.0,915.5,0.0,48.0,11.0
