CoordX,CoordY,Orient,HalfLen,HalfWid
358.5,277.5,-3.141592653589793,44.0,23.0
159.5,645.5,-3.141592653589793,34.0,4.0
285.5,866.0,-1.5707963267948966,40.0,4.0
361.0,1011.5,-3.141592653589793,46.0,9.0
