CoordX,CoordY,Orient,HalfLen,HalfWid
512.5,204.0,0.0,46.0,11.0
358.5,653.0,-3.141592653589793,30.0,8.0
454.0997536945813,725.1687192118227,1.5669241055220546,63.018888744496714,6.1393546352232375
677.5,715.0,-1.5707963267948966,30.0,5.0
454.0,930.0,-1.5707963267948966,40.0,6.0
615.5,935.5,-1.5707963267948966,35.0,5.0
553.0,1006.0,0.0,45.0,6.0
