CoordX,CoordY,Orient,HalfLen,HalfWid
926.5,251.5,-1.5707963267948966,38.0,10.0
518.5,357.5,-3.141592653589793,30.0,4.0
650.5,357.5,0.0,33.0,4.0
245.5,402.0,-1.5707963267948966,30.0,4.0
285.5,480.5,0.0,29.0,4.0
397.5,480.5,0.0,29.0,4.0
702.5,580.0,-1.5707963267948966,36.0,4.0
567.0,637.5,0.0,36.0,10.0
991.0,631.5,0.0,66.0,4.0
