CoordX,CoordY,Orient,HalfLen,HalfWid
570.0,266.0,-3.141592653589793,45.0,20.0
458.0,348.5,-1.5707963267948966,39.0,5.0
458.0,781.5,-1.5707963267948966,37.0,5.0
175.5,869.5,-3.141592653589793,39.0,3.0
696.0,916.5,-1.5707963267948966,38.0,5.0
462.0,925.0,-1.5707963267948966,38.0,7.0
754.0,1051.0,-3.141592653589793,43.0,20.0
