CoordX,CoordY,Orient,HalfLen,HalfWid
159.5,250.0,-3.141592653589793,30.0,4.0
153.5,519.5,-3.141592653589793,35.0,4.0
243.0,519.5,0.0,36.0,4.0
693.5,657.5,-1.5707963267948966,29.0,4.0
242.5,717.5,-3.141592653589793,34.0,4.0
138.0,902.5,0.0,44.0,4.0
137.5,1071.0,-3.141592653589793,43.0,15.0
345.0,1137.0,-1.5707963267948966,35.0,5.0
