CoordX,CoordY,Orient,HalfLen,HalfWid
877.0,271.0,0.0,41.0,5.0
1920.5,275.5,-3.141592653589793,41.0,5.0
1110.5,394.0,-1.5707963267948966,41.0,17.0
2032.5,403.0,-1.5707963267948966,41.0,5.0
1776.5,404.5,-1.5707963267948966,39.0,5.0
2032.5,530.0,-1.5707963267948966,43.0,5.0
877.5,521.5,-3.141592653589793,40.0,9.0
942.5,642.5,-1.5707963267948966,39.0,5.0
942.5,783.5,-1.5707963267948966,41.0,5.0
383.5,876.5,-3.141592653589793,41.0,17.0
851.0,876.5,-3.141592653589793,48.0,17.0
