CoordX,CoordY,Orient,HalfLen,HalfWid
363.0,252.0,-3.141592653589793,37.0,15.0
341.0,790.5,-1.5707963267948966,30.0,5.0
197.0,792.0,-1.5707963267948966,29.0,5.0
341.0,946.5,-1.5707963267948966,35.0,5.0
391.0,1080.0,-3.141592653589793,39.0,5.0
396.0,1228.5,0.0,44.0,14.0
