CoordX,CoordY,Orient,HalfLen,HalfWid
549.0,96.5,-1.5707963267948966,43.0,18.0
537.0,260.0,-1.5707963267948966,59.0,6.0
638.0,504.0,0.0,39.0,6.0
664.0,689.0,-1.5707963267948966,39.0,6.0
362.0,725.0,-1.5707963267948966,40.0,6.0
263.5,843.0,-3.141592653589793,45.0,11.0
