CoordX,CoordY,Orient,HalfLen,HalfWid
797.5,278.0,-1.5707963267948966,42.0,7.0
906.0,341.0,0.0,33.0,6.0
167.0,430.5,-1.5707963267948966,41.0,10.0
797.5,606.0,-1.5707963267948966,46.0,7.0
635.5,675.5,-1.5707963267948966,37.0,7.0
797.5,897.0,-1.5707963267948966,46.0,7.0
735.5,1066.0,-3.141592653589793,47.0,10.0
