CoordX,CoordY,Orient,HalfLen,HalfWid
477.5,276.5,0.0,44.0,20.0
421.5,355.5,-1.5707963267948966,44.0,6.0
380.519357884797,786.2247403210577,2.3393675293818545,44.64850166401028,6.3323971716931196
283.0,831.0,-3.141592653589793,39.0,9.0
394.0,1052.5,-3.141592653589793,45.0,9.0
