CoordX,CoordY,Orient,HalfLen,HalfWid
419.5,347.5,-3.141592653589793,42.0,7.0
1070.0,347.5,-3.141592653589793,41.0,7.0
619.5,690.5,-3.141592653589793,39.0,7.0
679.5,731.5,-1.5707963267948966,32.0,7.0
570.5,739.5,-1.5707963267948966,38.0,7.0
570.5,894.5,-1.5707963267948966,36.0,7.0
407.0,896.0,-1.5707963267948966,34.0,7.0
1084.5,980.5,-1.5707963267948966,35.0,7.0
1269.0,1086.5,0.0,37.0,7.0
1212.5,1250.5,-1.5707963267948966,37.0,7.0
