CoordX,CoordY,Orient,HalfLen,HalfWid
404.5,577.5,-1.5707963267948966,39.0,6.0
595.5,1007.0,-1.5707963267948966,36.0,6.0
689.5,1132.5,-3.141592653589793,43.0,6.0
