CoordX,CoordY,Orient,HalfLen,HalfWid
413.5,297.5,-1.5707963267948966,38.0,9.0
358.5,519.5,0.0,30.0,7.0
183.0,520.5,-3.141592653589793,30.0,6.0
358.5,653.5,-3.141592653589793,31.0,7.0
263.0,747.5,-3.141592653589793,30.0,6.0
376.5,1245.5,0.0,43.0,7.0
