CoordX,CoordY,Orient,HalfLen,HalfWid
452.5,206.5,-1.5707963267948966,38.0,9.0
588.5,563.0,-1.5707963267948966,34.0,4.0
367.0,565.0,-1.5707963267948966,33.0,4.0
175.0,675.5,0.0,40.0,7.0
