CoordX,CoordY,Orient,HalfLen,HalfWid
79.0,297.0,-3.141592653589793,29.0,7.0
192.5,297.0,-3.141592653589793,29.0,7.0
748.0,593.5,0.0,38.0,6.0
387.5,643.5,-1.5707963267948966,37.0,6.0
336.0,700.0,-3.141592653589793,38.0,9.0
748.0,802.5,0.0,42.0,6.0
1037.5,897.0,-1.5707963267948966,37.0,6.0
1089.5,947.5,0.0,39.0,6.0
