CoordX,CoordY,Orient,HalfLen,HalfWid
497.5,606.0,-1.5707963267948966,30.0,5.0
334.0,641.0,-1.5707963267948966,38.0,6.0
604.5,866.5,0.0,38.0,9.0
