CoordX,CoordY,Orient,HalfLen,HalfWid
99.5,120.5,-0.7853981633974485,60.811183182043095,14.142135623730965
480.5,453.0,-1.5707963267948966,40.0,4.0
357.5,654.0,-1.5707963267948966,106.0,4.0
480.5,644.0,-1.5707963267948966,41.0,4.0
419.0,769.5,-3.141592653589793,47.0,9.0
