CoordX,CoordY,Orient,HalfLen,HalfWid
677.5,332.0,0.0,44.0,18.0
542.5,1073.0,-1.5707963267948966,41.0,6.0
731.0,1073.5,-1.5707963267948966,40.0,5.0
484.0352422907489,1182.5066079295154,-3.141095608411942,40.00297732986623,6.980614374173317
677.0,1382.0,-3.141592653589793,43.0,18.0
587.5,1532.0,-1.5707963267948966,40.0,10.0
