CoordX,CoordY,Orient,HalfLen,HalfWid
441.5,144.5,0.0,44.0,7.0
468.0,623.5,-3.141592653589793,44.0,7.0
588.5,682.0,-1.5707963267948966,44.0,7.0
408.5,736.0,-1.5707963267948966,44.0,7.0
588.5,848.5,-1.5707963267948966,33.0,7.0
643.5,979.5,-3.141592653589793,35.0,7.0
470.5,1025.5,0.0,43.0,7.0
471.5,1148.5,0.0,43.0,7.0
536.5,1546.5,-1.5707963267948966,42.0,7.0
