CoordX,CoordY,Orient,HalfLen,HalfWid
243.0,307.0,0.0,35.0,9.0
664.0,552.0,0.0,35.0,5.0
540.5,768.0,-3.141592653589793,32.0,6.0
652.5,768.0,0.0,27.0,6.0
798.0,773.0,-3.141592653589793,37.0,10.0
316.0,801.0,-1.5707963267948966,23.0,6.0
