CoordX,CoordY,Orient,HalfLen,HalfWid
432.0,211.0,-3.141592653589793,44.0,8.0
303.5,559.0,-3.141592653589793,37.0,4.0
304.5,708.5,-3.141592653589793,44.0,12.0
