CoordX,CoordY,Orient,HalfLen,HalfWid
496.5,460.5,0.0,45.0,6.0
900.5,460.5,0.0,39.0,6.0
1008.5,460.5,-3.141592653589793,37.0,6.0
1174.2453195610071,619.932214331827,3.1366891136396844,40.043650789577676,9.82825656624035
415.5,721.0,-1.5707963267948966,46.0,25.0
1171.5,806.0,0.0,39.0,8.0
1092.0,961.5,-1.5707963267948966,34.0,7.0
1246.5,1244.5,-3.141592653589793,45.0,10.0
