CoordX,CoordY,Orient,HalfLen,HalfWid
810.5,258.5,-3.141592653589793,24.0,10.0
629.0,498.0,-1.5707963267948966,25.0,5.0
790.0,937.0,-1.5707963267948966,26.0,5.0
992.5,944.5,0.0,27.0,4.0
744.0,1050.5,-3.141592653589793,24.0,10.0
