CoordX,CoordY,Orient,HalfLen,HalfWid
989.5,346.5,-1.5707963267948966,40.0,13.0
366.0,362.0,-1.5707963267948966,41.0,5.0
437.5,447.5,-2.73749592393249,40.18393159750645,5.22031046652618
215.0,463.5,-1.5707963267948966,30.0,5.0
573.0,601.0,-3.141592653589793,46.0,13.0
661.5,711.0,-1.5707963267948966,46.0,7.0
