CoordX,CoordY,Orient,HalfLen,HalfWid
562.5,246.5,-3.141592653589793,40.0,16.0
201.0,413.5,0.0,41.0,5.0
255.5,656.5,-1.5707963267948966,40.0,5.0
397.5,661.0,-1.5707963267948966,41.0,5.0
602.5,796.5,-1.5707963267948966,41.0,5.0
397.5,823.5,-1.5707963267948966,41.0,5.0
792.5,846.5,-3.141592653589793,30.0,5.0
602.5,904.0,-1.5707963267948966,41.0,5.0
542.5,982.5,-3.141592653589793,46.0,5.0
543.5,1134.0,-3.141592653589793,46.0,17.0
449.5,1277.5,-1.5707963267948966,41.0,8.0
