CoordX,CoordY,Orient,HalfLen,HalfWid
622.5,315.5,-1.5707963267948966,47.0,9.0
1217.5,437.5,-3.141592653589793,47.0,17.0
1814.5,437.5,-3.141592653589793,47.0,17.0
1807.0,758.5,-3.141592653589793,43.0,5.0
1925.5,806.5,-1.5707963267948966,37.0,5.0
1741.0,906.5,0.0,42.0,14.0
1844.5,906.5,0.0,42.0,14.0
1345.5,970.5,-1.5707963267948966,42.0,5.0
927.5,1095.5,-1.5707963267948966,32.0,1.0
1119.5,1193.5,-1.5707963267948966,42.0,5.0
1201.0,1318.5,-3.141592653589793,48.0,17.0
