CoordX,CoordY,Orient,HalfLen,HalfWid
997.5,523.0,-1.5707963267948966,36.0,6.0
384.0,632.0,-1.5707963267948966,46.0,9.0
881.5,800.5,-1.5707963267948966,28.0,6.0
881.5,999.0,-1.5707963267948966,29.0,6.0
789.5,1039.0,0.0,44.0,7.0
728.5,1089.5,-1.5707963267948966,38.0,7.0
790.0,1206.5,-3.141592653589793,46.0,9.0
