CoordX,CoordY,Orient,HalfLen,HalfWid
401.5,224.5,0.0,41.0,11.0
519.0,384.5,-1.5707963267948966,83.0,6.0
175.0,780.0,0.0,27.0,6.0
283.0,822.0,-1.5707963267948966,31.0,6.0
367.5,869.0,-3.141592653589793,45.0,6.0
367.0,1011.5,-3.141592653589793,44.0,11.0
