CoordX,CoordY,Orient,HalfLen,HalfWid
444.0,163.5,-1.5707963267948966,36.0,11.0
816.5,389.5,-3.141592653589793,31.0,5.0
200.5,565.5,-3.141592653589793,57.0,5.0
486.5,565.5,-3.141592653589793,36.0,5.0
769.5,622.0,-1.5707963267948966,34.0,5.0
654.5,694.5,-3.141592653589793,35.0,5.0
335.5,747.5,-1.5707963267948966,43.0,5.0
421.5,850.5,-3.141592653589793,39.0,5.0
513.5,850.5,-3.141592653589793,28.0,5.0
418.5,1006.0,0.0,41.0,10.0
475.5,1129.0,-1.5707963267948966,36.0,5.0
