CoordX,CoordY,Orient,HalfLen,HalfWid
883.0,305.0,0.0,34.0,6.0
1037.5,305.0,0.0,33.0,6.0
836.0,365.0,-1.5707963267948966,41.0,6.0
1103.0,370.0,-1.5707963267948966,40.0,6.0
1103.0,480.0,-1.5707963267948966,44.0,6.0
836.0,689.0,-1.5707963267948966,39.0,6.0
1103.0,869.0,-1.5707963267948966,38.0,6.0
1024.5,923.0,0.0,43.0,12.0
1320.0,918.0,0.0,32.0,7.0
307.0,986.0,-1.5707963267948966,43.0,12.0
