CoordX,CoordY,Orient,HalfLen,HalfWid
435.5,331.0,-1.5707963267948966,30.0,6.0
556.5,544.5,-3.141592653589793,35.0,6.0
364.5,632.5,-3.141592653589793,35.0,6.0
