CoordX,CoordY,Orient,HalfLen,HalfWid
370.5,396.5,-3.141592653589793,41.0,20.0
978.0,803.0,0.0,40.0,5.0
1076.5,803.0,-3.141592653589793,39.0,5.0
1143.0,890.5,-1.5707963267948966,29.0,4.0
977.0,929.0,-3.141592653589793,40.0,4.0
1161.5,975.5,-1.5707963267948966,28.0,3.0
788.0,1006.0,-1.5707963267948966,34.0,4.0
164.0,1111.5,-3.141592653589793,31.0,5.0
695.5,1115.0,-3.141592653589793,44.0,9.0
