CoordX,CoordY,Orient,HalfLen,HalfWid
245.0,148.0,-1.5707963267948966,33.0,6.0
1055.5,365.0,-1.5707963267948966,33.0,10.0
193.0,354.0,-3.141592653589793,33.0,5.0
467.0,490.0,-3.141592653589793,33.0,5.0
517.0,549.5,-1.5707963267948966,51.0,5.0
245.0,541.5,-1.5707963267948966,32.0,6.0
312.5,677.5,-3.141592653589793,33.0,10.0
