CoordX,CoordY,Orient,HalfLen,HalfWid
413.0,324.0,0.0,38.0,15.0
471.5,432.0,-1.5707963267948966,40.0,6.0
602.0,869.5,0.0,38.0,6.0
548.5,928.5,-1.5707963267948966,38.0,6.0
372.5,1090.0,-1.5707963267948966,44.0,5.0
430.5,1203.0,0.0,45.0,10.0
