CoordX,CoordY,Orient,HalfLen,HalfWid
1798.5,445.5,0.0,56.0,15.0
628.5,452.5,-3.141592653589793,43.0,15.0
1807.0,850.5,0.0,50.0,9.0
1719.0,927.5,-1.5707963267948966,46.0,11.0
1878.5,968.0,-1.5707963267948966,47.0,9.0
1091.5,968.5,-2.356194490192345,28.991378028648448,7.778174593052023
816.0,987.0,-1.5707963267948966,33.0,10.0
696.0,1132.0,-1.5707963267948966,44.0,10.0
696.0,1323.0,-1.5707963267948966,43.0,10.0
1550.5,1371.0,-3.141592653589793,31.0,11.0
901.5,1386.5,0.0,48.0,15.0
