CoordX,CoordY,Orient,HalfLen,HalfWid
1014.5,212.5,0.0,30.0,6.0
1125.0,264.0,-1.5707963267948966,40.0,7.0
273.5,313.5,-1.5707963267948966,40.0,12.0
1125.0,369.5,-1.5707963267948966,40.0,7.0
148.0,410.0,-3.141592653589793,30.0,3.0
975.5,680.0,0.0,45.0,10.0
