CoordX,CoordY,Orient,HalfLen,HalfWid
408.0,136.0,-1.5707963267948966,37.0,4.0
465.0,419.5,0.0,37.0,4.0
486.0,587.0,-3.141592653589793,42.0,5.0
