CoordX,CoordY,Orient,HalfLen,HalfWid
771.5,327.0,-1.5707963267948966,36.0,6.0
276.0,356.5,-1.5707963267948966,31.0,10.0
1147.5,373.5,-3.141592653589793,35.0,6.0
866.5,487.0,-1.5707963267948966,39.0,6.0
777.0,724.5,-3.141592653589793,25.0,6.0
866.5,799.5,-1.5707963267948966,34.0,6.0
671.0,813.5,-3.141592653589793,34.0,9.0
