CoordX,CoordY,Orient,HalfLen,HalfWid
871.5,269.0,0.0,33.0,7.0
767.5,354.0,-1.5707963267948966,52.0,6.0
923.0,356.5,-1.5707963267948966,36.0,7.0
181.0,363.5,-1.5707963267948966,37.0,12.0
844.5,418.0,-3.141592653589793,68.0,11.0
1201.0,418.0,-3.141592653589793,43.0,11.0
713.0,468.5,-1.5707963267948966,28.0,13.0
923.0,542.0,-1.5707963267948966,41.0,7.0
822.5,668.5,-3.141592653589793,37.0,13.0
