CoordX,CoordY,Orient,HalfLen,HalfWid
376.5,329.0,0.0,36.0,14.0
110.5,840.0,0.0,27.0,5.0
497.5,904.5,-1.5707963267948966,32.0,5.0
351.0,946.0,-1.5707963267948966,36.0,5.0
447.5,1068.0,-3.141592653589793,40.0,5.0
539.0,1068.0,-3.141592653589793,27.0,5.0
450.5,1210.0,-3.141592653589793,40.0,14.0
559.5,1330.0,-1.5707963267948966,38.0,4.0
