CoordX,CoordY,Orient,HalfLen,HalfWid
435.0,473.0,-3.141592653589793,41.0,16.0
343.0,820.5,-1.5707963267948966,38.0,5.0
750.5,1015.5,0.0,38.0,3.0
343.0,1057.5,-1.5707963267948966,34.0,5.0
796.0,1078.5,-1.5707963267948966,39.0,5.0
145.5,1105.0,0.0,30.0,5.0
343.0,1159.0,1.5707963267948966,39.0,5.0
481.0,1269.5,-1.5707963267948966,39.0,4.0
837.0,1314.5,0.0,32.0,5.0
431.0,1332.0,-3.141592653589793,39.0,4.0
432.0,1489.0,0.0,38.0,16.0
901.5,1681.5,-1.5707963267948966,39.0,5.0
