CoordX,CoordY,Orient,HalfLen,HalfWid
445.0,330.5,-3.141592653589793,46.0,18.0
302.0,743.5,-3.141592653589793,43.0,6.0
247.5,873.0,-1.5707963267948966,41.0,4.0
446.5,1028.5,-1.5707963267948966,41.0,5.0
185.0,1051.5,-3.141592653589793,44.0,9.0
371.5,1078.5,-3.141592653589793,45.0,5.0
374.0,1234.0,0.0,49.0,16.0
214.0,1361.5,-1.5707963267948966,48.0,10.0
