CoordX,CoordY,Orient,HalfLen,HalfWid
868.0,224.5,0.0,30.0,5.0
1002.5,286.0,-1.5707963267948966,39.0,5.0
711.5,539.0,-1.5707963267948966,113.0,5.0
917.0,615.5,-1.5707963267948966,39.0,6.0
1392.5,616.0,-1.5707963267948966,39.0,8.0
917.0,723.5,-1.5707963267948966,40.0,6.0
825.5,819.0,-3.141592653589793,44.0,9.0
