CoordX,CoordY,Orient,HalfLen,HalfWid
444.5,224.0,-1.5707963267948966,35.0,3.0
1063.0,354.0,-1.5707963267948966,37.0,13.0
444.5,371.5,-1.5707963267948966,37.0,3.0
1006.0,429.5,-3.141592653589793,39.0,7.0
547.0,469.5,-1.5707963267948966,28.0,7.0
493.5,514.5,-3.141592653589793,42.0,7.0
