CoordX,CoordY,Orient,HalfLen,HalfWid
392.5,389.5,-3.141592653589793,44.0,12.0
1158.5,396.5,0.0,43.0,14.0
1033.5,785.5,-3.141592653589793,44.0,5.0
1145.5,785.5,-3.141592653589793,44.0,5.0
352.5,854.0,-1.5707963267948966,41.0,5.0
977.5,893.5,-1.5707963267948966,39.0,5.0
1102.0,997.5,-3.141592653589793,46.0,5.0
927.5,1085.5,-3.141592653589793,41.0,5.0
527.0,1276.5,-3.141592653589793,44.0,12.0
479.5,1664.5,-3.141592653589793,43.0,5.0
