CoordX,CoordY,Orient,HalfLen,HalfWid
413.5,309.0,0.0,45.0,13.0
295.5,458.5,-1.5707963267948966,41.0,6.0
295.0,908.5,-1.5707963267948966,40.0,7.0
125.0,1012.5,-3.141592653589793,30.0,8.0
521.0,1055.0,-1.5707963267948966,31.0,6.0
297.5,1066.5,-1.5707963267948966,41.0,4.0
366.0,1205.0,-3.141592653589793,45.0,7.0
