CoordX,CoordY,Orient,HalfLen,HalfWid
581.0,475.0,0.0,42.0,17.0
191.5,657.5,0.0,40.0,8.0
330.5,976.0,-1.5707963267948966,42.0,5.0
549.5,1070.0,-1.5707963267948966,37.0,6.0
758.5,1159.5,-3.141592653589793,31.0,5.0
400.5,1213.5,-1.5707963267948966,40.0,5.0
549.5,1214.0,-1.5707963267948966,41.0,6.0
460.0,1352.5,-3.141592653589793,47.0,5.0
464.0,1484.0,-3.141592653589793,46.0,17.0
524.5,1640.5,-1.5707963267948966,40.0,7.0
