CoordX,CoordY,Orient,HalfLen,HalfWid
516.0,238.0,0.0,31.0,5.0
465.0,343.5,-1.5707963267948966,41.0,5.0
636.5,348.5,-1.5707963267948966,41.0,5.0
1163.0,374.0,-1.5707963267948966,36.0,8.0
465.0,511.5,-1.5707963267948966,31.0,5.0
465.0,673.0,-1.5707963267948966,36.0,5.0
524.5,794.5,0.0,46.0,8.0
