CoordX,CoordY,Orient,HalfLen,HalfWid
491.5,274.5,0.0,40.0,17.0
725.0,848.5,0.0,29.0,6.0
562.0,898.5,-1.5707963267948966,38.0,5.0
441.0,923.0,-1.5707963267948966,40.0,5.0
496.0,1030.0,0.0,44.0,5.0
277.97993827160496,1031.9922839506173,-0.0003585296358417384,29.00143225463192,5.010397037857913
493.0,1210.0,-3.141592653589793,45.0,16.0
