CoordX,CoordY,Orient,HalfLen,HalfWid
284.0,229.5,0.0,40.0,15.0
208.5,656.5,-1.5707963267948966,35.0,4.0
125.0,702.5,0.0,27.0,4.0
313.0,860.5,-1.5707963267948966,38.0,5.0
208.5,893.0,-1.5707963267948966,27.0,4.0
263.0,927.5,0.0,39.0,4.0
264.0,997.0,-3.141592653589793,41.0,17.0
150.0,1119.5,-1.5707963267948966,41.0,5.0
