CoordX,CoordY,Orient,HalfLen,HalfWid
699.0,138.5,-1.5707963267948966,31.0,4.0
242.37037037037038,199.38888888888889,-1.5452220572455644,30.169190258784354,8.150812860700109
471.0,240.5,0.0,36.0,5.0
557.5,320.5,-1.5707963267948966,30.0,5.0
424.5,350.5,-1.5707963267948966,37.0,4.0
960.0,361.5,0.0,79.0,5.0
1133.0,462.0,-1.5707963267948966,42.0,11.0
424.5,575.5,-1.5707963267948966,41.0,4.0
471.5,778.5,0.0,38.0,9.0
