CoordX,CoordY,Orient,HalfLen,HalfWid
728.5,385.0,-3.141592653589793,38.0,18.0
785.5,744.5,-1.5707963267948966,38.0,7.0
940.5,795.5,-3.141592653589793,33.0,5.0
616.5,1026.0,-1.5707963267948966,38.0,5.0
572.0,1076.5,-3.141592653589793,34.0,6.0
727.5,1076.5,0.0,39.0,6.0
730.0,1236.5,0.0,39.0,18.0
