CoordX,CoordY,Orient,HalfLen,HalfWid
588.0,272.5,0.0,44.0,18.0
444.5,500.0,-1.5707963267948966,54.0,12.0
648.0,577.0,0.0,52.0,6.0
318.0,1034.5,-3.141592653589793,45.0,13.0
