CoordX,CoordY,Orient,HalfLen,HalfWid
340.5,265.0,-3.141592653589793,44.0,22.0
268.5,337.5,-1.6497002351204486,43.784280798328474,4.585761024988946
286.5,581.0,-1.6485776344272132,44.78624224566793,4.556884749743002
287.19145802650957,999.0942562592047,1.5022481163112893,39.31937539886441,4.380767916698217
348.0,1136.5,-3.141592653589793,44.0,9.0
