CoordX,CoordY,Orient,HalfLen,HalfWid
443.0,209.0,0.0,44.0,13.0
1000.0,209.0,0.0,44.0,13.0
1056.0,314.5,-1.5707963267948966,38.0,5.0
1104.0,387.5,0.0,33.0,5.0
955.5,521.0,-3.141592653589793,38.0,5.0
846.5,572.5,-1.5707963267948966,38.0,4.0
846.5,736.0,-1.5707963267948966,40.0,4.0
919.5,834.5,0.0,33.0,4.0
1017.0,834.5,0.0,45.0,4.0
440.0,997.0,0.0,42.0,13.0
1017.5,997.0,0.0,43.0,13.0
