CoordX,CoordY,Orient,HalfLen,HalfWid
822.5,666.5,-2.4263055653632897,35.207069716722536,6.7425693887300095
595.0,770.5,-1.5707963267948966,40.0,5.0
926.0,836.5,-1.5707963267948966,39.0,7.0
687.0,831.0,0.0,36.0,6.0
828.5,1012.0,-3.141592653589793,44.0,14.0
