CoordX,CoordY,Orient,HalfLen,HalfWid
467.5,376.0,0.0,44.0,18.0
589.0,945.0,-1.5707963267948966,44.0,6.0
428.5,982.0,-1.5707963267948966,44.0,5.0
688.5,1118.5,-3.141592653589793,44.0,5.0
494.5,1297.0,-3.141592653589793,50.0,19.0
667.0,1983.0,0.0,44.0,6.0
