CoordX,CoordY,Orient,HalfLen,HalfWid
429.0,311.0,-1.5707963267948966,41.0,4.0
979.0,364.0,0.0,40.0,5.0
1264.0,459.0,-1.5707963267948966,42.0,9.0
429.0,612.5,-1.5707963267948966,40.0,4.0
154.0,664.0,-3.141592653589793,32.0,4.0
429.0,702.0,-1.5707963267948966,31.0,4.0
429.0,918.5,-1.5707963267948966,36.0,4.0
549.0,977.0,-3.141592653589793,41.0,8.0
