CoordX,CoordY,Orient,HalfLen,HalfWid
390.0,641.0,-1.5707963267948966,34.0,6.0
226.0,694.5,-3.141592653589793,35.0,4.0
390.0,740.5,-1.5707963267948966,38.0,6.0
449.5,853.0,-3.141592653589793,47.0,15.0
