CoordX,CoordY,Orient,HalfLen,HalfWid
548.5,236.5,-3.141592653589793,38.0,11.0
228.0,295.0,-1.5707963267948966,33.0,6.0
173.0,420.5,0.0,32.0,5.0
173.5,576.0,0.0,34.0,6.0
465.0,763.0,-1.5707963267948966,31.0,6.0
703.5,805.0,0.0,31.0,6.0
464.5,853.0,-1.5696942613110918,38.006589315148375,5.958117876448039
337.0,857.5,-1.5707963267948966,36.0,6.0
406.0,1003.5,0.0,41.0,5.0
408.0,1143.5,0.0,41.0,11.0
179.5,1245.5,-1.5707963267948966,37.0,5.0
