CoordX,CoordY,Orient,HalfLen,HalfWid
728.5,455.5,0.0,23.0,5.0
1410.5,512.0,-1.5707963267948966,30.0,12.0
616.5,521.5,-1.5707963267948966,29.0,5.0
616.5,688.5,-1.5707963267948966,22.0,5.0
952.5,713.0,-1.5707963267948966,31.0,7.0
616.5,780.0,-1.5707963267948966,31.0,5.0
760.5,832.5,-1.5707963267948966,21.0,5.0
688.5,898.0,0.0,31.0,10.0
