CoordX,CoordY,Orient,HalfLen,HalfWid
637.0,286.0,-1.5707963267948966,28.0,5.0
582.0,344.0,-3.141592653589793,33.0,5.0
438.0,388.5,-1.5707963267948966,31.0,5.0
1249.0,435.0,-1.5707963267948966,33.0,11.0
438.0,476.5,-1.5707963267948966,32.0,5.0
653.5,611.0,-1.5707963267948966,43.0,7.0
557.5,752.0,-3.141592653589793,37.0,11.0
