CoordX,CoordY,Orient,HalfLen,HalfWid
1184.5,279.0,-3.141592653589793,42.0,10.0
801.5,558.5,-3.141592653589793,35.0,5.0
996.5,558.5,0.0,38.0,5.0
870.0,723.0,-3.141592653589793,44.0,7.0
