CoordX,CoordY,Orient,HalfLen,HalfWid
778.5,308.0,-3.141592653589793,30.0,6.0
832.0,354.0,-1.5707963267948966,34.0,6.0
670.0,365.5,-1.5707963267948966,43.0,6.0
670.0,565.5,-1.5707963267948966,37.0,6.0
670.0,665.5,-1.5707963267948966,24.0,6.0
734.5,708.0,-3.141592653589793,38.0,9.0
