CoordX,CoordY,Orient,HalfLen,HalfWid
472.5,412.0,-1.5707963267948966,40.0,19.0
486.0,551.5,-1.5707963267948966,41.0,5.0
889.5,916.5,-1.5707963267948966,40.0,4.0
697.5,972.0,0.0,36.0,9.0
977.0,1120.0,0.0,44.0,10.0
