CoordX,CoordY,Orient,HalfLen,HalfWid
145.5,173.5,-3.141592653589793,45.0,15.0
456.5,541.5,-3.141592653589793,39.0,4.0
559.0,541.5,0.0,39.0,4.0
770.5,541.5,0.0,33.0,4.0
610.5,637.0,-1.5707963267948966,34.0,4.0
610.5,793.0,-1.5707963267948966,38.0,4.0
726.0,943.5,0.0,38.0,6.0
476.5,1100.5,-3.141592653589793,44.0,15.0
699.5,1342.0,-3.141592653589793,42.0,8.0
