CoordX,CoordY,Orient,HalfLen,HalfWid
457.5,315.5,-3.141592653589793,26.0,4.0
392.5,350.0,-1.5707963267948966,27.0,4.0
984.5,429.0,-1.5707963267948966,28.0,10.0
392.5,447.0,-1.5707963267948966,27.0,4.0
716.5,574.0,-1.5707963267948966,28.0,4.0
464.0,635.5,0.0,39.0,10.0
570.0,629.5,-3.141592653589793,28.0,4.0
676.5,629.5,0.0,27.0,4.0
