CoordX,CoordY,Orient,HalfLen,HalfWid
489.5,321.5,-3.141592653589793,28.0,4.0
413.5,371.0,-1.5707963267948966,40.0,4.0
527.0,373.0,-1.5707963267948966,41.0,4.0
527.0,476.5,-1.5707963267948966,41.0,4.0
807.5,466.0,-1.5707963267948966,30.0,4.0
486.0,907.0,0.0,45.0,5.0
484.0,1035.0,-3.141592653589793,46.0,12.0
