CoordX,CoordY,Orient,HalfLen,HalfWid
558.5,685.0,-3.141592653589793,38.0,10.0
488.0,1254.0,-1.5707963267948966,38.0,6.0
698.5,1343.5,-1.5707963267948966,38.0,5.0
608.0,1490.5,-3.141592653589793,38.0,4.0
748.5,1490.5,0.0,37.0,4.0
615.0,1678.0,-3.141592653589793,40.0,10.0
