CoordX,CoordY,Orient,HalfLen,HalfWid
309.0,304.5,0.0,43.0,15.0
435.0,653.0,-1.5707963267948966,34.0,5.0
207.5,860.0,0.0,27.0,5.0
303.0,911.0,-1.5707963267948966,35.0,5.0
361.5,956.0,0.0,47.0,5.0
365.0,1039.5,-3.141592653589793,49.0,15.0
233.0,1190.0,-1.5707963267948966,36.0,5.0
