CoordX,CoordY,Orient,HalfLen,HalfWid
1374.5,337.0,-3.141592653589793,45.0,18.0
1313.5,987.0,-1.5707963267948966,47.0,5.0
1370.5,1040.5,-3.141592653589793,43.0,4.0
1200.5,1269.0,-1.5707963267948966,38.0,5.0
1140.5,1530.5,0.0,44.0,18.0
