CoordX,CoordY,Orient,HalfLen,HalfWid
399.0,390.0,-1.5707963267948966,30.0,7.0
748.0,440.5,-1.5707963267948966,39.0,7.0
1303.0,501.0,-1.5707963267948966,47.0,11.0
626.0,497.0,0.0,37.0,7.0
398.0,550.5,-1.5707963267948966,41.0,6.0
398.0,659.5,-1.5707963267948966,39.0,6.0
589.0,729.0,-1.5707963267948966,29.0,7.0
589.0,850.0,-1.5707963267948966,32.0,7.0
518.0,1001.0,-3.141592653589793,47.0,11.0
