CoordX,CoordY,Orient,HalfLen,HalfWid
1173.5,92.0,-1.5707963267948966,42.0,9.0
397.5,395.0,-3.141592653589793,42.0,6.0
339.0,475.5,-1.5707963267948966,35.0,5.0
443.0,523.0,-3.141592653589793,31.0,6.0
860.0,643.5,-1.5707963267948966,34.0,6.0
638.5,693.0,0.0,43.0,11.0
