CoordX,CoordY,Orient,HalfLen,HalfWid
460.5,277.5,0.0,49.0,19.0
367.5,556.5,-1.5707963267948966,39.0,5.0
691.5,652.5,-1.5707963267948966,37.0,5.0
367.5,726.5,-1.5707963267948966,40.0,5.0
404.5,1033.0,0.0,45.0,10.0
