CoordX,CoordY,Orient,HalfLen,HalfWid
441.5,362.5,-3.141592653589793,39.0,16.0
392.0,641.5,-1.5707963267948966,36.0,6.0
392.0,869.0,-1.5707963267948966,40.0,6.0
196.5,885.5,-1.5707963267948966,29.0,5.0
392.0,1067.0,-1.5707963267948966,40.0,6.0
461.5,1167.5,-3.141592653589793,41.0,5.0
462.5,1247.5,0.0,41.0,16.0
