CoordX,CoordY,Orient,HalfLen,HalfWid
392.0,265.5,-3.141592653589793,40.0,17.0
602.5,639.5,-1.5707963267948966,39.0,4.0
710.0,696.5,-3.141592653589793,31.0,4.0
704.5,867.0,-1.5707963267948966,29.0,7.0
344.0,883.5,-1.5707963267948966,40.0,4.0
180.5,1001.5,0.0,45.0,9.0
