CoordX,CoordY,Orient,HalfLen,HalfWid
603.0,322.0,-1.5707963267948966,40.0,5.0
878.5,623.5,-3.141592653589793,34.0,4.0
1396.5,701.0,-1.5707963267948966,42.0,10.0
986.0,773.0,0.0,36.0,5.0
1129.0,825.0,-1.5707963267948966,32.0,9.0
1396.5,826.5,-1.5707963267948966,31.0,10.0
736.5,874.5,-1.5707963267948966,31.0,3.0
580.0,948.5,-1.5707963267948966,39.0,5.0
296.5,998.5,0.0,31.0,4.0
662.5,1002.5,-3.141592653589793,45.0,8.0
