CoordX,CoordY,Orient,HalfLen,HalfWid
1323.0,644.0,-3.141592653589793,23.0,5.0
509.0,684.5,-1.5707963267948966,31.0,11.0
1435.0,691.5,-1.5707963267948966,22.0,5.0
596.5,756.0,0.0,31.0,5.0
1166.0,852.0,-3.141592653589793,23.0,5.0
1021.0,899.0,-1.5707963267948966,32.0,5.0
1277.0,951.0,-1.5707963267948966,29.0,5.0
1233.0,1032.0,0.0,32.0,5.0
1235.5,1081.0,-3.141592653589793,31.0,11.0
98.5,1088.5,-3.141592653589793,31.0,3.0
