CoordX,CoordY,Orient,HalfLen,HalfWid
476.0,347.5,-3.141592653589793,47.0,21.0
861.0,648.5,-1.5707963267948966,45.0,6.0
1089.0,764.5,0.0,41.0,5.0
844.5,816.0,-1.5707963267948966,40.0,5.0
508.5,820.0,-1.5707963267948966,41.0,5.0
144.0,969.0,-3.141592653589793,46.0,11.0
