CoordX,CoordY,Orient,HalfLen,HalfWid
372.0,277.0,0.0,36.0,11.0
1177.5,409.0,-3.141592653589793,25.0,7.0
1112.0,463.5,-1.5707963267948966,33.0,11.0
1217.5,579.0,-1.5707963267948966,34.0,5.0
412.0,684.0,-1.5707963267948966,35.0,6.0
988.5,690.0,-1.5707963267948966,31.0,5.0
1217.5,728.5,-1.5707963267948966,34.0,5.0
1024.5,775.5,0.0,25.0,5.0
1059.0,834.0,-1.5707963267948966,26.0,6.0
155.5,887.0,0.0,26.0,6.0
358.5,887.0,0.0,35.0,6.0
358.0,1004.0,0.0,35.0,11.0
