CoordX,CoordY,Orient,HalfLen,HalfWid
387.5,249.0,-3.141592653589793,46.0,28.0
324.5,1025.0,-1.5707963267948966,41.0,4.0
401.0,1150.0,-3.141592653589793,47.0,10.0
