CoordX,CoordY,Orient,HalfLen,HalfWid
422.0,468.0,0.0,37.0,6.0
376.0,529.5,-1.5707963267948966,39.0,4.0
639.5,529.5,-1.5707963267948966,38.0,5.0
1094.0,568.5,-1.5707963267948966,40.0,15.0
410.0,928.5,-1.5707963267948966,34.0,4.0
473.0,1045.5,-3.141592653589793,46.0,11.0
