CoordX,CoordY,Orient,HalfLen,HalfWid
637.0,459.5,-3.141592653589793,39.0,16.0
1018.5,582.0,-1.5707963267948966,40.0,5.0
595.5,1010.0,-1.5707963267948966,40.0,5.0
415.5,1011.5,-1.5707963267948966,40.0,5.0
737.0,1040.5,-1.5707963267948966,41.0,5.0
1007.0,1126.0,0.0,40.0,16.0
1245.5,1126.0,-3.141592653589793,40.0,16.0
737.0,1170.5,-1.5707963267948966,41.0,5.0
595.5,1179.5,-1.5707963267948966,39.0,5.0
661.5,1285.0,-3.141592653589793,45.0,5.0
660.0,1485.5,0.0,45.0,16.0
