CoordX,CoordY,Orient,HalfLen,HalfWid
343.5,250.0,0.0,42.0,15.0
442.0,368.5,-1.5707963267948966,45.0,8.0
651.0,602.5,-1.5707963267948966,40.0,4.0
443.5,622.0,1.5700478727165461,46.0059747478477,7.965568874876361
703.5,770.0,-1.5707963267948966,41.0,2.0
933.0,779.5,-1.5707963267948966,28.0,7.0
503.5,887.0,-3.141592653589793,45.0,8.0
