CoordX,CoordY,Orient,HalfLen,HalfWid
1126.5,327.5,-1.5707963267948966,40.0,7.0
511.5,415.0,-3.141592653589793,45.0,6.0
460.5,458.5,-1.5707963267948966,29.0,4.0
679.0,469.0,-1.5707963267948966,40.0,6.0
460.5,640.5,-1.5707963267948966,34.0,4.0
612.5,755.5,-1.5707963267948966,34.0,8.0
460.5,809.0,-1.5707963267948966,30.0,4.0
554.0,850.5,0.0,43.0,7.0
