CoordX,CoordY,Orient,HalfLen,HalfWid
1138.5,315.0,-1.5707963267948966,38.0,15.0
461.5,299.5,-3.141592653589793,35.0,5.0
552.5,299.5,-3.141592653589793,35.0,5.0
417.0,345.5,-1.5707963267948966,38.0,5.0
628.5,348.5,-1.5707963267948966,37.0,4.0
417.0,450.0,-1.5707963267948966,40.0,5.0
537.0,768.5,-3.141592653589793,41.0,7.0
