CoordX,CoordY,Orient,HalfLen,HalfWid
637.5,150.0,-1.5707963267948966,82.0,6.0
637.5,392.0,-1.5707963267948966,40.0,6.0
637.5,504.5,-1.5707963267948966,39.0,6.0
733.5,675.0,-1.5707963267948966,37.0,7.0
168.0,756.0,0.0,37.0,8.0
802.5,780.0,-3.141592653589793,57.0,32.0
