CoordX,CoordY,Orient,HalfLen,HalfWid
1316.5,316.0,-1.5707963267948966,42.0,5.0
607.5005324813632,463.1661341853035,-0.6208633488993469,42.08506258178214,6.070137554707273
1510.5,500.5,-1.5707963267948966,42.0,6.0
561.5,685.5,-1.5707963267948966,42.0,5.0
1556.0,715.5,-2.3799267999116194,41.168441374505285,6.095853901950171
1710.5,826.5,-1.5707963267948966,38.0,20.0
1219.5720620842571,831.3181818181819,-0.6665846858752799,42.12729977742137,5.9219290149925286
1123.0,973.5,-3.141592653589793,45.0,20.0
