CoordX,CoordY,Orient,HalfLen,HalfWid
1743.5,806.5,0.0,41.0,11.0
1805.0,1052.5,-1.5707963267948966,37.0,6.0
1855.0,1110.0,-3.141592653589793,38.0,6.0
1805.0,1349.0,-1.5707963267948966,43.0,6.0
1612.0,1497.5,-3.141592653589793,47.0,5.0
1723.0,1497.5,0.0,33.0,5.0
1612.0,1647.5,-3.141592653589793,46.0,11.0
1930.5,1703.5,-1.5707963267948966,36.0,6.0
