CoordX,CoordY,Orient,HalfLen,HalfWid
422.0,425.0,-1.5707963267948966,27.0,5.0
1295.0,463.0,-1.5707963267948966,31.0,6.0
1295.0,654.5,-1.5707963267948966,30.0,6.0
182.040733197556,795.511201629328,3.1398332004199565,20.008766304563686,5.033421853792386
222.0,850.0,-1.5707963267948966,27.0,5.0
1378.5,937.0,0.0,31.0,12.0
277.5,944.5,0.0,36.0,11.0
