CoordX,CoordY,Orient,HalfLen,HalfWid
392.0,444.5,0.0,48.0,22.0
500.5,1123.5,-1.5707963267948966,41.0,5.0
267.0,1176.5,-1.5707963267948966,41.0,5.0
500.5,1230.0,-1.5707963267948966,42.0,5.0
207.0,1324.5,-3.141592653589793,41.0,7.0
396.5,1366.5,-1.5707963267948966,36.0,5.0
338.0,1418.5,0.0,45.0,5.0
338.0,1518.0,-3.141592653589793,47.0,22.0
202.5,1723.0,-1.5707963267948966,44.0,7.0
