CoordX,CoordY,Orient,HalfLen,HalfWid
568.0,292.5,-1.5707963267948966,43.0,6.0
241.5,360.0,-3.141592653589793,30.0,6.0
550.0,483.5,-1.5707963267948966,36.0,6.0
731.0,532.0,-1.5707963267948966,38.0,6.0
243.0,535.0,-3.141592653589793,31.0,6.0
550.0,605.5,-1.5707963267948966,43.0,6.0
629.5,671.0,-3.141592653589793,43.0,17.0
