CoordX,CoordY,Orient,HalfLen,HalfWid
448.5,223.0,-1.5707963267948966,37.0,8.0
543.5,472.0,-3.141592653589793,31.0,7.0
501.5,611.5,0.0,43.0,7.0
