CoordX,CoordY,Orient,HalfLen,HalfWid
1834.0,451.5,0.0,42.0,13.0
1922.5,578.0,-1.5707963267948966,42.0,5.0
2414.0,716.5,-1.5707963267948966,160.0,14.0
1209.5,631.5,0.0,42.0,4.0
1265.5,764.0,-1.5707963267948966,42.0,5.0
1922.5,815.5,-1.5707963267948966,41.0,5.0
565.5,854.5,-1.5707963267948966,54.0,7.0
1327.0,849.5,0.0,49.0,4.0
3181.0,961.5,-3.141592653589793,44.0,9.0
2941.0,962.5,-3.141592653589793,44.0,9.0
1326.0,1014.0,-3.141592653589793,48.0,6.0
686.0,1017.5,0.0,64.0,7.0
