CoordX,CoordY,Orient,HalfLen,HalfWid
1082.0,584.5,-1.5707963267948966,41.0,17.0
322.0,574.5,-3.141592653589793,41.0,4.0
481.5,574.5,-3.141592653589793,39.0,4.0
457.5,691.0,-3.141592653589793,40.0,5.0
614.0,691.0,0.0,36.0,5.0
784.5,691.0,-3.141592653589793,40.0,5.0
291.0,814.0,0.0,36.0,5.0
559.0,869.5,-1.5707963267948966,36.0,6.0
121.0,1018.5,-3.141592653589793,47.0,12.0
