CoordX,CoordY,Orient,HalfLen,HalfWid
652.0,231.0,-1.5707963267948966,28.0,6.0
726.0,399.0,-3.141592653589793,26.0,5.0
652.0,445.5,-1.5707963267948966,37.0,6.0
853.5,447.0,-1.5707963267948966,39.0,5.0
894.0,662.0,-3.141592653589793,26.0,4.0
854.0,754.0,-1.5707963267948966,26.0,6.0
236.0,878.0,0.0,35.0,16.0
698.5,869.0,-3.141592653589793,35.0,7.0
806.0,869.0,-3.141592653589793,36.0,7.0
