CoordX,CoordY,Orient,HalfLen,HalfWid
233.0,117.5,-1.5707963267948966,32.0,4.0
226.0,335.5,-1.5707963267948966,42.0,11.0
157.0,396.0,-3.141592653589793,42.0,9.0
155.0,529.5,-3.141592653589793,41.0,16.0
604.0,672.0,-1.5707963267948966,37.0,10.0
907.0,680.5,-1.5707963267948966,41.0,11.0
879.5,1081.0,0.0,41.0,15.0
