CoordX,CoordY,Orient,HalfLen,HalfWid
1039.5,145.5,0.0,43.0,18.0
932.0,562.5,0.0,37.0,6.0
882.5,686.0,-1.5707963267948966,34.0,6.0
732.5,736.0,-3.141592653589793,34.0,7.0
882.5,821.0,-1.5707963267948966,30.0,6.0
1158.0,833.0,-1.5707963267948966,35.0,7.0
933.5,906.5,0.0,39.0,6.0
1158.0,992.0,-1.5707963267948966,37.0,7.0
1106.5,1090.5,0.0,40.0,6.0
1108.5,1233.5,0.0,39.0,18.0
