CoordX,CoordY,Orient,HalfLen,HalfWid
653.5,199.5,0.0,33.0,7.0
983.0,488.5,-3.141592653589793,34.0,7.0
1087.0,488.5,-3.141592653589793,34.0,7.0
1135.5,570.5,-1.5707963267948966,33.0,7.0
719.5,740.0,-1.5707963267948966,33.0,7.0
798.0,787.5,-3.141592653589793,34.0,7.0
903.5,787.5,0.0,33.0,7.0
1083.0,787.5,-3.141592653589793,34.0,7.0
1178.5,787.5,0.0,33.0,7.0
798.5,957.5,0.0,33.0,7.0
