CoordX,CoordY,Orient,HalfLen,HalfWid
391.5,203.5,-3.141592653589793,40.0,7.0
445.5,401.0,-1.5707963267948966,39.0,7.0
618.5,528.0,-3.141592653589793,35.0,4.0
754.5,575.5,-1.5707963267948966,39.0,7.0
445.5,629.5,-1.5707963267948966,44.0,7.0
566.5,683.5,-3.141592653589793,34.0,4.0
707.0,686.5,0.0,38.0,7.0
