CoordX,CoordY,Orient,HalfLen,HalfWid
687.0,368.0,-3.141592653589793,39.0,15.0
283.5,741.5,0.0,40.0,6.0
223.0,827.5,-1.5707963267948966,39.0,6.0
655.0,882.0,-3.141592653589793,40.0,4.0
163.60628019323673,1009.0072463768116,2.667693060522761,48.34696235322249,10.633812882201335
340.0,1107.0,-1.5707963267948966,41.0,5.0
419.0,1162.0,0.0,46.0,6.0
419.5,1249.0,0.0,45.0,16.0
219.5,1690.0,-1.5707963267948966,46.0,6.0
