CoordX,CoordY,Orient,HalfLen,HalfWid
412.5,286.5,0.0,25.0,11.0
307.0,375.5,-1.5707963267948966,24.0,4.0
307.0,755.5,-1.5707963267948966,25.0,4.0
437.0,805.5,-3.141592653589793,53.0,3.0
306.5,870.0,-1.5707963267948966,55.0,3.0
142.0,844.0,-1.5707963267948966,25.0,4.0
211.5,938.0,-3.141592653589793,25.0,10.0
