CoordX,CoordY,Orient,HalfLen,HalfWid
1100.5,262.0,-1.5707963267948966,49.0,4.0
1270.5,432.5,0.0,47.0,4.0
1100.5,517.0,-1.5707963267948966,37.0,4.0
858.5,662.0,0.0,40.0,9.0
857.0,831.5,0.0,43.0,4.0
