CoordX,CoordY,Orient,HalfLen,HalfWid
1448.0,461.0,-1.5707963267948966,31.0,5.0
1226.0,503.0,-3.141592653589793,42.0,5.0
636.0,628.0,-1.5707963267948966,40.0,14.0
1029.0,867.5,-1.5707963267948966,42.0,5.0
1200.0,915.0,-1.5707963267948966,42.0,5.0
1141.0,1054.5,-3.141592653589793,43.0,5.0
1142.0,1144.5,0.0,42.0,10.0
