CoordX,CoordY,Orient,HalfLen,HalfWid
419.5,186.5,0.0,38.0,14.0
345.0,605.5,-1.5707963267948966,35.0,5.0
476.0,656.0,-1.5707963267948966,35.0,5.0
818.5,698.0,0.0,30.0,5.0
345.0,822.0,1.5707963267948966,39.0,5.0
537.0,900.5,-1.5707963267948966,40.0,5.0
402.0,951.0,0.0,45.0,5.0
402.0,1040.0,-3.141592653589793,45.0,16.0
