CoordX,CoordY,Orient,HalfLen,HalfWid
867.0,439.5,-3.141592653589793,34.0,4.0
968.0,439.5,-3.141592653589793,34.0,4.0
178.0,488.0,-1.5707963267948966,35.0,12.0
1011.5,522.0,-1.5707963267948966,33.0,4.0
683.0,569.5,-3.141592653589793,34.0,4.0
871.0,639.5,0.0,34.0,11.0
623.5,670.5,-1.5707963267948966,25.0,4.0
