CoordX,CoordY,Orient,HalfLen,HalfWid
452.5,212.0,0.0,37.0,12.0
896.5,217.5,0.0,37.0,12.0
999.0,373.0,-3.141592653589793,30.0,5.0
809.0,571.0,0.0,36.0,4.0
959.5,618.5,-1.5707963267948966,30.0,4.0
815.0,773.5,-3.141592653589793,38.0,4.0
908.0,773.5,-3.141592653589793,38.0,4.0
150.0,941.0,0.0,28.0,4.0
270.5,941.0,0.0,36.0,4.0
269.0,1069.5,-3.141592653589793,36.0,12.0
