CoordX,CoordY,Orient,HalfLen,HalfWid
590.0,197.5,-1.5707963267948966,40.0,6.0
491.0,365.5,0.0,30.0,5.0
641.0,365.5,-3.141592653589793,40.0,5.0
440.0,425.5,-1.5707963267948966,45.0,6.0
1351.5,458.0,-1.5707963267948966,46.0,21.0
440.0,544.5,-1.5707963267948966,45.0,6.0
721.4589502018842,515.492597577389,-0.000735127104237792,30.003667529012606,5.0220524601111896
550.0,727.0,-3.141592653589793,45.0,11.0
