CoordX,CoordY,Orient,HalfLen,HalfWid
623.0,338.5,0.0,42.0,17.0
553.5,618.5,-1.5707963267948966,41.0,6.0
757.5,675.5,-3.141592653589793,31.0,6.0
553.5,919.5,-1.5707963267948966,42.0,6.0
472.0,1050.0,-3.141592653589793,47.0,12.0
