CoordX,CoordY,Orient,HalfLen,HalfWid
539.5,361.0,0.0,25.0,5.0
680.0,361.0,0.0,25.0,5.0
1104.0,387.5,-1.5707963267948966,25.0,10.0
495.0,413.5,-1.5707963267948966,24.0,5.0
923.852534562212,506.87327188940094,1.5839347865073927,25.037256537166105,4.11789750223669
720.0,513.0,-1.5707963267948966,25.0,4.0
495.0,574.5,-1.5707963267948966,24.0,5.0
558.5,718.0,-3.141592653589793,24.0,10.0
