CoordX,CoordY,Orient,HalfLen,HalfWid
384.5,226.0,-3.141592653589793,39.0,12.0
576.0,533.0,0.0,40.0,5.0
883.5,583.5,0.0,38.0,4.0
930.0,658.5,-1.5707963267948966,29.0,4.0
787.0,700.0,-3.141592653589793,40.0,8.0
634.0,755.0,-1.5707963267948966,43.0,8.0
284.5,806.0,-1.5707963267948966,33.0,3.0
563.5,808.5,-3.141592653589793,30.0,3.0
335.5,916.0,-3.141592653589793,40.0,4.0
434.5,916.0,0.0,39.0,4.0
