CoordX,CoordY,Orient,HalfLen,HalfWid
1778.5,374.0,0.0,30.0,7.0
719.5,520.0,0.0,39.0,6.0
1377.5,613.0,-3.141592653589793,39.0,5.0
1572.0,613.0,0.0,40.0,5.0
1620.5,680.0,-1.5707963267948966,39.0,5.0
1205.5,796.5,-1.5707963267948966,44.0,9.0
369.5,799.5,-1.5707963267948966,40.0,25.0
986.0,810.0,-1.5707963267948966,28.0,6.0
