CoordX,CoordY,Orient,HalfLen,HalfWid
351.5,325.0,-3.141592653589793,44.0,9.0
478.0,613.5,-1.5707963267948966,36.0,4.0
624.0,800.0,-1.5707963267948966,32.0,6.0
404.0,861.5,-1.5707963267948966,38.0,4.0
693.5,976.5,-3.141592653589793,32.0,5.0
404.0,1120.0,-1.5707963267948966,37.0,4.0
346.5,1193.0,0.0,46.0,4.0
346.0,1304.0,0.0,47.0,9.0
534.0,1424.0,-1.5707963267948966,36.0,4.0
