CoordX,CoordY,Orient,HalfLen,HalfWid
263.5,218.5,0.0,40.0,14.0
903.0,224.0,-3.141592653589793,41.0,17.0
173.5,563.5,0.0,30.0,6.0
267.0,563.5,0.0,39.0,6.0
217.5,609.0,-1.5707963267948966,31.0,6.0
315.0,717.0,-3.141592653589793,33.0,5.0
951.0,1006.5,-0.8834075551857612,28.840454915935833,4.948020426166883
872.5,1154.5,0.0,41.0,15.0
