CoordX,CoordY,Orient,HalfLen,HalfWid
888.5,288.0,0.0,40.0,12.0
729.0,735.5,-3.141592653589793,40.0,4.0
785.0,788.5,-1.5707963267948966,40.0,4.0
330.5,788.5,-3.141592653589793,39.0,4.0
248.00734214390602,859.4552129221732,1.5700714312837678,30.003616595136034,5.0210206542979545
785.0,888.5,-1.5707963267948966,41.0,4.0
322.0,964.5,-3.141592653589793,45.0,9.0
526.5,959.5,0.0,36.0,4.0
681.0,959.5,-3.141592653589793,31.0,4.0
