CoordX,CoordY,Orient,HalfLen,HalfWid
596.5,223.0,0.0,28.0,6.0
555.5,373.5,-1.5707963267948966,34.0,4.0
401.6368715083799,430.8640595903166,-2.384065674693388,27.467927387935887,4.989796327004177
501.0,491.5,-3.141592653589793,42.0,4.0
500.5,564.5,0.0,43.0,10.0
555.0,748.0,-1.5696311764106716,37.00696578558118,5.956885372812191
