CoordX,CoordY,Orient,HalfLen,HalfWid
326.5,213.5,-3.141592653589793,39.0,17.0
223.0,659.0,1.5707963267948966,39.0,5.0
391.0,661.5,-1.5707963267948966,37.0,5.0
167.84436274509804,794.6752450980392,-3.132913372186734,39.03324776541137,4.886982434710437
335.0,795.0,0.0,44.0,5.0
333.5,943.5,-3.141592653589793,48.0,11.0
