CoordX,CoordY,Orient,HalfLen,HalfWid
449.5,232.0,0.0,38.0,17.0
565.5,629.0,0.0,38.0,7.0
660.5,629.0,-3.141592653589793,39.0,7.0
468.5,683.0,-1.5707963267948966,40.0,3.0
524.0,795.5,0.0,30.0,3.0
698.8322580645162,795.447311827957,-0.002144865707124654,29.0063678857042,3.060049293081183
827.5,830.0,-3.141592653589793,40.0,7.0
