CoordX,CoordY,Orient,HalfLen,HalfWid
700.5,420.5,-3.141592653589793,41.0,13.0
206.5,487.5,-3.141592653589793,30.0,4.0
546.5,665.5,0.0,40.0,4.0
407.5,724.5,-1.5707963267948966,41.0,4.0
407.5,861.5,-1.5707963267948966,30.0,4.0
407.5,956.0,-1.5707963267948966,40.0,4.0
472.0,1089.5,-3.141592653589793,41.0,7.0
474.0,1228.5,-3.141592653589793,45.0,13.0
226.5,1695.5,-1.5707963267948966,41.0,8.0
