CoordX,CoordY,Orient,HalfLen,HalfWid
276.5,309.0,-3.141592653589793,43.0,23.0
355.0,643.5,-1.5707963267948966,38.0,5.0
166.0,693.5,-3.141592653589793,40.0,4.0
126.5,985.0,-3.141592653589793,38.0,5.0
376.0,1052.5,-1.5707963267948966,40.0,5.0
621.5,1233.0,0.0,44.0,10.0
