CoordX,CoordY,Orient,HalfLen,HalfWid
364.5,264.0,0.0,38.0,4.0
373.0,839.0,-1.5707963267948966,37.0,4.0
267.0,873.5,-1.5707963267948966,36.0,4.0
223.0,927.0,-3.141592653589793,30.0,4.0
319.5,948.0,-3.141592653589793,40.0,4.0
321.0,1032.0,0.0,38.0,4.0
