CoordX,CoordY,Orient,HalfLen,HalfWid
468.0,349.0,0.0,42.0,17.0
335.0,860.0,-1.5707963267948966,40.0,5.0
479.5,890.0,-1.5707963267948966,40.0,6.0
246.0,1016.0,0.0,41.0,5.0
418.5,1173.5,-3.141592653589793,44.0,16.0
264.5,1790.5,0.0,39.0,6.0
