CoordX,CoordY,Orient,HalfLen,HalfWid
936.0,336.5,0.0,36.0,4.0
1080.5,446.0,-1.5707963267948966,40.0,4.0
307.5,448.5,-1.5707963267948966,39.0,12.0
1080.5,616.5,-1.5707963267948966,40.0,4.0
955.5,672.5,-3.141592653589793,51.0,6.0
1118.0,956.5,-3.141592653589793,30.0,4.0
