CoordX,CoordY,Orient,HalfLen,HalfWid
328.5,539.0,0.0,46.0,10.0
481.5,539.0,0.0,39.0,10.0
875.5,605.5,-1.5707963267948966,30.0,7.0
398.0,689.0,-1.5707963267948966,41.0,9.0
259.5,689.0,-1.5707963267948966,39.0,6.0
328.0,876.5,0.0,53.0,9.0
