CoordX,CoordY,Orient,HalfLen,HalfWid
254.5,310.0,0.0,42.0,25.0
360.0,935.0,-1.5707963267948966,43.0,6.0
255.0,1055.5,0.0,44.0,4.0
433.0,1211.5,-3.141592653589793,49.0,11.0
