CoordX,CoordY,Orient,HalfLen,HalfWid
349.0,395.5,-1.5707963267948966,42.0,11.0
412.0,501.0,0.0,42.0,10.0
687.5,551.5,-1.5707963267948966,38.0,7.0
991.5,577.0,-1.5717428505593458,41.00566077564172,5.961189843730721
1054.5,803.5,0.0,46.0,11.0
