CoordX,CoordY,Orient,HalfLen,HalfWid
583.0,176.0,-1.5707963267948966,33.0,5.0
378.5,402.0,-3.141592653589793,107.0,5.0
773.5,402.0,0.0,35.0,5.0
684.0,463.0,1.5707963267948966,55.0,5.0
188.0,503.0,-1.5707963267948966,38.0,11.0
324.0,808.0,0.0,34.0,5.0
723.5,808.0,0.0,26.0,5.0
831.0,814.5,0.0,38.0,11.0
597.0,1141.0,-1.5707963267948966,31.0,5.0
