CoordX,CoordY,Orient,HalfLen,HalfWid
860.5,281.0,-3.141592653589793,29.0,4.0
978.5,281.0,0.0,38.0,4.0
1104.0,340.0,-1.5707963267948966,42.0,4.0
271.0,355.5,-1.5707963267948966,41.0,14.0
985.0,454.5,-1.5707963267948966,43.0,4.0
852.5,701.5,-3.141592653589793,50.0,7.0
