CoordX,CoordY,Orient,HalfLen,HalfWid
272.0,244.5,-1.5707963267948966,42.0,23.0
434.0,510.0,-1.5707963267948966,42.0,7.0
700.5,523.0,-1.5707963267948966,42.0,4.0
822.0,640.5,-3.141592653589793,47.0,9.0
