CoordX,CoordY,Orient,HalfLen,HalfWid
450.0,542.0,0.0,35.0,16.0
405.0,683.5,-1.5707963267948966,31.0,6.0
405.0,1009.0,-1.5707963267948966,30.0,6.0
518.0,1226.0,-1.5707963267948966,34.0,6.0
742.0,1231.5,-1.5707963267948966,26.0,4.0
317.0,1336.5,-3.141592653589793,46.0,8.0
