CoordX,CoordY,Orient,HalfLen,HalfWid
1354.5,236.0,-1.5707963267948966,46.0,30.0
593.5,329.0,-3.141592653589793,46.0,16.0
827.5,429.0,-3.141592653589793,55.0,6.0
1392.0,473.5,-3.141592653589793,41.0,7.0
1272.5,611.5,-3.141592653589793,42.0,5.0
1330.0,700.0,-1.5707963267948966,44.0,6.0
1330.0,857.0,-1.5707963267948966,33.0,6.0
1140.0,983.5,-1.5707963267948966,31.0,6.0
1220.0,1088.5,-3.141592653589793,50.0,12.0
