CoordX,CoordY,Orient,HalfLen,HalfWid
530.5,156.0,0.0,41.0,15.0
341.5,634.0,-1.5707963267948966,33.0,5.0
533.5,633.5,-1.5707963267948966,32.0,4.0
296.0,722.5,-3.141592653589793,32.0,4.0
533.5,760.0,-1.5707963267948966,32.0,4.0
653.5,850.0,-1.5707963267948966,36.0,4.0
441.5,890.5,-3.141592653589793,30.0,4.0
533.5,942.0,-1.5707963267948966,37.0,4.0
594.0,1050.5,-3.141592653589793,49.0,3.0
594.0,1191.5,0.0,48.0,13.0
