CoordX,CoordY,Orient,HalfLen,HalfWid
633.0,200.0,-1.5707963267948966,45.0,12.0
1473.5,525.5,0.0,39.0,6.0
627.5,571.5,-1.5707963267948966,40.0,6.0
1611.0,632.5,-1.5707963267948966,35.0,6.0
1395.5,695.5,0.0,38.0,6.0
1495.5,695.5,0.0,38.0,6.0
466.5,799.0,-1.5707963267948966,37.0,6.0
627.5,826.5,-1.5707963267948966,34.0,6.0
758.0,871.0,0.0,37.0,7.0
521.5,1101.5,0.0,44.0,13.0
258.0,1261.0,-1.5707963267948966,39.0,6.0
