CoordX,CoordY,Orient,HalfLen,HalfWid
633.0,317.0,0.0,30.0,11.0
382.5,382.5,-1.5707963267948966,26.0,11.0
573.0,599.0,-1.5707963267948966,28.0,7.0
498.0,653.0,-3.141592653589793,31.0,6.0
803.5,653.0,0.0,28.0,6.0
855.5,729.0,-1.5707963267948966,27.0,5.0
329.0,766.5,-3.141592653589793,31.0,5.0
815.5,767.5,0.0,30.0,6.0
455.0,875.5,-1.5707963267948966,30.0,6.0
650.5,985.5,-1.5707963267948966,26.0,5.0
520.0,1024.5,-3.141592653589793,29.0,5.0
520.0,1090.5,0.0,32.0,11.0
