CoordX,CoordY,Orient,HalfLen,HalfWid
1004.0,276.0,-3.141592653589793,42.0,16.0
1508.5,432.0,0.0,45.0,13.0
495.0,668.5,-1.5707963267948966,38.0,7.0
1197.0,715.0,0.0,38.0,7.0
404.0,774.0,-1.5707963267948966,41.0,7.0
708.0,831.5,-1.5707963267948966,42.0,7.0
518.0,938.0,-3.141592653589793,36.0,7.0
624.5,938.0,0.0,46.0,7.0
1058.0,981.0,-1.5707963267948966,36.0,7.0
624.5,1099.0,0.0,48.0,17.0
