CoordX,CoordY,Orient,HalfLen,HalfWid
1242.5,321.0,-1.5707963267948966,40.0,13.0
722.0,351.5,-3.141592653589793,40.0,4.0
792.0,450.5,0.0,41.0,5.0
642.6118769883351,519.5440084835631,2.137978771666117,34.823057315238835,6.834226044711394
527.5,580.5,-2.617874601342867,43.33514797914788,16.942991165238677
370.5,832.0,-1.5707963267948966,39.0,11.0
