CoordX,CoordY,Orient,HalfLen,HalfWid
572.0,245.5,-3.141592653589793,50.0,19.0
234.0,752.0,-3.141592653589793,33.0,5.0
294.0,883.0,-1.5707963267948966,44.0,5.0
417.0,1074.0,-1.5707963267948966,45.0,5.0
211.5,1193.0,0.0,48.0,8.0
