CoordX,CoordY,Orient,HalfLen,HalfWid
723.0,340.0,-3.141592653589793,33.0,14.0
1063.0,494.5,-1.5707963267948966,31.0,7.0
421.0,547.5,-1.5707963267948966,31.0,8.0
1135.0,592.0,0.0,27.0,7.0
421.0,759.0,-1.5707963267948966,31.0,8.0
1133.5,744.0,0.0,27.0,7.0
726.0,784.0,-1.5707963267948966,30.0,7.0
474.5,827.0,-3.141592653589793,26.0,7.0
600.0,827.0,0.0,28.0,7.0
1063.0,882.0,-1.5707963267948966,28.0,7.0
476.5,937.5,-3.141592653589793,30.0,12.0
