CoordX,CoordY,Orient,HalfLen,HalfWid
748.5,221.0,-1.5707963267948966,69.0,4.0
1256.0,231.0,-1.5707963267948966,42.0,19.0
455.0,263.0,-1.5707963267948966,29.0,4.0
545.0,337.0,0.0,29.0,4.0
381.0,447.5,-1.5707963267948966,24.0,4.0
597.0,450.0,-1.5707963267948966,26.0,3.0
72.0,485.5,-3.141592653589793,18.0,2.0
544.0,559.5,0.0,43.0,14.0
