CoordX,CoordY,Orient,HalfLen,HalfWid
995.5,339.5,-1.571727380737696,41.0046374983831,4.961824626706927
335.5,449.5,-3.141592653589793,39.0,3.0
458.0,449.5,-3.141592653589793,40.0,3.0
957.5,631.0,-3.141592653589793,31.0,7.0
894.5,733.0,-3.141592653589793,41.0,5.0
1082.5,733.0,-3.141592653589793,41.0,5.0
264.0,776.0,-3.141592653589793,40.0,4.0
