CoordX,CoordY,Orient,HalfLen,HalfWid
336.5,219.5,0.0,45.0,18.0
321.5,606.5,-3.141592653589793,47.0,5.0
247.5,739.5,-1.5707963267948966,40.0,7.0
316.0,824.5,-3.141592653589793,45.0,10.0
