CoordX,CoordY,Orient,HalfLen,HalfWid
372.5,148.0,-1.5707963267948966,37.0,5.0
683.5,163.0,-3.141592653589793,38.0,11.0
497.380073800738,406.520295202952,0.0017848745474747893,33.00887180268984,5.058892864351743
594.5,464.5,-1.5707963267948966,38.0,5.0
372.5,469.5,-1.5707963267948966,37.0,5.0
537.0,601.0,-3.141592653589793,43.0,11.0
