CoordX,CoordY,Orient,HalfLen,HalfWid
490.5,327.0,-1.5707963267948966,65.0,5.0
723.5,977.5,-1.5707963267948966,40.0,5.0
474.0,1054.0,0.0,45.0,10.0
613.5,1049.5,-3.141592653589793,39.0,5.0
