CoordX,CoordY,Orient,HalfLen,HalfWid
1115.5,298.0,0.0,39.0,26.0
391.5,614.0,-1.5707963267948966,41.0,16.0
1180.5,614.5,0.0,42.0,4.0
1355.5,614.5,0.0,42.0,4.0
1668.5,646.0,-2.3432729900284746,41.67013417285126,5.126457691467592
884.0,733.0,-3.141592653589793,32.0,4.0
1231.5,733.0,-3.141592653589793,42.0,4.0
1504.0,733.0,-3.141592653589793,30.0,4.0
1291.0,789.0,-1.5707963267948966,42.0,5.0
1736.0,942.5,-3.141592653589793,46.0,9.0
