CoordX,CoordY,Orient,HalfLen,HalfWid
531.5,208.0,-3.141592653589793,38.0,11.0
385.0,585.0,0.0,38.0,5.0
334.0,649.5,-1.5707963267948966,24.0,5.0
284.0,846.0,0.0,25.0,5.0
334.0,888.5,-1.5707963267948966,29.0,5.0
478.5,1033.0,0.0,42.0,5.0
478.5,1090.0,-3.141592653589793,41.0,11.0
