CoordX,CoordY,Orient,HalfLen,HalfWid
1085.5,355.5,-1.5707963267948966,35.0,10.0
373.0,410.5,-3.141592653589793,35.0,4.0
322.0,535.0,-1.5707963267948966,36.0,5.0
322.0,670.5,-1.5707963267948966,34.0,5.0
384.5,719.5,-3.141592653589793,40.0,10.0
