CoordX,CoordY,Orient,HalfLen,HalfWid
579.5,366.0,-1.5707963267948966,48.0,7.0
133.0,718.5,-3.141592653589793,38.0,8.0
447.0,1045.0,-3.141592653589793,42.0,9.0
192.2175783650891,1080.9496004917025,-2.4352358065751254,46.18834547556234,9.324135954446938
276.0,1082.5,-0.9053499204148786,38.53611239133962,13.162774588321984
