CoordX,CoordY,Orient,HalfLen,HalfWid
973.5,463.0,0.0,51.0,9.0
1303.0,463.0,0.0,32.0,9.0
1032.0,530.5,-1.5707963267948966,41.0,6.0
345.0,607.0,-1.5707963267948966,41.0,15.0
1032.5,935.5,-1.5707963267948966,37.0,6.0
1245.5,940.5,-1.5707963267948966,30.0,7.0
1032.5,1056.5,-1.5707963267948966,31.0,6.0
967.0,1149.0,0.0,47.0,9.0
