CoordX,CoordY,Orient,HalfLen,HalfWid
935.5,277.5,-3.141592653589793,33.0,21.0
998.0,603.0,-1.5707963267948966,40.0,5.0
378.0,659.0,-3.141592653589793,41.0,7.0
998.0,762.0,1.5707963267948966,39.0,5.0
871.0,787.5,-1.5707963267948966,38.0,7.0
776.5,852.0,-3.141592653589793,39.0,7.0
1346.5,986.0,-3.141592653589793,34.0,5.0
1062.0,1060.0,-1.5707963267948966,34.0,7.0
944.0,1115.5,-3.141592653589793,45.0,10.0
