CoordX,CoordY,Orient,HalfLen,HalfWid
1056.5,504.5,-1.5707963267948966,41.0,4.0
320.5,537.0,-1.5707963267948966,46.0,11.0
1056.5,612.5,-1.5707963267948966,40.0,4.0
435.5,640.5,-3.141592653589793,48.0,6.0
667.0,693.0,-1.5707963267948966,26.0,5.0
874.0,827.0,-1.5707963267948966,31.0,4.0
931.5,871.0,-3.141592653589793,46.0,6.0
