CoordX,CoordY,Orient,HalfLen,HalfWid
548.5,358.5,-1.5707963267948966,75.0,6.0
1259.5,426.0,-1.5707963267948966,39.0,19.0
831.5,518.5,0.0,45.0,6.0
738.0,576.5,-1.5707963267948966,33.0,6.0
908.0,627.5,-1.5707963267948966,41.0,6.0
839.5,765.0,0.0,50.0,16.0
