CoordX,CoordY,Orient,HalfLen,HalfWid
1053.5,542.0,0.0,74.0,9.0
1195.5,542.0,-3.141592653589793,42.0,9.0
95.5,598.0,-1.5707963267948966,48.0,8.0
970.0,599.0,-1.5707963267948966,43.0,5.0
1244.5,602.5,-1.5707963267948966,43.0,4.0
478.5055762081784,625.5130111524163,-1.5712296737767764,45.00822936713192,18.98049760242451
1446.0,902.5,-3.141592653589793,38.0,4.0
1206.5,942.5,-1.5707963267948966,32.0,4.0
1342.5,943.0,-1.5707963267948966,30.0,4.0
1136.0,1145.0,0.0,50.0,12.0
