CoordX,CoordY,Orient,HalfLen,HalfWid
739.5,298.5,-3.141592653589793,34.0,6.0
954.0,402.0,-3.141592653589793,50.0,11.0
555.5,467.5,-3.141592653589793,44.0,6.0
673.0,668.0,-1.5707963267948966,130.0,6.0
437.5,817.0,0.0,75.0,7.0
760.0,850.5,0.0,76.0,5.0
673.0,898.5,-1.5707963267948966,35.0,6.0
673.0045731707318,1071.0381097560976,-1.570522195999825,50.001368775265874,6.013432183347194
627.0,1129.0,-3.141592653589793,35.0,7.0
757.0,1299.5,0.0,44.0,10.0
