CoordX,CoordY,Orient,HalfLen,HalfWid
295.5,126.0,-3.141592653589793,87.0,17.0
274.0,818.0,-1.5707963267948966,42.0,5.0
360.5,890.5,0.0,47.0,10.0
