CoordX,CoordY,Orient,HalfLen,HalfWid
946.5,422.0,-1.5707963267948966,77.0,11.0
1193.0,704.5,-1.5707963267948966,49.0,11.0
437.0,715.5,-1.5707963267948966,57.0,12.0
1100.0,817.0,-3.141592653589793,61.0,17.0
513.5,1135.0,-3.141592653589793,49.0,12.0
437.0,1256.0,-1.5707963267948966,64.0,12.0
227.5,1456.0,-3.141592653589793,49.0,19.0
