CoordX,CoordY,Orient,HalfLen,HalfWid
471.5,474.0,-3.141592653589793,35.0,4.0
426.0,590.0,-1.5707963267948966,34.0,4.0
523.0,639.5,-3.141592653589793,44.0,7.0
