CoordX,CoordY,Orient,HalfLen,HalfWid
281.0,382.5,0.0,38.0,13.0
185.5,888.5,-1.5707963267948966,28.0,4.0
185.5,1048.5,-1.5707963267948966,34.0,4.0
311.5,1063.0,-1.5707963267948966,39.0,4.0
149.5,1167.5,-3.141592653589793,28.0,4.0
239.5,1179.5,0.0,42.0,4.0
240.5,1309.5,-3.141592653589793,41.0,14.0
