CoordX,CoordY,Orient,HalfLen,HalfWid
387.0,155.0,-1.5707963267948966,74.0,6.0
339.0,380.5,0.0,36.0,6.0
851.5,380.5,-3.141592653589793,35.0,6.0
907.5,454.0,-1.5707963267948966,26.0,5.0
672.0,495.5,-3.141592653589793,35.0,4.0
836.5,495.5,-3.141592653589793,39.0,4.0
173.5,564.5,0.0,27.0,6.0
214.5,605.5,-1.5707963267948966,28.0,6.0
275.0,666.0,-3.141592653589793,44.0,4.0
374.5,666.0,0.0,27.0,4.0
273.5,798.5,-3.141592653589793,43.0,15.0
