CoordX,CoordY,Orient,HalfLen,HalfWid
382.0,325.5,0.0,41.0,18.0
332.0,393.5,-1.5707963267948966,40.0,6.0
332.0,656.5,-1.5707963267948966,41.0,6.0
332.0,927.0,-1.5707963267948966,37.0,6.0
184.0,976.5,-3.141592653589793,34.0,7.0
332.0,1167.0,-1.5707963267948966,36.0,6.0
187.5,1265.5,-3.141592653589793,30.0,5.0
332.0,1340.0,-1.5707963267948966,40.0,6.0
384.0,1576.0,0.0,40.0,18.0
237.5,1781.0,-1.5707963267948966,45.0,11.0
