CoordX,CoordY,Orient,HalfLen,HalfWid
565.5,342.0,0.0,45.0,16.0
399.5,418.0,-1.5707963267948966,41.0,5.0
450.5,836.5,-1.5707963267948966,41.0,5.0
245.5,890.0,-3.141592653589793,41.0,6.0
450.5,1140.0,-1.5707963267948966,41.0,5.0
641.5,1140.0,-1.5707963267948966,41.0,5.0
585.0,1210.5,0.0,45.0,5.0
585.5,1382.0,-3.141592653589793,46.0,17.0
