CoordX,CoordY,Orient,HalfLen,HalfWid
370.5,446.5,0.0,38.0,14.0
238.0,914.5,-1.5707963267948966,38.0,4.0
393.0,973.5,-1.5707963267948966,30.0,4.0
238.0,1065.5,-1.5707963267948966,33.0,4.0
547.0,1073.0,0.0,31.0,4.0
393.0,1121.0,-1.5707963267948966,38.0,4.0
194.0,1270.0,0.0,28.0,4.0
343.0,1348.0,-3.141592653589793,40.0,4.0
343.0,1437.0,0.0,40.0,12.0
