CoordX,CoordY,Orient,HalfLen,HalfWid
570.5,250.0,0.0,41.0,19.0
995.0,250.0,0.0,42.0,19.0
933.5,319.0,-1.5707963267948966,41.0,5.0
996.0,674.5,0.0,41.0,5.0
679.5,769.0,-1.5707963267948966,42.0,5.0
423.5,918.5,-1.5707963267948966,41.0,5.0
995.5,894.5,-3.141592653589793,41.0,7.0
620.5,995.0,-1.5707963267948966,41.0,5.0
423.5,1087.5,-1.5707963267948966,40.0,5.0
933.5,1164.5,-1.5707963267948966,41.0,5.0
544.5,1274.5,0.0,45.0,18.0
853.5,1394.5,-1.5707963267948966,46.0,12.0
