CoordX,CoordY,Orient,HalfLen,HalfWid
1114.0,341.0,-3.141592653589793,47.0,22.0
271.0,425.5,-1.5707963267948966,47.0,29.0
684.5,453.0,-1.5707963267948966,47.0,6.0
1168.5,863.5,-1.5707963267948966,46.0,6.0
945.0,1020.5,-3.141592653589793,47.0,12.0
1112.0,1014.5,-3.141592653589793,47.0,6.0
1373.5,1084.0,-1.5707963267948966,43.0,10.0
