CoordX,CoordY,Orient,HalfLen,HalfWid
566.0,280.5,-3.141592653589793,34.0,7.0
472.5,339.0,-1.5707963267948966,42.0,7.0
1186.5,385.5,-1.5707963267948966,43.0,7.0
472.5,452.0,-1.5707963267948966,43.0,7.0
1107.0,452.5,0.0,70.0,6.0
771.5,598.5,-1.5707963267948966,39.0,7.0
576.0,739.0,0.0,49.0,7.0
