CoordX,CoordY,Orient,HalfLen,HalfWid
341.5,228.0,0.0,39.0,13.0
456.74581939799333,513.3829431438127,0.9517884088426165,39.519548171728,4.253097656587943
592.5,553.0,0.0,39.0,6.0
459.7295825771325,760.4029038112523,2.153435533256986,39.679831496315835,3.6775661683803875
382.5,914.0,-3.141592653589793,45.0,11.0
