CoordX,CoordY,Orient,HalfLen,HalfWid
806.5,299.0,-1.5707963267948966,35.0,8.0
806.5,465.0,-1.5707963267948966,35.0,8.0
726.5,616.0,-3.141592653589793,42.0,9.0
656.0,732.0,-1.5707963267948966,31.0,7.0
806.5,759.5,-1.5707963267948966,37.0,8.0
727.0,832.5,0.0,42.0,7.0
