CoordX,CoordY,Orient,HalfLen,HalfWid
996.5,186.0,0.0,38.0,14.0
634.0,669.5,-3.141592653589793,44.0,7.0
1072.5,843.5,0.0,33.0,7.0
1026.5,1027.5,-1.5707963267948966,42.0,7.0
723.0,1089.5,-3.141592653589793,44.0,7.0
969.0,1091.0,-3.141592653589793,42.0,9.0
