CoordX,CoordY,Orient,HalfLen,HalfWid
651.5,73.0,-3.141592653589793,44.0,15.0
738.5,125.0,1.5707963267948966,34.0,7.0
592.5,158.0,-1.5707963267948966,31.0,5.0
482.0,245.5,0.0,32.0,5.0
430.0,398.0,-1.5707963267948966,41.0,15.0
1246.0,404.0,-1.5707963267948966,47.0,15.0
697.0,480.5,-3.141592653589793,38.0,5.0
