CoordX,CoordY,Orient,HalfLen,HalfWid
581.5,425.5,0.0,40.0,4.0
683.0,425.5,-3.141592653589793,41.0,4.0
344.0,457.5,2.5479723578992823,40.79942422377647,5.775949148031106
210.0,507.5,0.0,41.0,14.0
775.0,537.0,-1.5707963267948966,41.0,4.0
856.0,656.5,-3.141592653589793,29.0,7.0
655.0,764.0,0.0,40.0,5.0
655.0,847.5,-3.141592653589793,40.0,14.0
