CoordX,CoordY,Orient,HalfLen,HalfWid
370.0,120.5,-3.141592653589793,46.0,8.0
767.0,353.0,-3.141592653589793,41.0,6.0
526.0,607.5,-1.5707963267948966,45.0,6.0
398.0,646.5,-1.5707963267948966,43.0,7.0
398.0,787.5,-1.5707963267948966,45.0,7.0
587.0,817.0,-1.5707963267948966,44.0,6.0
458.0,1016.5,0.0,45.0,8.0
