CoordX,CoordY,Orient,HalfLen,HalfWid
379.5,423.5,-3.141592653589793,42.0,15.0
1047.0,435.0,0.0,41.0,15.0
276.0,797.0,-3.141592653589793,41.0,6.0
377.0,797.0,-3.141592653589793,41.0,6.0
519.5,797.0,-3.141592653589793,30.0,6.0
385.5,993.0,2.610787101818953,30.465982289009062,6.467141808077672
407.5,1139.0,-3.141592653589793,31.0,7.0
811.5,1163.0,-3.141592653589793,41.0,6.0
916.5,1163.0,-3.141592653589793,30.0,6.0
811.5,1308.5,0.0,41.0,11.0
907.5,1481.0,-1.5707963267948966,34.0,4.0
