CoordX,CoordY,Orient,HalfLen,HalfWid
771.5,254.0,-3.141592653589793,43.0,23.0
706.0,320.0,-1.5707963267948966,38.0,9.0
476.0,561.0,0.0,41.0,5.0
626.0,561.0,0.0,36.0,5.0
799.0,561.0,-3.141592653589793,39.0,5.0
914.5,610.5,-1.5707963267948966,39.0,5.0
382.0,663.5,-1.5707963267948966,44.0,5.0
300.0,734.0,-3.141592653589793,46.0,17.0
465.0,722.5,0.0,77.0,5.0
861.0,722.5,-3.141592653589793,47.0,5.0
807.5,1028.0,-1.5707963267948966,90.0,5.0
718.0,1156.0,0.0,42.0,17.0
