CoordX,CoordY,Orient,HalfLen,HalfWid
253.5,166.5,-3.141592653589793,33.0,11.0
663.5,203.0,-1.5707963267948966,33.0,6.0
320.5,314.5,-1.5707963267948966,33.0,6.0
620.5,485.5,0.0,32.0,6.0
755.0,485.5,0.0,26.0,6.0
320.5,546.0,-1.5707963267948966,24.0,6.0
578.5,550.0,-1.5707963267948966,26.0,6.0
723.5,639.5,-3.141592653589793,32.0,11.0
