CoordX,CoordY,Orient,HalfLen,HalfWid
211.0,440.5,0.0,43.0,7.0
287.5,818.5,0.0,43.0,7.0
197.5,861.5,-1.5707963267948966,31.0,4.0
344.5,993.0,-1.5707963267948966,38.0,4.0
197.5,1022.5,-1.5707963267948966,36.0,4.0
287.5,1164.5,0.0,43.0,7.0
