CoordX,CoordY,Orient,HalfLen,HalfWid
361.0,889.0,0.0,45.0,8.0
667.5,937.5,-1.5707963267948966,28.0,6.0
361.5,1070.5,-3.141592653589793,44.0,6.0
