CoordX,CoordY,Orient,HalfLen,HalfWid
164.0,68.5,-3.141592653589793,51.0,35.0
213.5,589.0,-1.5707963267948966,42.0,4.0
317.5,680.0,0.0,40.0,8.0
161.0,845.5,-3.141592653589793,46.0,10.0
