CoordX,CoordY,Orient,HalfLen,HalfWid
305.5,130.5,0.0,32.0,7.0
744.5,131.0,-3.141592653589793,32.0,8.0
196.0,254.5,0.0,25.0,4.0
918.5,341.0,-1.5707963267948966,30.0,4.0
776.5,412.0,-1.5707963267948966,28.0,4.0
918.5,417.0,-1.5707963267948966,29.0,4.0
217.5,432.0,-1.0900341280357861,22.433940066498078,4.854156185058182
289.5,618.5,0.0,33.0,9.0
236.5,739.5,-1.5707963267948966,34.0,4.0
