CoordX,CoordY,Orient,HalfLen,HalfWid
1175.5,375.0,-1.5707963267948966,40.0,12.0
498.0,437.0,-3.141592653589793,36.0,7.0
724.0,989.0,-3.141592653589793,29.0,7.0
800.5,989.0,-3.141592653589793,26.0,7.0
835.0,1038.5,-1.5707963267948966,37.0,7.0
597.0,1116.5,0.0,39.0,12.0
733.0,1111.0,0.0,28.0,7.0
