CoordX,CoordY,Orient,HalfLen,HalfWid
893.0,198.5,-1.5707963267948966,40.0,19.0
689.5,907.0,-3.141592653589793,44.0,15.0
106.0,900.0,0.0,18.0,5.0
161.5,900.0,-3.141592653589793,17.0,5.0
238.0,900.5,0.0,30.0,5.0
420.0,900.0,-3.141592653589793,22.0,5.0
230.29857142857142,992.59,0.6347275968678657,28.051562759969812,6.559347145609336
285.0,1073.5,-1.5707963267948966,29.0,6.0
