CoordX,CoordY,Orient,HalfLen,HalfWid
956.0259026687598,342.0078492935636,-3.140841365011326,33.00675228340085,9.024038692294072
1015.5,461.5,-1.5707963267948966,40.0,20.0
542.0,444.0,-3.141592653589793,35.0,7.0
657.0,542.5,-1.5707963267948966,37.0,7.0
1199.0,559.5,-1.5707963267948966,40.0,7.0
657.5,708.0,-1.5720969072661855,35.009074459319244,6.954473776055266
456.0,741.5,-1.5707963267948966,33.0,7.0
562.9663323782235,809.9949856733524,-3.1412576749400762,46.00234226965819,7.0150736462179255
566.0,936.5,-3.141592653589793,49.0,15.0
