CoordX,CoordY,Orient,HalfLen,HalfWid
337.0,233.0,-1.5707963267948966,24.0,5.0
379.0,277.0,0.0,25.0,5.0
714.5,277.0,0.0,31.0,5.0
202.0,339.5,-1.5707963267948966,34.0,11.0
772.0,394.0,-1.5707963267948966,32.0,6.0
772.0,549.0,-1.5707963267948966,34.0,6.0
707.0,809.0,-3.141592653589793,34.0,10.0
