CoordX,CoordY,Orient,HalfLen,HalfWid
482.5,221.0,-3.141592653589793,29.0,12.0
585.0,599.0,-1.5707963267948966,27.0,5.0
585.0,730.5,-1.5707963267948966,29.0,5.0
433.0,738.5,-1.5707963267948966,28.0,5.0
631.5,838.0,0.0,24.0,5.0
486.0,885.0,-3.141592653589793,26.0,5.0
479.5,968.0,-3.141592653589793,29.0,12.0
414.0,1051.0,-1.5707963267948966,27.0,5.0
