CoordX,CoordY,Orient,HalfLen,HalfWid
438.5,344.0,0.0,42.0,15.0
499.5,417.0,-1.5707963267948966,42.0,5.0
499.5,671.0,-1.5707963267948966,42.0,5.0
579.5,811.5,-1.5707963267948966,42.0,8.0
330.5,856.5,-1.5707963267948966,41.0,5.0
172.30057803468208,862.2991329479769,0.7853178037089822,31.820202810817694,5.6543540244814645
267.0,974.5,0.0,49.0,10.0
