CoordX,CoordY,Orient,HalfLen,HalfWid
1296.0,764.0,-1.5707963267948966,45.0,6.0
1428.0,764.0,-1.5707963267948966,44.0,9.0
1140.7570671378091,909.756183745583,-0.785437886663125,39.59769882929985,7.776629714436494
854.0,961.0,-3.141592653589793,40.0,6.0
1030.0,961.0,0.0,35.0,6.0
749.0,1104.5,-1.5707963267948966,33.0,9.0
561.5,1122.5,-1.5707963267948966,32.0,6.0
854.0,1171.5,0.0,40.0,9.0
