CoordX,CoordY,Orient,HalfLen,HalfWid
525.5,126.5,-1.5707963267948966,32.0,9.0
379.0,265.5,0.0,43.0,7.0
854.0,349.5,0.0,42.0,6.0
1029.5,349.5,-3.141592653589793,43.0,6.0
643.5,415.5,-3.141592653589793,43.0,6.0
708.5,513.5,-1.5707963267948966,47.0,6.0
522.5,515.0,-1.5707963267948966,42.0,6.0
625.0,588.0,0.0,47.0,14.0
