CoordX,CoordY,Orient,HalfLen,HalfWid
1286.5,68.0,-3.141592653589793,40.0,15.0
1114.5,248.5,-3.141592653589793,39.0,16.0
278.0,620.0,-3.141592653589793,63.0,5.0
630.5,620.0,0.0,42.0,5.0
850.5,620.0,0.0,43.0,5.0
959.5,620.0,0.0,42.0,5.0
1034.0,675.5,-1.5707963267948966,43.0,5.0
1169.5,735.5,-3.141592653589793,43.0,4.0
1221.0,928.5,0.0,37.0,8.0
520.5,1122.0,0.0,39.0,17.0
910.0,1122.0,-3.141592653589793,46.0,17.0
