CoordX,CoordY,Orient,HalfLen,HalfWid
337.5,771.0,-1.5707963267948966,41.0,14.0
1091.5,784.5,-1.5707963267948966,40.0,5.0
1033.0,904.5,-3.141592653589793,46.0,8.0
