CoordX,CoordY,Orient,HalfLen,HalfWid
549.0,240.5,0.0,51.0,14.0
187.0,373.0,0.0,37.0,8.0
190.5,595.0,0.0,37.0,5.0
238.0,722.5,-1.5707963267948966,38.0,5.0
602.0,758.5,-1.5707963267948966,36.0,6.0
806.5,803.0,0.0,31.0,6.0
346.5,804.0,0.0,42.0,5.0
602.0,912.5,-1.5707963267948966,44.0,6.0
533.0,1067.0,-3.141592653589793,49.0,5.0
535.5,1207.0,0.0,48.0,15.0
