CoordX,CoordY,Orient,HalfLen,HalfWid
466.5,199.0,-1.5707963267948966,40.0,5.0
581.0,474.5,-3.141592653589793,29.0,5.0
466.5,566.0,-1.5707963267948966,47.0,5.0
632.5,581.5,-1.5707963267948966,34.0,5.0
559.0,640.5,0.0,43.0,10.0
