CoordX,CoordY,Orient,HalfLen,HalfWid
1083.5,1219.0,-3.141592653589793,36.0,12.0
1030.0,1703.5,-1.5707963267948966,30.0,5.0
1166.0,1770.0,-1.5707963267948966,29.0,5.0
1272.0,1771.0,-1.5707963267948966,29.0,5.0
881.0,1778.0,-3.141592653589793,28.0,5.0
1030.0,1940.5,-1.5707963267948966,33.0,5.0
1166.0,1960.5,-1.5707963267948966,32.0,5.0
1101.5,2003.0,-3.141592653589793,40.0,5.0
1101.5,2116.5,0.0,40.0,6.0
