CoordX,CoordY,Orient,HalfLen,HalfWid
929.5,640.0,-3.141592653589793,45.0,24.0
1309.5,640.0,-3.141592653589793,45.0,24.0
1193.5,920.0,-1.5707963267948966,54.0,5.0
520.5,1134.5,-1.5707963267948966,54.0,5.0
1317.0,1178.5,0.0,44.0,3.0
875.0,1359.5,-3.141592653589793,45.0,25.0
