CoordX,CoordY,Orient,HalfLen,HalfWid
145.0,164.5,0.0,38.0,10.0
372.0,234.5,-1.5707963267948966,36.0,4.0
372.0,416.0,-1.5707963267948966,32.0,4.0
428.0,697.0,-3.141592653589793,32.0,4.0
475.0,836.5,0.0,44.0,10.0
