CoordX,CoordY,Orient,HalfLen,HalfWid
1110.0,254.0,-1.5707963267948966,40.0,5.0
833.0,316.0,0.0,40.0,5.0
303.0,356.0,-1.5707963267948966,41.0,15.0
1014.0,509.0,0.0,45.0,9.0
