CoordX,CoordY,Orient,HalfLen,HalfWid
413.0,570.5,-3.141592653589793,41.0,12.0
295.0,673.5,0.0,31.0,6.0
412.0,673.5,-3.141592653589793,40.0,6.0
747.0,673.5,-3.141592653589793,45.0,6.0
911.0,779.0,-1.5707963267948966,33.0,6.0
859.0,836.5,-3.141592653589793,40.0,6.0
978.0,836.5,-3.141592653589793,27.0,6.0
860.5,1007.0,0.0,43.0,12.0
