CoordX,CoordY,Orient,HalfLen,HalfWid
853.5,351.0,-3.141592653589793,142.0,17.0
290.5,410.5,-1.5707963267948966,35.0,5.0
660.5,490.5,-1.5707963267948966,61.0,5.0
233.5,674.0,0.0,39.0,8.0
1331.0,718.5,0.0,39.0,4.0
376.0,791.0,-1.5707963267948966,41.0,5.0
1392.5,819.5,-1.5707963267948966,39.0,4.0
1332.0,919.5,0.0,39.0,4.0
230.0,1187.5,0.0,47.0,10.0
437.5,1187.5,-3.141592653589793,45.0,10.0
