CoordX,CoordY,Orient,HalfLen,HalfWid
184.0,276.0,-3.141592653589793,42.0,9.0
432.0,350.5,0.0,41.0,5.0
175.5,581.0,-3.141592653589793,41.0,8.0
445.5,705.5,0.0,62.0,5.0
186.5,893.5,0.0,46.0,11.0
693.5,906.5,0.0,46.0,24.0
