CoordX,CoordY,Orient,HalfLen,HalfWid
363.0,165.0,0.0,27.0,6.0
988.0,350.5,-1.5707963267948966,83.0,6.0
52.0,387.0,-1.5707963267948966,32.0,6.0
92.5,441.0,0.0,30.0,5.0
404.5,541.0,-3.141592653589793,82.0,6.0
