CoordX,CoordY,Orient,HalfLen,HalfWid
1208.5,243.0,0.0,41.0,15.0
796.0,332.0,-1.5707963267948966,44.0,17.0
792.0,540.5,-1.5707963267948966,46.0,13.0
882.5,618.5,0.0,40.0,6.0
1294.5,620.0,0.0,40.0,6.0
1346.0,678.0,-1.5707963267948966,40.0,9.0
494.0,732.5,-1.5707963267948966,47.0,7.0
1244.0,743.5,-1.5707963267948966,34.0,6.0
302.0,835.0,-3.141592653589793,41.0,6.0
439.5,835.0,-3.141592653589793,43.0,6.0
438.0,1007.0,0.0,44.0,13.0
