CoordX,CoordY,Orient,HalfLen,HalfWid
735.0,254.0,-3.141592653589793,39.0,15.0
289.5,525.5,-1.5707963267948966,39.0,4.0
878.5,525.0,-1.5707963267948966,39.0,4.0
337.5,585.0,-3.141592653589793,40.0,11.0
640.0,585.0,-3.141592653589793,121.0,11.0
824.0,585.0,-3.141592653589793,45.0,11.0
1031.5,585.0,-3.141592653589793,38.0,11.0
745.5,799.0,-1.5707963267948966,41.0,4.0
880.5,818.0,-1.5707963267948966,39.0,6.0
822.0,917.0,0.0,44.0,14.0
1024.0,1001.5,-1.5707963267948966,57.0,8.0
