CoordX,CoordY,Orient,HalfLen,HalfWid
826.0,221.5,-1.5707963267948966,36.0,6.0
772.5,355.0,-3.141592653589793,44.0,16.0
572.0,691.5,-1.5707963267948966,41.0,4.0
544.0,934.0,-1.5707963267948966,40.0,5.0
415.0,1001.0,-3.141592653589793,41.0,8.0
621.0,998.0,0.0,46.0,5.0
620.5,1153.0,0.0,46.0,14.0
