CoordX,CoordY,Orient,HalfLen,HalfWid
654.5,335.5,0.0,41.0,8.0
534.5,390.5,-1.5707963267948966,42.0,8.0
771.5,391.5,-1.5707963267948966,35.0,8.0
160.5,446.5,-3.141592653589793,35.0,8.0
771.5,508.0,-1.5707963267948966,45.0,8.0
1395.5,516.5,-1.5707963267948966,45.0,8.0
413.5,594.5,-3.141592653589793,31.0,8.0
534.5,650.0,-1.5707963267948966,41.0,8.0
