CoordX,CoordY,Orient,HalfLen,HalfWid
767.5,558.0,-1.5707963267948966,38.0,5.0
1066.0,558.0,-1.5707963267948966,38.0,6.0
1156.0,678.0,0.0,45.0,10.0
388.5,697.5,-3.141592653589793,44.0,16.0
