CoordX,CoordY,Orient,HalfLen,HalfWid
472.0,309.0,0.0,46.0,20.0
379.0,625.0,-1.5707963267948966,39.0,8.0
250.0,788.5,-1.5707963267948966,36.0,5.0
350.0,888.0,-1.5707963267948966,39.0,9.0
535.0,912.5,-1.5707963267948966,35.0,8.0
350.0,1066.0,-1.5707963267948966,34.0,9.0
406.0,1157.5,0.0,45.0,19.0
274.5,1221.0,-1.5707963267948966,41.0,19.0
