CoordX,CoordY,Orient,HalfLen,HalfWid
555.5,437.0,0.0,33.0,5.0
374.5,506.5,-1.5707963267948966,32.0,4.0
161.0,566.5,-3.141592653589793,30.0,4.0
421.0,566.5,0.0,27.0,4.0
558.0,572.5,-3.141592653589793,34.0,10.0
