CoordX,CoordY,Orient,HalfLen,HalfWid
407.0,137.0,0.0,33.0,13.0
357.0,388.0,-1.5707963267948966,32.0,4.0
250.5,435.0,-3.141592653589793,23.0,4.0
174.0,599.0,-3.141592653589793,24.0,4.0
171.5,776.0,0.0,22.0,4.0
311.5,776.0,-3.141592653589793,24.0,4.0
357.0,1054.0,-1.5707963267948966,32.0,4.0
484.0,1058.0,-1.5707963267948966,32.0,4.0
412.5,1180.0,-3.141592653589793,33.0,4.0
417.5,1286.0,-3.141592653589793,32.0,15.0
