CoordX,CoordY,Orient,HalfLen,HalfWid
856.0,251.5,-3.141592653589793,29.0,5.0
948.5,313.0,-1.5707963267948966,38.0,4.0
229.0,419.5,-1.5707963267948966,44.0,20.0
948.5,564.0,-1.5707963267948966,40.0,4.0
782.0,653.5,-1.5707963267948966,33.0,5.0
842.0,847.0,0.0,41.0,9.0
687.5,945.5,0.0,32.0,4.0
