CoordX,CoordY,Orient,HalfLen,HalfWid
333.5,298.5,-3.141592653589793,35.0,14.0
445.0,606.5,-3.141592653589793,38.0,2.0
590.5,880.0,-1.5707963267948966,30.0,3.0
326.5,903.0,-1.5707963267948966,33.0,2.0
172.5070821529745,910.9178470254958,1.5700749749338112,29.00143515854402,2.0201973300102547
281.0,1000.5,0.0,35.0,6.0
