CoordX,CoordY,Orient,HalfLen,HalfWid
1082.0,417.5,-1.5707963267948966,40.0,5.0
837.0,419.5,-1.5707963267948966,40.0,5.0
1181.0,794.5,-1.5707963267948966,35.0,5.0
358.0,818.0,-1.5707963267948966,41.0,17.0
1221.0,929.0,-3.141592653589793,29.0,14.0
1121.0,1284.0,0.0,41.0,11.0
