CoordX,CoordY,Orient,HalfLen,HalfWid
1259.5,441.5,-1.5707963267948966,45.0,16.0
978.0,794.5,0.0,39.0,6.0
506.5,908.0,-1.5707963267948966,41.0,5.0
876.5,1010.0,0.0,40.0,6.0
506.5,1085.0,-1.5707963267948966,40.0,5.0
506.5,1233.0,-1.5707963267948966,40.0,5.0
874.0,1229.0,-3.141592653589793,40.0,6.0
974.0,1229.0,0.0,39.0,6.0
699.5,1283.0,-1.5707963267948966,41.0,6.0
1259.5,1369.0,-1.5707963267948966,46.0,16.0
622.0,1333.0,0.0,44.0,6.0
620.0,1523.5,-3.141592653589793,44.0,16.0
