CoordX,CoordY,Orient,HalfLen,HalfWid
584.0,246.5,-3.141592653589793,41.0,22.0
914.5,619.5,-3.141592653589793,41.0,4.0
1095.5,619.5,-3.141592653589793,39.0,4.0
713.0,735.5,-3.141592653589793,41.0,3.0
954.5,735.5,-3.141592653589793,31.0,3.0
800.0,890.0,-1.5707963267948966,41.0,6.0
1028.0,903.5,-1.5707963267948966,31.0,5.0
1143.5,1025.5,-3.141592653589793,45.0,21.0
