CoordX,CoordY,Orient,HalfLen,HalfWid
536.5,242.5,-1.5707963267948966,42.0,9.0
370.5,615.5,-3.141592653589793,47.0,9.0
676.5,615.5,-3.141592653589793,44.0,9.0
536.5,713.0,-1.5707963267948966,45.0,9.0
