CoordX,CoordY,Orient,HalfLen,HalfWid
113.5,317.0,0.0,29.0,6.0
1207.0,355.5,-1.5707963267948966,37.0,6.0
736.5,449.5,-1.5707963267948966,33.0,11.0
1207.0,460.5,-1.5707963267948966,37.0,6.0
1151.0,508.5,0.0,37.0,6.0
1207.0,619.5,-1.5707963267948966,37.0,6.0
187.0,657.0,-1.5707963267948966,33.0,6.0
245.0,700.5,0.0,33.0,5.0
243.5,780.0,-3.141592653589793,31.0,11.0
