CoordX,CoordY,Orient,HalfLen,HalfWid
550.5,273.5,-3.141592653589793,40.0,16.0
551.5,565.5,-3.141592653589793,49.0,5.0
417.5,894.5,-1.5707963267948966,59.0,11.0
227.0,924.0,-1.5707963267948966,51.0,8.0
297.5,1005.5,-3.141592653589793,43.0,9.0
