CoordX,CoordY,Orient,HalfLen,HalfWid
977.5,251.5,-3.141592653589793,42.0,6.0
866.0,356.5,0.0,44.0,6.0
923.0,470.5,-1.5707963267948966,45.0,6.0
864.5,612.5,-3.141592653589793,43.0,6.0
345.5,825.0,-1.5707963267948966,42.0,5.0
818.0,964.5,0.0,41.0,18.0
180.5,965.0,0.0,48.0,17.0
301.5,1700.0,-3.141592653589793,46.0,8.0
428.0,1770.0,-3.141592653589793,49.0,6.0
