CoordX,CoordY,Orient,HalfLen,HalfWid
500.0,151.5,-3.141592653589793,40.0,10.0
407.0,627.0,-1.5707963267948966,28.0,5.0
407.0,716.0,1.5707963267948966,39.0,5.0
544.0,777.0,-1.5707963267948966,34.0,5.0
623.0,868.0,-3.141592653589793,29.0,5.0
456.0,924.0,0.0,38.0,5.0
456.0,1021.5,0.0,37.0,7.0
