CoordX,CoordY,Orient,HalfLen,HalfWid
363.0,170.5,0.0,43.0,12.0
340.5,528.0,-0.6351174284462129,30.12683987977699,8.855022385099437
848.5,586.5,-3.141592653589793,39.0,11.0
902.5,780.0,-1.5707963267948966,37.0,7.0
661.5,892.5,0.0,38.0,8.0
959.0,936.5,-3.141592653589793,37.0,9.0
715.5,977.0,-1.5707963267948966,35.0,8.0
652.5,1139.5,0.0,46.0,11.0
