CoordX,CoordY,Orient,HalfLen,HalfWid
1263.5,322.5,-1.5707963267948966,36.0,10.0
523.0,313.5,-3.141592653589793,35.0,4.0
637.5,313.5,0.0,29.0,4.0
843.0,359.0,-1.5707963267948966,38.0,4.0
404.0,368.0,-1.5707963267948966,39.0,4.0
520.0,471.5,-1.5707963267948966,38.0,6.0
764.0,543.0,0.0,42.0,7.0
