CoordX,CoordY,Orient,HalfLen,HalfWid
290.5,238.5,-3.141592653589793,42.0,12.0
877.5,645.0,-2.443204496276405,40.95143398402734,6.38169746447474
390.5583259127337,717.3722172751558,-2.0299044814561635,42.51530531444007,6.968574720892969
880.5534787123572,723.1329179646937,2.246285988282135,43.25626121807869,5.9665232583674435
547.5,770.0,0.0,47.0,6.0
725.0,770.0,-3.141592653589793,42.0,6.0
1026.0,815.5,-0.8843637859002819,31.948563928150794,7.4356750150112285
551.0,954.5,-3.141592653589793,48.0,15.0
