CoordX,CoordY,Orient,HalfLen,HalfWid
383.5,179.5,-3.141592653589793,49.0,9.0
479.0,322.0,-1.5707963267948966,49.0,11.0
417.5,620.5,-3.141592653589793,48.0,6.0
529.0,620.5,0.0,38.0,6.0
613.4683908045977,727.2097701149426,-1.5733893391373595,37.01543366799916,6.093328168592948
547.5,821.5,0.0,58.0,9.0
