CoordX,CoordY,Orient,HalfLen,HalfWid
351.5,381.0,0.0,42.0,5.0
524.0,381.0,0.0,43.0,5.0
898.0,755.0,-1.5707963267948966,47.0,19.0
414.0,916.5,-1.5707963267948966,42.0,6.0
618.0,961.0,-1.5707963267948966,42.0,6.0
145.5,1054.0,-3.141592653589793,41.0,5.0
414.0,1175.0,-1.5707963267948966,44.0,6.0
487.0,1322.0,-3.141592653589793,50.0,19.0
