CoordX,CoordY,Orient,HalfLen,HalfWid
281.5,220.0,0.0,37.0,12.0
681.5,610.0,0.0,33.0,6.0
787.0,610.0,0.0,33.0,6.0
444.0,663.5,-1.5707963267948966,33.0,6.0
851.0,754.5,-1.5707963267948966,31.0,6.0
444.0,762.5,-1.5707963267948966,33.0,6.0
560.5,842.0,0.0,31.0,6.0
797.0,848.0,-3.141592653589793,38.0,12.0
