CoordX,CoordY,Orient,HalfLen,HalfWid
594.5,790.0,-3.141592653589793,39.0,12.0
720.5,1156.5,-1.5707963267948966,31.0,5.0
825.0,1199.0,0.0,32.0,7.0
610.0,1310.0,-1.5707963267948966,29.0,7.0
401.5,1347.0,0.0,28.0,7.0
610.0,1397.0,-1.5707963267948966,37.0,7.0
780.5,1457.5,-1.5707963267948966,28.0,5.0
820.0,1510.0,0.0,27.0,7.0
722.0,1602.0,-3.141592653589793,42.0,5.0
723.0,1686.5,0.0,42.0,12.0
