CoordX,CoordY,Orient,HalfLen,HalfWid
767.0,554.0,-1.5707963267948966,37.0,6.0
831.5,612.0,-3.141592653589793,46.0,15.0
