CoordX,CoordY,Orient,HalfLen,HalfWid
546.0,304.0,-3.141592653589793,42.0,18.0
636.0,555.5,-1.5707963267948966,40.0,6.0
636.0,799.5,-1.5707963267948966,40.0,6.0
932.0,881.0,-3.141592653589793,41.0,8.0
636.0,1008.0,-1.5707963267948966,41.0,6.0
636.0,1120.5,-1.5707963267948966,41.0,6.0
430.0,1139.0,-1.5707963267948966,42.0,5.0
561.0,1334.5,-3.141592653589793,46.0,16.0
856.0,1460.0,-1.5707963267948966,46.0,9.0
