CoordX,CoordY,Orient,HalfLen,HalfWid
1007.5,436.5,-3.141592653589793,41.0,17.0
522.5,772.0,-1.5707963267948966,43.0,5.0
352.5,889.5,-3.141592653589793,37.0,5.0
405.5,1008.0,-1.5707963267948966,43.0,5.0
759.5,1007.5,-1.5707963267948966,42.0,5.0
1067.5,1008.0,-1.5707963267948966,43.0,5.0
759.5,1131.5,-1.5707963267948966,41.0,5.0
342.0,1143.5,0.0,37.0,11.0
827.0,1188.0,-3.141592653589793,47.0,6.0
955.5,1188.0,-3.141592653589793,42.0,6.0
825.0,1364.0,-3.141592653589793,46.0,17.0
