CoordX,CoordY,Orient,HalfLen,HalfWid
492.0,219.5,-3.141592653589793,50.0,23.0
396.0,985.0,-1.5707963267948966,44.0,9.0
296.5,1112.5,0.0,50.0,14.0
