CoordX,CoordY,Orient,HalfLen,HalfWid
413.0,275.0,0.0,46.0,21.0
476.5,356.5,-1.5707963267948966,48.0,5.0
566.5,810.5,-1.5707963267948966,45.0,5.0
431.0,958.0,-3.141592653589793,46.0,10.0
