CoordX,CoordY,Orient,HalfLen,HalfWid
648.0,306.5,0.0,32.0,13.0
334.0,576.0,-1.5707963267948966,32.0,6.0
439.0,772.5,-1.5707963267948966,33.0,6.0
216.5,785.5,-1.5707963267948966,29.0,5.0
548.5,905.0,0.0,31.0,14.0
236.0,1033.5,-1.5707963267948966,32.0,12.0
