CoordX,CoordY,Orient,HalfLen,HalfWid
469.5,230.5,0.0,39.0,12.0
372.5,344.0,-1.5707963267948966,33.0,6.0
313.0,596.0,0.0,31.0,4.0
312.5,757.0,-3.141592653589793,44.0,9.0
