CoordX,CoordY,Orient,HalfLen,HalfWid
501.5,214.0,0.0,41.0,19.0
866.0,647.0,0.0,38.0,5.0
915.0,756.0,-1.5707963267948966,35.0,5.0
484.0,764.0,0.0,31.0,5.0
851.5,894.5,-3.141592653589793,45.0,7.0
