CoordX,CoordY,Orient,HalfLen,HalfWid
457.0,348.5,-3.141592653589793,45.0,13.0
356.5,656.0,-1.5707963267948966,42.0,5.0
385.5,901.0,-1.5707963267948966,42.0,6.0
159.5,1043.5,0.0,36.0,4.0
385.5,1146.0,-1.5707963267948966,42.0,6.0
385.5,1348.5,-1.5707963267948966,41.0,6.0
451.5,1498.5,0.0,45.0,16.0
673.0,1503.0,-3.141592653589793,40.0,6.0
224.0,1601.5,-1.5707963267948966,40.0,10.0
