CoordX,CoordY,Orient,HalfLen,HalfWid
530.5,230.5,0.0,39.0,15.0
863.5,412.5,-3.141592653589793,34.0,6.0
781.5,593.5,-0.7998912551710025,38.26173844743087,5.102878695441408
230.0,755.0,0.0,32.0,5.0
652.0,837.5,-2.370986805353578,36.70277368511174,5.8298371755685
421.5,841.0,-2.3569776004400187,38.89473723768971,4.980201788607917
690.0,933.0,-1.5707963267948966,40.0,5.0
633.0,1010.0,0.0,45.0,5.0
637.5,1113.5,0.0,43.0,18.0
207.5,1193.5,-1.5707963267948966,39.0,7.0
