CoordX,CoordY,Orient,HalfLen,HalfWid
313.0,172.0,0.0,42.0,10.0
312.0,517.0,-3.141592653589793,42.0,5.0
425.0,517.0,-3.141592653589793,42.0,5.0
645.5024422012374,623.4689026375773,1.5707198005441854,95.00053540558177,7.007269973313542
252.0,617.5,-1.5707963267948966,30.0,5.0
311.5,683.0,0.0,42.0,5.0
310.5,726.5,-3.141592653589793,42.0,7.0
543.0,724.5,0.0,30.0,5.0
