CoordX,CoordY,Orient,HalfLen,HalfWid
274.0,261.0,-3.141592653589793,45.0,19.0
258.0,905.0,-1.5707963267948966,41.0,5.0
338.0,1032.0,-3.141592653589793,46.0,10.0
