CoordX,CoordY,Orient,HalfLen,HalfWid
231.5,151.0,-1.5707963267948966,44.0,3.0
229.0,1159.0,-3.141592653589793,75.0,6.0
426.0,1159.0,-3.141592653589793,120.0,6.0
