CoordX,CoordY,Orient,HalfLen,HalfWid
613.0,404.5,-3.141592653589793,34.0,7.0
552.5,453.5,-1.5707963267948966,39.0,7.0
1272.5,512.0,-1.5707963267948966,38.0,7.0
552.5,567.0,-1.5707963267948966,42.0,7.0
552.5,880.0,-1.5707963267948966,40.0,7.0
612.0,1136.5,-3.141592653589793,47.0,7.0
