CoordX,CoordY,Orient,HalfLen,HalfWid
283.0,703.0,-3.141592653589793,41.0,7.0
515.5,703.0,0.0,41.0,7.0
637.0,703.0,0.0,42.0,7.0
937.5,703.0,0.0,41.0,7.0
93.0,774.0,-1.5707963267948966,61.0,7.0
1017.5,757.0,-1.5707963267948966,40.0,5.0
947.0,849.0,-3.141592653589793,46.0,7.0
