CoordX,CoordY,Orient,HalfLen,HalfWid
572.0,272.5,-1.5707963267948966,34.0,7.0
1222.0,353.0,-1.5707963267948966,48.0,15.0
621.0,319.0,0.0,37.0,7.0
421.0,367.5,-1.5707963267948966,36.0,7.0
768.0,476.0,-1.5707963267948966,42.0,7.0
421.0,525.5,-1.5707963267948966,40.0,7.0
641.7587085811385,526.9524214103653,-0.0034255385801836786,39.020324372374525,7.106150418243874
492.0,740.5,-3.141592653589793,42.0,8.0
