CoordX,CoordY,Orient,HalfLen,HalfWid
541.5,630.0,-3.141592653589793,45.0,22.0
1182.0,625.5,0.0,48.0,14.0
314.0,1097.0,0.0,49.0,7.0
376.0,1155.0,1.5707963267948966,47.0,6.0
242.0,1227.0,-1.5707963267948966,41.0,7.0
498.0,1353.5,0.0,49.0,6.0
376.0,1425.5,-1.5707963267948966,46.0,6.0
997.0,1512.0,-1.5707963267948966,49.0,6.0
940.0,1573.5,0.0,49.0,6.0
493.5,1722.5,0.0,44.0,3.0
298.5,1749.0,-3.141592653589793,45.0,7.0
296.0,1935.5,0.0,52.0,16.0
