CoordX,CoordY,Orient,HalfLen,HalfWid
653.5,515.5,0.0,76.0,16.0
358.5,526.0,-3.141592653589793,43.0,6.0
229.5,703.5,-3.141592653589793,39.0,5.0
1089.0,901.5,-3.141592653589793,45.0,6.0
292.0,948.5,-1.5707963267948966,39.0,5.0
398.5,1232.5,-3.141592653589793,44.0,8.0
