CoordX,CoordY,Orient,HalfLen,HalfWid
339.5,494.5,-3.141592653589793,46.0,5.0
1100.5,563.0,-1.5707963267948966,45.0,13.0
463.5,618.5,-3.141592653589793,36.0,5.0
598.0,618.5,-3.141592653589793,46.0,5.0
818.5,618.5,-3.141592653589793,46.0,5.0
510.0,774.5,-1.5707963267948966,36.0,6.0
280.5,894.0,0.0,46.0,11.0
