CoordX,CoordY,Orient,HalfLen,HalfWid
480.5,214.0,-3.141592653589793,37.0,13.0
586.0,645.5,-1.5707963267948966,33.0,6.0
770.0,700.0,-3.141592653589793,31.0,6.0
389.0,745.0,-1.5707963267948966,35.0,6.0
586.0,804.0,-1.5707963267948966,33.0,6.0
586.0,931.5,-1.5707963267948966,37.0,6.0
452.0,990.0,-1.5707963267948966,37.0,6.0
533.0,1117.0,0.0,39.0,6.0
517.0,1255.5,-3.141592653589793,44.0,12.0
