CoordX,CoordY,Orient,HalfLen,HalfWid
860.5,236.0,-1.5707963267948966,63.0,5.0
370.5,254.0,-1.5707963267948966,54.0,5.0
370.5,494.5,-1.5707963267948966,49.0,5.0
709.5,638.5,-3.141592653589793,51.0,6.0
924.0,637.5,-3.141592653589793,38.0,5.0
859.5,731.5,-1.5707963267948966,48.0,6.0
