CoordX,CoordY,Orient,HalfLen,HalfWid
886.5,337.0,0.0,29.0,6.0
608.5,402.0,-1.5707963267948966,43.0,23.0
951.5,453.0,-1.5707963267948966,65.0,6.0
802.5,653.0,-1.5707963267948966,31.0,6.0
860.0,815.0,0.0,39.0,6.0
1001.0,852.0,0.0,37.0,5.0
1437.0,902.0,-3.141592653589793,23.0,5.0
856.5,946.5,-3.141592653589793,39.0,10.0
