CoordX,CoordY,Orient,HalfLen,HalfWid
1020.5,415.0,0.0,43.0,16.0
555.5,583.0,1.5707963267948966,34.0,7.0
363.0,682.5,-3.141592653589793,36.0,7.0
476.5,759.5,-1.5707963267948966,29.0,7.0
1095.0,832.5,0.0,37.0,6.0
476.5,894.0,-1.5707963267948966,40.0,7.0
422.0,1182.5,0.0,42.0,7.0
416.0,1318.5,0.0,41.0,14.0
466.5,1618.5,-1.5707963267948966,42.0,9.0
