CoordX,CoordY,Orient,HalfLen,HalfWid
755.0,152.0,-1.5707963267948966,41.0,15.0
320.5,424.5,-3.141592653589793,42.0,5.0
914.3181299885975,424.6442417331813,0.008547989294905009,37.04138767398112,5.307541197926989
915.5,567.5,-3.141592653589793,37.0,5.0
675.5,617.5,-1.5707963267948966,44.0,5.0
807.5,618.0,-1.5707963267948966,41.0,5.0
732.5,667.5,-3.141592653589793,47.0,5.0
730.0,739.0,-3.141592653589793,47.0,16.0
