CoordX,CoordY,Orient,HalfLen,HalfWid
632.0,393.0,-3.141592653589793,48.0,21.0
452.0,859.5,-1.5707963267948966,47.0,6.0
632.0,974.5,-1.5707963267948966,49.0,14.0
738.5,1057.5727482678983,-3.141592653589793,42.0,10.0
452.0,1160.5,-1.5707963267948966,47.0,6.0
616.0,1251.5,0.0,47.0,10.0
