CoordX,CoordY,Orient,HalfLen,HalfWid
370.0,488.0,-3.141592653589793,45.0,14.0
433.5,808.0,-1.5707963267948966,40.0,4.0
397.5,1069.0,0.0,39.0,8.0
339.5,1250.5,-1.5707963267948966,39.0,3.0
263.0,1394.5,-3.141592653589793,45.0,9.0
