CoordX,CoordY,Orient,HalfLen,HalfWid
440.5,302.0,-3.141592653589793,41.0,11.0
580.5,956.0,-1.5707963267948966,33.0,5.0
244.5,941.5,-3.141592653589793,29.0,5.0
393.5,1001.5,-1.5707963267948966,37.0,5.0
453.0,1196.5,-3.141592653589793,42.0,5.0
621.5,1196.5,-3.141592653589793,27.0,5.0
454.5,1376.0,-3.141592653589793,41.0,11.0
