CoordX,CoordY,Orient,HalfLen,HalfWid
820.5,317.5,-1.5707963267948966,36.0,12.0
1251.0,503.0,0.0,35.0,6.0
1199.5,583.5,-1.5707963267948966,70.0,7.0
824.5,602.5,-1.5707963267948966,34.0,8.0
1071.0,926.0,-3.141592653589793,27.0,5.0
1199.5,984.5,-1.5707963267948966,34.0,7.0
879.5,1035.5,0.0,35.0,13.0
