CoordX,CoordY,Orient,HalfLen,HalfWid
1011.0,299.5,-3.141592653589793,46.0,8.0
699.0,593.0,-1.5707963267948966,47.0,10.0
802.0,697.0,-3.141592653589793,46.0,13.0
720.0697674418604,821.5422832980972,1.9735404664025284,35.43855513092459,7.2781313867544375
767.0,972.5,0.0,44.0,14.0
