CoordX,CoordY,Orient,HalfLen,HalfWid
422.0,404.0,-3.141592653589793,42.0,5.0
532.0,404.0,0.0,41.0,5.0
914.0,606.0,-1.5707963267948966,42.0,11.0
168.0,655.0,0.0,35.0,5.0
262.0,655.0,0.0,35.0,5.0
478.0,774.0,-1.5707963267948966,41.0,5.0
152.5,831.0,0.0,39.0,11.0
425.5,825.0,-3.141592653589793,41.0,5.0
