CoordX,CoordY,Orient,HalfLen,HalfWid
476.0,236.0,0.0,29.0,4.0
638.0,236.0,0.0,29.0,4.0
405.0,285.0,-1.5707963267948966,38.0,5.0
405.0,387.0,-1.5707963267948966,41.0,5.0
957.0,438.0,-3.141592653589793,108.0,5.0
1123.5,441.0,-3.141592653589793,35.0,8.0
584.0,551.0,-1.5707963267948966,29.0,5.0
531.0,630.0,0.0,41.0,5.0
103.5,703.5,0.0,30.0,7.0
532.0,703.5,0.0,42.0,7.0
