CoordX,CoordY,Orient,HalfLen,HalfWid
160.0,94.0,0.0,41.0,15.0
432.0,292.0,-1.5707963267948966,49.0,5.0
574.0,373.0,-3.141592653589793,51.0,7.0
569.5,588.5,0.0,48.0,7.0
432.0,666.0,-1.5707963267948966,48.0,5.0
115.0,1054.5,0.0,45.0,5.0
