CoordX,CoordY,Orient,HalfLen,HalfWid
388.0,174.0,-1.5707963267948966,33.0,8.0
440.0,471.0,0.0,32.0,5.0
388.0,520.5,-1.5707963267948966,38.0,8.0
388.0,672.5,-1.5707963267948966,28.0,8.0
447.0,749.5,0.0,42.0,7.0
