CoordX,CoordY,Orient,HalfLen,HalfWid
749.0,368.5,0.0,28.0,10.0
527.0,750.5,0.0,27.0,4.0
622.5,750.5,-3.141592653589793,26.0,4.0
476.5,813.5,-1.5707963267948966,28.0,4.0
692.5,879.0,-1.5707963267948966,27.0,4.0
692.5,1068.5,-1.5707963267948966,28.0,4.0
650.5,1153.5,0.0,27.0,10.0
