CoordX,CoordY,Orient,HalfLen,HalfWid
236.0,370.5,-3.141592653589793,46.0,7.0
776.866323907455,544.3907455012853,3.134186926087469,35.0582854988553,7.844261765830339
876.0,704.5,0.0,40.0,7.0
822.5,816.5,-1.5707963267948966,28.0,7.0
927.5,887.5,0.0,36.0,7.0
986.5,1002.0,-1.5707963267948966,40.0,7.0
365.0,1032.5,-3.141592653589793,39.0,7.0
463.0,1032.5,-3.141592653589793,33.0,7.0
366.5,1144.5,-3.141592653589793,40.0,7.0
416.5,1303.5,-1.5707963267948966,37.0,7.0
