CoordX,CoordY,Orient,HalfLen,HalfWid
855.5,262.0,-3.141592653589793,32.0,11.0
786.5,419.0,-1.5707963267948966,67.0,6.0
347.0,680.5,0.0,37.0,6.0
673.5,680.5,0.0,36.0,6.0
281.5,721.5,-1.5707963267948966,27.0,5.0
341.5,824.5,0.0,36.0,11.0
629.5,898.0,-1.5707963267948966,36.0,11.0
988.5,947.0,0.0,31.0,6.0
888.0,991.0,-1.5707963267948966,32.0,6.0
838.5,1027.0,-3.141592653589793,32.0,6.0
