CoordX,CoordY,Orient,HalfLen,HalfWid
943.0,401.5,-1.5707963267948966,43.0,8.0
169.5,406.0,-1.5707963267948966,38.0,11.0
301.0,455.5,-3.141592653589793,82.0,8.0
943.0,505.0,-1.5707963267948966,40.0,8.0
760.4926884139483,513.458942632171,1.570197667976431,36.00358550163357,5.978447208645453
761.5,727.5,-1.5707963267948966,32.0,5.0
815.0,857.5,0.0,44.0,10.0
