CoordX,CoordY,Orient,HalfLen,HalfWid
249.0,448.0,-3.141592653589793,36.0,8.0
244.5,593.0,-3.141592653589793,41.0,8.0
444.5,593.0,-3.141592653589793,41.0,8.0
