CoordX,CoordY,Orient,HalfLen,HalfWid
1286.5,211.0,-1.5707963267948966,45.0,8.0
562.0,352.5,-3.141592653589793,34.0,4.0
775.0,352.5,-3.141592653589793,33.0,4.0
515.5,455.0,-1.5707963267948966,35.0,3.0
566.5,509.0,0.0,39.0,4.0
515.5,652.5,-1.5707963267948966,33.0,3.0
567.5,719.0,-3.141592653589793,38.0,9.0
