CoordX,CoordY,Orient,HalfLen,HalfWid
635.0,253.5,-3.141592653589793,29.0,11.0
1043.0,400.5,-3.141592653589793,34.0,6.0
986.0,544.5,-1.5707963267948966,31.0,7.0
1092.0,589.0,0.0,34.0,6.0
575.0,634.5,-1.5707963267948966,34.0,6.0
218.0,632.0,-1.5707963267948966,25.0,5.0
1266.0,646.0,-1.5707963267948966,34.0,11.0
661.0,697.5,0.0,35.0,11.0
946.0,757.5,-3.141592653589793,25.0,5.0
