CoordX,CoordY,Orient,HalfLen,HalfWid
609.0,385.5,-3.141592653589793,41.0,17.0
650.0,856.5,-1.5707963267948966,40.0,7.0
593.0,1011.5,0.0,45.0,11.0
