CoordX,CoordY,Orient,HalfLen,HalfWid
474.0,366.5,0.0,42.0,14.0
386.0,851.5,-1.5707963267948966,44.0,8.0
741.5,1030.5,-1.5707963267948966,44.0,5.0
386.0,1132.0,-1.5707963267948966,45.0,8.0
321.0,1189.0,0.0,45.0,8.0
538.0,1190.0,-3.141592653589793,41.0,7.0
684.5,1190.0,-3.141592653589793,45.0,7.0
266.5,1306.5,-1.5707963267948966,44.0,7.0
687.0,1370.5,0.0,47.0,15.0
