CoordX,CoordY,Orient,HalfLen,HalfWid
540.5,307.5,0.0,37.0,11.0
426.5,586.0,-1.5707963267948966,39.0,4.0
426.5,768.0,-1.5707963267948966,31.0,4.0
273.0,838.5,0.0,29.0,4.0
393.5,890.5,-1.5707963267948966,39.0,4.0
742.0,1058.5,-3.141592653589793,45.0,6.0
