CoordX,CoordY,Orient,HalfLen,HalfWid
229.5,182.5,-1.5707963267948966,29.0,5.0
647.0,322.5,-1.5707963267948966,39.0,16.0
177.5,379.5,-3.141592653589793,30.0,9.0
578.5,385.0,-3.141592653589793,39.0,5.0
146.57238851557727,742.5174098961515,3.1402810324036925,40.01177018029245,9.052457090826536
156.0,1137.5,0.0,41.0,10.0
