CoordX,CoordY,Orient,HalfLen,HalfWid
557.5,624.5,-3.141592653589793,39.0,11.0
1176.5,625.0,-3.141592653589793,41.0,11.0
1194.5,921.0,0.0,35.0,6.0
1013.5,989.5,-1.5707963267948966,26.0,5.0
1073.5,1048.5,-3.141592653589793,34.0,5.0
1262.5,1048.5,-3.141592653589793,34.0,5.0
567.0,1229.5,-1.5707963267948966,36.0,5.0
1233.0,1198.5,-3.141592653589793,25.0,5.0
639.0,1285.0,0.0,44.0,5.0
636.5,1365.5,0.0,42.0,11.0
566.5,1523.0,-1.5707963267948966,40.0,5.0
