CoordX,CoordY,Orient,HalfLen,HalfWid
602.5,247.5,-3.141592653589793,33.0,11.0
1223.0,377.5,-1.5707963267948966,46.0,17.0
388.0,457.5,0.0,42.0,7.0
517.5,520.0,-1.5707963267948966,45.0,7.0
329.5,588.0,-1.5707963267948966,45.0,7.0
611.5,756.5,-3.141592653589793,40.0,7.0
813.5,892.0,-3.141592653589793,43.0,8.0
609.5,997.5,0.0,49.0,11.0
