CoordX,CoordY,Orient,HalfLen,HalfWid
805.5,471.0,-3.141592653589793,40.0,16.0
595.5,831.0,0.0,40.0,8.0
712.0,898.5,-1.5707963267948966,58.0,8.0
509.0,965.5,-1.5707963267948966,40.0,7.0
462.0,1141.5,0.0,35.0,8.0
645.5,1167.0,-3.141592653589793,47.0,7.0
645.5,1317.0,-3.141592653589793,47.0,18.0
506.0850409836066,1447.3227459016393,-2.363478611437127,41.764548768596114,6.070207659715575
