CoordX,CoordY,Orient,HalfLen,HalfWid
687.5,305.0,-1.5707963267948966,36.0,5.0
965.0,325.5,-1.5707963267948966,35.0,6.0
255.0,330.0,-1.5707963267948966,38.0,11.0
1161.6554404145077,323.1062176165803,1.5834455433267487,26.08646214742404,6.860302326709747
965.0,495.5,-1.5707963267948966,37.0,6.0
911.5,749.5,-3.141592653589793,39.0,7.0
