CoordX,CoordY,Orient,HalfLen,HalfWid
384.0,391.0,0.0,34.0,11.0
317.5,882.5,-1.5707963267948966,25.0,5.0
493.5,940.5,-1.5707963267948966,33.0,5.0
125.0,933.5,-3.141592653589793,25.0,5.0
317.5,977.0,-1.5707963267948966,33.0,5.0
537.0,1076.5,-3.141592653589793,34.0,5.0
392.0,1190.0,0.0,34.0,6.0
395.0,1263.0,0.0,34.0,11.0
503.0,1439.0,0.0,33.0,6.0
