CoordX,CoordY,Orient,HalfLen,HalfWid
317.5,331.0,-3.141592653589793,41.0,17.0
615.0,487.0,-1.5707963267948966,61.0,6.0
255.0,886.5,-1.5707963267948966,40.0,6.0
614.0,907.0,-1.5707963267948966,41.0,5.0
150.0,1018.0,-3.141592653589793,40.0,8.0
299.5,1016.0,0.0,34.0,6.0
418.5,1016.0,-3.141592653589793,44.0,6.0
424.5,1176.0,0.0,43.0,16.0
375.0,1334.0,-3.141592653589793,40.0,8.0
