CoordX,CoordY,Orient,HalfLen,HalfWid
478.0,285.5,-1.5707963267948966,57.0,8.0
1092.0,358.0,-1.5707963267948966,34.0,22.0
461.0,653.5,-1.5707963267948966,38.0,5.0
653.0,813.0,-1.5707963267948966,29.0,5.0
584.5,916.5,-3.141592653589793,37.0,5.0
