CoordX,CoordY,Orient,HalfLen,HalfWid
472.0,42.5,-3.141592653589793,26.0,11.0
424.5,486.0,-1.5707963267948966,36.0,5.0
424.5,575.0,-1.5707963267948966,31.0,5.0
169.5,645.0,-3.141592653589793,45.0,8.0
