CoordX,CoordY,Orient,HalfLen,HalfWid
267.0,367.0,-1.5707963267948966,31.0,12.0
845.0,428.5,-1.5707963267948966,31.0,5.0
915.0,538.0,-1.5707963267948966,32.0,5.0
726.0,616.0,-1.5707963267948966,31.0,5.0
537.0,821.5,-1.5707963267948966,31.0,5.0
598.0,882.0,-3.141592653589793,50.0,5.0
795.0,889.5,0.0,32.0,12.0
537.0,934.0,-1.5707963267948966,31.0,5.0
622.5,1003.0,0.0,30.0,5.0
