CoordX,CoordY,Orient,HalfLen,HalfWid
1101.5,63.0,0.0,108.0,11.0
1732.5,150.5,-1.5707963267948966,40.0,14.0
140.0,205.0,0.0,41.0,11.0
267.0,209.0,0.0,42.0,15.0
667.5,393.0,-1.5707963267948966,32.0,7.0
818.5,436.0,-3.141592653589793,32.0,8.0
2266.5,579.5,-1.5707963267948966,37.0,4.0
2194.0,630.5,-3.141592653589793,28.0,4.0
628.5,669.5,-1.5707963267948966,33.0,3.0
1814.5,722.5,-3.141592653589793,43.0,4.0
1814.0,837.0,-3.141592653589793,45.0,14.0
