CoordX,CoordY,Orient,HalfLen,HalfWid
849.5,316.0,0.0,46.0,18.0
183.0,320.5,0.0,45.0,16.0
994.5,701.5,-3.141592653589793,45.0,5.0
926.0,835.5,-1.5707963267948966,47.0,6.0
985.5,905.5,-3.141592653589793,46.0,5.0
442.0,983.0,-1.5707963267948966,40.0,5.0
872.0,1045.5,0.0,41.0,5.0
382.5,1222.0,0.0,45.0,17.0
