CoordX,CoordY,Orient,HalfLen,HalfWid
817.0,503.0,-3.141592653589793,41.0,6.0
487.0,555.5,-1.5707963267948966,41.0,11.0
1276.5,602.5,-1.5707963267948966,42.0,22.0
545.5,670.0,-3.141592653589793,45.0,11.0
882.0,671.5,-3.141592653589793,42.0,5.0
