CoordX,CoordY,Orient,HalfLen,HalfWid
838.5,284.5,-1.5707963267948966,40.0,5.0
577.5,364.0,-1.5707963267948966,31.0,5.0
382.0,375.5,-3.141592653589793,40.0,11.0
453.5,445.5,-1.5707963267948966,39.0,11.0
504.0,490.5,0.0,36.0,5.0
887.0,490.5,-3.141592653589793,40.0,5.0
787.5,861.5,-3.141592653589793,44.0,11.0
