CoordX,CoordY,Orient,HalfLen,HalfWid
865.0,858.0,-1.5707963267948966,42.0,15.0
315.0,982.0,-3.141592653589793,40.0,4.0
224.0,1084.5,0.0,32.0,5.0
267.0,1224.5,-1.5707963267948966,41.0,4.0
171.0,1582.0,0.0,47.0,8.0
