CoordX,CoordY,Orient,HalfLen,HalfWid
460.0,405.0,-3.141592653589793,44.0,19.0
370.5,1052.0,-1.5707963267948966,43.0,6.0
184.5,1173.5,-3.141592653589793,43.0,6.0
523.5,1217.0,-1.5707963267948966,43.0,6.0
461.5,1362.0,0.0,51.0,19.0
319.5,1473.5,-1.5707963267948966,44.0,12.0
