CoordX,CoordY,Orient,HalfLen,HalfWid
437.0,345.0,-1.5707963267948966,39.0,7.0
1132.0,414.5,-1.5707963267948966,40.0,8.0
990.0,470.5,0.0,64.0,8.0
544.5,580.0,-1.5707963267948966,31.0,7.0
721.0,582.0,-1.5707963267948966,29.0,6.0
439.0,763.0,-1.5707963267948966,41.0,5.0
488.5,927.5,0.0,42.0,8.0
