CoordX,CoordY,Orient,HalfLen,HalfWid
500.0,321.5,-3.141592653589793,33.0,4.0
652.5,321.5,-3.141592653589793,24.0,4.0
1246.0,374.5,-1.5707963267948966,37.0,11.0
719.0,389.5,-1.5707963267948966,36.0,5.0
413.5,396.0,-1.5707963267948966,37.0,4.0
492.5,517.0,-1.5707963267948966,37.0,4.0
609.0,766.0,0.0,36.0,11.0
