CoordX,CoordY,Orient,HalfLen,HalfWid
684.5,628.0,-1.5707963267948966,39.0,7.0
1075.5,830.0,-1.5707963267948966,40.0,7.0
1326.5,907.5,-1.5707963267948966,37.0,7.0
1123.5,1189.5,-1.5707963267948966,43.0,7.0
1326.5,1210.0,-1.5707963267948966,36.0,7.0
1192.0,1367.5,-3.141592653589793,44.0,7.0
