CoordX,CoordY,Orient,HalfLen,HalfWid
506.5,381.0,-3.141592653589793,44.0,20.0
810.0,716.0,-1.5707963267948966,50.0,5.0
429.5,972.5,-1.5707963267948966,40.0,5.0
188.0,1028.0,-3.141592653589793,31.0,6.0
429.5,1090.0,-1.5707963267948966,49.0,5.0
896.0,1200.5,-1.5707963267948966,49.0,5.0
938.1165919282511,1263.57399103139,-0.005772732303597004,32.02833031167607,4.86137188334037
483.0,1290.5,-3.141592653589793,45.0,6.0
485.0,1488.5,0.0,46.0,20.0
