CoordX,CoordY,Orient,HalfLen,HalfWid
469.0,383.0,0.0,36.0,11.0
315.0,680.5,-3.141592653589793,33.0,4.0
273.0,837.5,-1.5707963267948966,32.0,5.0
436.5,867.0,-1.5707963267948966,36.0,4.0
223.0,1007.5,0.0,26.0,4.0
384.0,1081.5,0.0,36.0,4.0
381.0,1161.0,0.0,37.0,11.0
316.0,1291.0,-1.5707963267948966,36.0,5.0
