CoordX,CoordY,Orient,HalfLen,HalfWid
429.0,138.0,-3.141592653589793,39.0,18.0
1020.0,538.0,0.0,38.0,5.0
1074.0,633.5,-1.5707963267948966,38.0,5.0
864.0,690.5,0.0,31.0,6.0
1020.5,690.5,-3.141592653589793,37.0,6.0
314.5,838.0,-1.5707963267948966,29.0,6.0
701.5,862.5,-1.5707963267948966,38.0,5.0
393.0,934.5,-3.141592653589793,34.0,6.0
513.5,982.5,-1.5707963267948966,37.0,6.0
585.5,1030.5,-3.141592653589793,42.0,5.0
570.5,1204.5,-3.141592653589793,44.0,17.0
