CoordX,CoordY,Orient,HalfLen,HalfWid
1089.5,299.5,0.0,32.0,7.0
473.5,414.5,-1.5707963267948966,41.0,7.0
1222.5,416.5,-1.5707963267948966,42.0,7.0
1222.5,589.5,-1.5707963267948966,35.0,7.0
1100.0,634.5,-3.141592653589793,46.0,7.0
1266.0,914.5,0.0,32.0,7.0
