CoordX,CoordY,Orient,HalfLen,HalfWid
365.0,254.5,-3.141592653589793,42.0,22.0
664.0,551.5,-1.5707963267948966,43.0,6.0
784.0,739.0,-1.5707963267948966,41.0,5.0
431.5,757.5,-1.5707963267948966,41.0,5.0
173.5,892.5,-3.141592653589793,47.0,13.0
