CoordX,CoordY,Orient,HalfLen,HalfWid
392.0,390.5,-1.5707963267948966,24.0,5.0
392.0,450.0,-1.5707963267948966,18.0,5.0
392.0,495.0,-1.5707963267948966,19.0,5.0
261.0,543.5,-1.5707963267948966,33.0,5.0
392.0,540.0,-1.5707963267948966,20.0,5.0
329.957416939635,664.0102948058026,0.0006941080451531588,46.00692999881712,11.030538101711615
