CoordX,CoordY,Orient,HalfLen,HalfWid
459.5,494.0,0.0,40.0,6.0
400.0,541.5,-1.5707963267948966,38.0,6.0
1378.0,579.5,0.0,30.0,10.0
1545.0,724.5,-1.5707963267948966,30.0,7.0
464.0,735.0,-1.5707963267948966,40.0,6.0
1668.0,725.0,-1.5707963267948966,29.0,7.0
1601.5,778.5,0.0,41.0,10.0
598.5,818.5,-3.141592653589793,39.0,8.0
671.0,908.0,-1.5707963267948966,45.0,9.0
