CoordX,CoordY,Orient,HalfLen,HalfWid
519.5,767.0,-1.5707963267948966,29.0,6.0
519.5,893.5,-1.5707963267948966,30.0,6.0
473.0,996.5,-3.141592653589793,34.0,10.0
