CoordX,CoordY,Orient,HalfLen,HalfWid
459.5,187.0,0.0,35.0,15.0
406.0,645.5,-1.5707963267948966,32.0,5.0
608.0,688.5,-1.5707963267948966,32.0,4.0
648.0,731.0,0.0,31.0,4.0
192.5,734.0,-3.141592653589793,30.0,4.0
406.0,847.0,1.5707963267948966,39.0,5.0
648.0,924.5,-3.139682145379075,29.013320623751916,6.944582520452304
463.0,975.0,-3.141592653589793,43.0,4.0
464.5,1107.0,0.0,42.0,15.0
