CoordX,CoordY,Orient,HalfLen,HalfWid
409.0,188.5,-3.141592653589793,36.0,12.0
711.5,239.5,-1.5707963267948966,36.0,5.0
849.5,519.5,-3.141592653589793,33.0,5.0
547.5,558.0,-1.5707963267948966,28.0,5.0
881.0,653.5,0.0,37.0,10.0
