CoordX,CoordY,Orient,HalfLen,HalfWid
953.5,350.0,-1.5707963267948966,38.0,16.0
252.5,383.5,-1.5707963267948966,30.0,4.0
252.5,596.5,-1.5707963267948966,33.0,4.0
363.0,671.5,-3.141592653589793,42.0,8.0
