CoordX,CoordY,Orient,HalfLen,HalfWid
236.5,124.0,-1.5707963267948966,28.0,4.0
676.5,328.0,0.0,33.0,11.0
551.0,334.5,-3.141592653589793,32.0,4.0
241.5,488.5,-3.141592653589793,24.0,3.0
216.0,670.5,0.0,28.0,3.0
407.5,711.5,-1.5707963267948966,31.0,4.0
221.5,801.0,0.0,34.0,11.0
372.5,793.5,-3.141592653589793,24.0,3.0
