CoordX,CoordY,Orient,HalfLen,HalfWid
991.5,305.0,-1.5707963267948966,36.0,16.0
491.5,297.5,-3.141592653589793,31.0,5.0
399.5,354.5,-1.5707963267948966,37.0,5.0
548.0,351.0,-1.5707963267948966,33.0,5.0
802.5,405.0,0.0,29.0,6.0
399.5,456.5,-1.5707963267948966,37.0,5.0
548.0,498.0,-1.5707963267948966,30.0,5.0
461.5,711.5,-3.141592653589793,35.0,6.0
