CoordX,CoordY,Orient,HalfLen,HalfWid
437.5129932627527,596.4937439846005,3.1410173446081378,40.01092425044016,18.976984497689276
250.5,1027.5,-1.5707963267948966,29.0,6.0
250.5,1206.5,-1.5707963267948966,29.0,6.0
441.0,1228.5,-1.5707963267948966,39.0,5.0
198.5,1334.5,-3.141592653589793,35.0,5.0
312.5,1413.0,-3.141592653589793,45.0,5.0
312.0,1512.5,-3.141592653589793,46.0,8.0
252.0,1565.0,-1.5707963267948966,40.0,5.0
