CoordX,CoordY,Orient,HalfLen,HalfWid
778.0,120.5,-1.5707963267948966,26.0,5.0
233.0,351.5,-1.5707963267948966,26.0,11.0
827.5,425.0,0.0,26.0,5.0
618.0,467.5,-1.5707963267948966,26.0,5.0
913.0,468.0,-1.5707963267948966,26.0,5.0
827.0,683.0,0.0,26.0,11.0
