CoordX,CoordY,Orient,HalfLen,HalfWid
748.0,194.0,0.0,36.0,11.0
636.0,276.5,-1.5707963267948966,35.0,9.0
484.5,548.0,-3.141592653589793,35.0,4.0
636.0,597.0,-1.5707963267948966,41.0,9.0
327.0,597.0,-1.5707963267948966,40.0,9.0
458.0,714.5,0.0,41.0,8.0
