CoordX,CoordY,Orient,HalfLen,HalfWid
372.5,237.0,-3.141592653589793,30.0,4.0
521.0,237.0,0.0,29.0,4.0
817.5,400.5,-3.141592653589793,34.0,7.0
914.5,400.5,-3.141592653589793,39.0,7.0
368.5,403.0,0.0,30.0,5.0
520.0,403.0,-3.141592653589793,29.0,5.0
1640.5,404.0,-3.141592653589793,40.0,4.0
799.0,803.0,-3.141592653589793,77.0,4.0
796.0,936.0,0.0,75.0,13.0
