CoordX,CoordY,Orient,HalfLen,HalfWid
800.0,161.5,-1.5707963267948966,31.0,4.0
510.0,309.0,0.0,28.0,4.0
676.5,309.0,0.0,27.0,4.0
994.0,374.5,-1.5707963267948966,58.0,4.0
450.5,362.0,-1.5707963267948966,36.0,4.0
932.0,493.0,-3.141592653589793,40.0,4.0
807.5,531.5,-1.5707963267948966,28.0,3.0
450.5,583.5,-1.5707963267948966,36.0,4.0
927.0,582.0,-3.141592653589793,40.0,10.0
450.5,885.5,-1.5707963267948966,36.0,4.0
450.5,1043.5,-1.5707963267948966,30.0,4.0
