CoordX,CoordY,Orient,HalfLen,HalfWid
932.0,372.5,-1.5707963267948966,29.0,8.0
932.0,461.5,-1.5707963267948966,39.0,8.0
232.5,552.5,-1.5707963267948966,37.0,14.0
929.0,649.0,-1.5707963267948966,38.0,5.0
759.0,658.0,-1.5707963267948966,39.0,8.0
1222.0,758.5,-3.141592653589793,34.0,4.0
929.0,877.0,-1.5707963267948966,34.0,5.0
876.5,922.0,-3.141592653589793,43.0,6.0
