CoordX,CoordY,Orient,HalfLen,HalfWid
860.5,682.0,-1.5707963267948966,40.0,6.0
867.0,866.0,-1.5707963267948966,46.0,13.0
667.5,855.5,-1.5707963267948966,30.0,4.0
