CoordX,CoordY,Orient,HalfLen,HalfWid
697.0,563.0,0.0,28.0,10.0
851.0,563.0,-3.141592653589793,26.0,10.0
961.0,619.0,-1.5707963267948966,24.0,11.0
213.5,633.0,-1.5707963267948966,29.0,11.0
878.0,685.0,-3.141592653589793,27.0,9.0
647.0,721.0,-1.5707963267948966,27.0,10.0
710.5,919.5,0.0,37.0,12.0
