CoordX,CoordY,Orient,HalfLen,HalfWid
1237.5,402.0,-1.5707963267948966,40.0,19.0
1751.5,750.0,-1.5707963267948966,52.0,3.0
356.5,804.5,-1.5707963267948966,42.0,18.0
1563.5,802.0,-3.141592653589793,37.0,6.0
1636.5,871.0,-1.5707963267948966,35.0,7.0
1751.5,885.5,-1.5707963267948966,35.0,3.0
1348.5,958.0,0.0,39.0,6.0
1242.0,1085.5,0.0,39.0,6.0
1667.0,1085.5,0.0,37.0,6.0
1760.5,1085.5,0.0,27.0,6.0
831.0,1153.5,0.0,43.0,14.0
