CoordX,CoordY,Orient,HalfLen,HalfWid
811.5,365.5,0.0,39.0,6.0
914.5,365.5,-3.141592653589793,35.0,6.0
195.0,409.5,-1.5707963267948966,44.0,15.0
1053.5,450.0,-1.5707963267948966,40.0,6.0
924.0,564.5,-1.5707963267948966,41.0,7.0
660.0,653.0,-3.141592653589793,35.0,7.0
613.0058187863674,758.4663341645885,-1.5713569205352689,39.99663015242727,7.978135588209284
843.5,839.5,0.0,42.0,14.0
