CoordX,CoordY,Orient,HalfLen,HalfWid
497.0,272.5,-3.141592653589793,46.0,15.0
1032.0,347.0,-1.5707963267948966,46.0,7.0
322.0,461.5,-3.141592653589793,40.0,8.0
378.5,655.5,-1.5707963267948966,41.0,4.0
1180.0,689.0,0.0,42.0,7.0
584.5,818.5,-3.141592653589793,51.0,11.0
