CoordX,CoordY,Orient,HalfLen,HalfWid
226.99224233468786,356.51200591060217,-1.5696664566102418,32.02257697318113,20.036143072151177
789.5,605.5,-3.141592653589793,37.0,9.0
