CoordX,CoordY,Orient,HalfLen,HalfWid
598.5,497.5,0.0,46.0,24.0
522.0,613.5,-1.5707963267948966,41.0,5.0
522.0,1032.0,-1.5707963267948966,32.0,5.0
237.0,1145.0,0.0,41.0,5.0
452.0,1264.5,-1.5707963267948966,41.0,5.0
535.5,1411.0,0.0,46.0,10.0
