CoordX,CoordY,Orient,HalfLen,HalfWid
277.0,79.5,-1.5707963267948966,35.0,6.0
102.0,321.0,0.0,31.0,4.0
693.5,366.5,-1.5707963267948966,41.0,20.0
277.0,374.5,-1.5707963267948966,41.0,6.0
130.0,443.0,0.0,44.0,9.0
