CoordX,CoordY,Orient,HalfLen,HalfWid
1073.5,441.0,-3.141592653589793,46.0,5.0
1184.0,441.0,0.0,46.0,5.0
1315.0,562.0,-1.5707963267948966,41.0,5.0
1252.0,816.5,-1.5707963267948966,41.0,5.0
1144.5,870.5,-3.141592653589793,44.0,9.0
