CoordX,CoordY,Orient,HalfLen,HalfWid
895.0,262.0,0.0,31.0,4.0
991.0,308.5,-1.5707963267948966,35.0,4.0
181.5,347.5,-1.5707963267948966,39.0,12.0
1226.5,355.5,-3.141592653589793,35.0,7.0
991.0,474.0,-1.5707963267948966,36.0,4.0
1227.0,584.0,-3.141592653589793,35.0,4.0
991.0,619.0,-1.5707963267948966,25.0,4.0
1184.5,674.0,-1.5707963267948966,55.0,3.0
863.5,692.5,0.0,41.0,11.0
