CoordX,CoordY,Orient,HalfLen,HalfWid
519.5,263.5,-3.141592653589793,36.0,3.0
1207.0,342.0,-1.5707963267948966,44.0,14.0
643.5,373.5,-1.5707963267948966,44.0,5.0
410.0,376.0,-1.5707963267948966,41.0,3.0
410.0,724.5,-1.5707963267948966,41.0,3.0
461.5,859.5,0.0,40.0,8.0
