CoordX,CoordY,Orient,HalfLen,HalfWid
228.5,126.0,-3.141592653589793,44.0,14.0
294.0,186.0,-1.5707963267948966,42.0,6.0
166.0,477.0,0.0,38.0,7.0
374.5,609.0,-1.5707963267948966,42.0,4.0
488.5,700.0,-2.2742794286898502,42.97843948735303,4.985352468174512
165.5,679.5,0.0,38.0,4.0
719.0,790.0,-1.5707963267948966,44.0,6.0
600.0,848.0,-3.141592653589793,42.0,6.0
215.0,941.0,-1.5707963267948966,38.0,4.0
605.0,997.5,-3.141592653589793,48.0,15.0
359.0,1051.0,-1.5707963267948966,35.0,7.0
