CoordX,CoordY,Orient,HalfLen,HalfWid
408.5,255.0,0.0,35.0,10.0
289.5,585.0,0.0,35.0,5.0
339.0,645.0,1.5707963267948966,39.0,5.0
240.0,690.5,-1.5707963267948966,33.0,5.0
339.0,789.0,-1.5707963267948966,38.0,5.0
149.0,883.0,-1.5707963267948966,31.0,5.0
199.0,1016.5,0.0,35.0,9.0
