CoordX,CoordY,Orient,HalfLen,HalfWid
226.5,356.0,-1.5707963267948966,37.0,7.0
891.5,428.5,0.0,38.0,7.0
948.5,481.5,-1.5707963267948966,39.0,3.0
635.5,504.0,-1.5707963267948966,38.0,7.0
789.5,694.5,-1.5707963267948966,27.0,3.0
724.5,826.5,-3.141592653589793,41.0,7.0
