CoordX,CoordY,Orient,HalfLen,HalfWid
604.0,249.0,0.0,41.0,10.0
536.0,327.0,-1.5707963267948966,67.0,5.0
648.5,937.5,-1.5707963267948966,40.0,4.0
1083.5,963.5,-1.5707963267948966,40.0,4.0
711.0,993.5,-3.141592653589793,41.0,3.0
1031.5,1060.0,0.0,41.0,10.0
824.0,1098.5,-1.5707963267948966,30.0,4.0
