CoordX,CoordY,Orient,HalfLen,HalfWid
1018.5,411.5,-1.5707963267948966,39.0,7.0
743.5,437.0,-3.141592653589793,40.0,5.0
604.5,488.5,-1.5707963267948966,39.0,4.0
805.5,525.0,-1.5707963267948966,40.0,4.0
604.5,605.5,-1.5707963267948966,40.0,4.0
1174.5,1207.5,-1.5707963267948966,46.0,16.0
618.5,1378.5,-1.5707963267948966,30.0,4.0
432.0,1412.0,-1.5707963267948966,39.0,4.0
560.5,1516.5,-3.141592653589793,44.0,23.0
630.5,1639.5,-1.5707963267948966,40.0,7.0
