CoordX,CoordY,Orient,HalfLen,HalfWid
1248.0,316.0,-3.141592653589793,39.0,13.0
410.8804440649018,446.43680614859096,-1.5733528975561488,110.0098667891277,5.138038330592466
709.5,469.5,-1.5707963267948966,34.0,7.0
561.5,559.5,0.0,38.0,4.0
1132.5,724.5,-1.5707963267948966,39.0,5.0
617.0,815.5,-0.7604232607965834,39.03766737160167,5.390781593070386
501.5,999.0,0.0,44.0,5.0
1334.5,1090.5,-1.5707963267948966,58.0,5.0
501.0,1156.0,-3.141592653589793,45.0,15.0
1278.5,1168.5,0.0,36.0,11.0
