CoordX,CoordY,Orient,HalfLen,HalfWid
624.5,280.0,0.0,28.0,5.0
719.0,330.0,-1.5707963267948966,41.0,6.0
159.5,342.0,-1.5707963267948966,38.0,20.0
584.5,358.0,-1.5707963267948966,38.0,4.0
959.5,384.0,0.0,34.0,4.0
719.0,488.5,-1.5707963267948966,36.0,6.0
668.0,668.5,-3.141592653589793,40.0,12.0
