CoordX,CoordY,Orient,HalfLen,HalfWid
429.0,63.5,-3.141592653589793,35.0,19.0
286.0,396.5,-3.141592653589793,37.0,5.0
237.0,478.5,-1.5707963267948966,36.0,6.0
407.5,509.0,-3.141592653589793,35.0,8.0
451.0,557.0,-1.5707963267948966,35.0,6.0
158.0,729.5,-3.141592653589793,40.0,8.0
