CoordX,CoordY,Orient,HalfLen,HalfWid
702.5,201.5,-3.141592653589793,30.0,4.0
267.5,298.0,-1.5707963267948966,41.0,14.0
715.0,555.5,-3.141592653589793,40.0,4.0
712.0,748.5,-3.141592653589793,46.0,8.0
