CoordX,CoordY,Orient,HalfLen,HalfWid
1034.0,189.0,-1.5707963267948966,33.0,5.0
786.5,293.5,0.0,40.0,4.0
970.0,293.5,-3.141592653589793,35.0,4.0
1187.0,338.5,-1.5707963267948966,40.0,5.0
284.5,350.5,-1.5707963267948966,40.0,9.0
1187.0,439.5,-1.5707963267948966,42.0,5.0
931.5,594.5,-1.5707963267948966,37.0,4.0
860.5,670.5,-3.141592653589793,40.0,11.0
