CoordX,CoordY,Orient,HalfLen,HalfWid
879.0,246.5,-3.141592653589793,46.0,11.0
746.0,439.5,-1.5707963267948966,46.0,5.0
316.0,522.5,0.0,45.0,5.0
658.5,579.5,-3.141592653589793,34.0,4.0
434.5,747.0,-3.141592653589793,30.0,8.0
746.0,795.0,-1.5707963267948966,33.0,5.0
649.5,1022.0,-1.5707963267948966,40.0,4.0
730.0,1083.0,0.0,34.0,5.0
841.0,1083.0,-3.141592653589793,49.0,5.0
842.0,1220.5,0.0,48.0,11.0
