CoordX,CoordY,Orient,HalfLen,HalfWid
1505.5419982316535,679.5048629531389,-0.0004170927652854289,46.997910448024285,5.980813211454047
1388.0,680.5,3.1408721594352964,47.00431076542557,5.9661352203330305
1588.0,834.5,-1.5707963267948966,36.0,7.0
1689.0,953.0,-3.141592653589793,34.0,7.0
424.5,1029.0,-1.5707963267948966,67.0,13.0
1398.0,1053.5,-1.5707963267948966,47.0,6.0
1460.0,1146.5,-3.141592653589793,48.0,10.0
