CoordX,CoordY,Orient,HalfLen,HalfWid
654.5,334.0,0.0,33.0,5.0
592.0,382.5,-1.5707963267948966,34.0,5.0
203.0,430.0,0.0,34.0,5.0
638.0,807.0,-3.141592653589793,39.0,11.0
220.0,865.0,-1.5707963267948966,38.0,11.0
