CoordX,CoordY,Orient,HalfLen,HalfWid
516.0,671.5,-3.141592653589793,40.0,13.0
577.0,783.0,-1.5707963267948966,97.0,5.0
637.5,982.0,-3.141592653589793,39.0,5.0
727.0,1089.5,-1.5707963267948966,35.0,5.0
829.0,1146.0,-3.141592653589793,30.0,5.0
581.0,1257.5,-1.5707963267948966,30.0,5.0
343.5,1358.0,0.0,31.0,5.0
581.0,1409.0,-1.5707963267948966,38.0,5.0
727.5,1408.5,-1.5707963267948966,37.0,5.0
666.0,1513.0,0.0,44.0,5.0
665.0,1669.5,-3.141592653589793,44.0,12.0
