CoordX,CoordY,Orient,HalfLen,HalfWid
459.5,623.5,0.0,46.0,18.0
367.5,953.0,-1.5707963267948966,45.0,4.0
367.5,1194.5,-1.5707963267948966,38.0,4.0
199.0,1243.5,-3.141592653589793,39.0,5.0
473.5,1297.5,-1.5707963267948966,50.0,4.0
223.0,1376.5,-3.141592653589793,40.0,4.0
295.5,1429.5,-1.5707963267948966,44.0,4.0
408.0,1490.5,0.0,47.0,4.0
408.5,1611.0,0.0,50.0,15.0
327.5,1735.5,-1.5707963267948966,49.0,7.0
