CoordX,CoordY,Orient,HalfLen,HalfWid
181.5,214.5,-3.141592653589793,34.0,7.0
386.5,395.0,0.0,40.0,6.0
545.0,575.5,-1.5707963267948966,41.0,13.0
173.0,559.0,-3.141592653589793,40.0,6.0
179.0,728.0,0.0,45.0,6.0
179.0,873.0,0.0,45.0,10.0
