CoordX,CoordY,Orient,HalfLen,HalfWid
310.5,241.5,-3.141592653589793,41.0,17.0
368.0,571.5,-1.5707963267948966,39.0,5.0
226.5,629.5,0.0,36.0,6.0
251.5,916.5,0.0,34.0,9.0
453.5,977.0,-1.5707963267948966,41.0,7.0
534.5,1106.0,-3.141592653589793,46.0,17.0
