CoordX,CoordY,Orient,HalfLen,HalfWid
821.9846659364732,279.0646221248631,-1.572358677872898,30.009337488548493,7.043737269095827
755.0,322.5,-3.141592653589793,35.0,4.0
1405.5,368.0,-1.5707963267948966,41.0,15.0
585.5,814.5,-1.5707963267948966,40.0,4.0
689.0,937.5,0.0,40.0,9.0
