CoordX,CoordY,Orient,HalfLen,HalfWid
577.0,201.0,-1.5707963267948966,31.0,3.0
1186.0,338.5,-1.5707963267948966,40.0,16.0
621.0,361.0,-3.141592653589793,32.0,4.0
481.5,413.5,-1.5707963267948966,39.0,3.0
773.0,488.0,-1.5707963267948966,40.0,4.0
481.5,514.0,-1.5707963267948966,39.0,3.0
555.5,574.0,-3.141592653589793,33.0,4.0
654.0,756.5,0.0,43.0,9.0
