CoordX,CoordY,Orient,HalfLen,HalfWid
333.5,136.0,-3.141592653589793,38.0,8.0
478.5,561.0,-3.141592653589793,37.0,6.0
549.5,632.5,-1.5707963267948966,29.0,4.0
171.5,639.0,-1.5707963267948966,28.0,4.0
330.5,649.5,-1.5707963267948966,38.0,4.0
445.5,775.0,-1.5707963267948966,38.0,4.0
330.5,838.0,-1.5707963267948966,38.0,4.0
388.5,933.5,-3.141592653589793,43.0,4.0
390.0,1035.0,-3.141592653589793,43.0,8.0
