CoordX,CoordY,Orient,HalfLen,HalfWid
897.5,183.5,0.0,29.0,4.0
937.0,232.5,-1.5707963267948966,39.0,5.0
836.5,231.0,-1.5707963267948966,34.0,5.0
363.0,299.0,0.0,36.0,6.0
222.0,350.5,-1.5707963267948966,38.0,18.0
937.5,574.0,-1.5707963267948966,40.0,5.0
937.5,694.0,-1.5707963267948966,40.0,5.0
880.5,887.0,-3.141592653589793,45.0,12.0
