CoordX,CoordY,Orient,HalfLen,HalfWid
320.0,196.0,-1.5707963267948966,38.0,7.0
718.0,247.5,-1.5707963267948966,34.0,7.0
137.5,320.0,-1.5707963267948966,43.0,10.0
623.5,318.0,-3.141592653589793,32.0,6.0
516.0,358.0,-1.5707963267948966,28.0,5.0
678.0,499.0,-3.141592653589793,30.0,7.0
819.5,556.5,-1.5707963267948966,37.0,6.0
695.5,767.5,0.0,36.0,6.0
689.0,872.5,0.0,43.0,12.0
