CoordX,CoordY,Orient,HalfLen,HalfWid
610.5,222.0,-1.5707963267948966,81.0,6.0
1321.5,322.0,0.0,38.0,14.0
263.0,397.0,-1.5707963267948966,31.0,7.0
465.0,410.5,-1.5707963267948966,34.0,6.0
778.0,472.0,0.0,43.0,14.0
1567.0,517.5,-3.141592653589793,30.0,6.0
531.5,636.0,-3.141592653589793,36.0,7.0
639.5,695.5,-1.5707963267948966,41.0,8.0
782.0,757.0,0.0,44.0,14.0
1328.0,823.0,0.0,38.0,8.0
323.0,878.5,-1.5707963267948966,39.0,7.0
813.5,1325.0,0.0,42.0,7.0
