CoordX,CoordY,Orient,HalfLen,HalfWid
360.5,228.5,-3.141592653589793,42.0,7.0
479.5,682.5,-1.5707963267948966,41.0,7.0
536.0,768.5,-3.141592653589793,33.0,7.0
401.5,841.5,0.0,47.0,7.0
403.0,932.5,-3.141592653589793,47.0,7.0
