CoordX,CoordY,Orient,HalfLen,HalfWid
1079.5,325.5,-1.5707963267948966,41.0,8.0
265.0,422.0,0.0,23.0,4.0
324.0,422.0,-3.141592653589793,25.0,4.0
582.0,467.0,0.0,62.0,14.0
135.5,482.5,-3.141592653589793,30.0,4.0
439.5,482.5,-3.141592653589793,41.0,4.0
79.5,518.0,-1.5707963267948966,24.0,3.0
655.5,554.0,-1.5707963267948966,41.0,4.0
79.5,576.5,-1.5707963267948966,23.0,3.0
194.5,613.5,0.0,29.0,4.0
414.5,672.5,-1.5707963267948966,24.0,4.0
355.5,824.0,-3.141592653589793,44.0,11.0
