CoordX,CoordY,Orient,HalfLen,HalfWid
174.0,107.0,-3.141592653589793,42.0,16.0
597.5,236.0,-1.5707963267948966,41.0,5.0
109.0,599.5,-3.141592653589793,47.0,9.0
