CoordX,CoordY,Orient,HalfLen,HalfWid
697.0,338.5,0.0,40.0,16.0
852.0,637.5,-1.5707963267948966,39.0,6.0
539.5,797.0,-1.5707963267948966,30.0,6.0
363.5,884.0,0.0,29.0,6.0
539.5,943.5,-1.5707963267948966,39.0,6.0
992.5,914.5,-3.141592653589793,30.0,4.0
941.0,1007.0,-1.5707963267948966,34.0,6.0
605.5,1057.0,-3.141592653589793,44.0,6.0
605.0,1228.0,0.0,44.0,14.0
