CoordX,CoordY,Orient,HalfLen,HalfWid
1279.0,529.0,-3.141592653589793,47.0,10.0
1368.0,602.0,-1.5707963267948966,42.0,10.0
687.0,779.0,-1.5707963267948966,48.0,10.0
1368.0,836.5,-1.5707963267948966,39.0,10.0
533.0,840.0,-3.141592653589793,46.0,10.0
766.0,840.0,-3.141592653589793,39.0,10.0
