CoordX,CoordY,Orient,HalfLen,HalfWid
961.5,126.0,0.0,33.0,18.0
412.5,250.0,-3.141592653589793,22.0,5.0
962.0,290.0,0.0,35.0,6.0
420.5,396.0,-3.141592653589793,39.0,7.0
1222.5,396.0,0.0,31.0,6.0
1270.0,444.0,-1.5707963267948966,30.0,6.0
1169.0,582.5,0.0,32.0,5.0
944.5,950.0,-3.141592653589793,51.0,16.0
