CoordX,CoordY,Orient,HalfLen,HalfWid
301.5,61.0,-3.141592653589793,76.0,20.0
213.5,791.0,-1.5707963267948966,40.0,7.0
138.0,862.5,0.0,47.0,10.0
