CoordX,CoordY,Orient,HalfLen,HalfWid
345.5,246.0,0.0,45.0,16.0
665.0,604.0,-1.5707963267948966,33.0,5.0
665.0,749.5,-1.5707963267948966,33.0,5.0
602.5,836.5,-3.141592653589793,49.0,8.0
