CoordX,CoordY,Orient,HalfLen,HalfWid
511.5,317.5,-3.141592653589793,45.0,15.0
874.0,317.5,-3.141592653589793,37.0,15.0
826.0,548.0,-1.5707963267948966,35.0,6.0
872.5,655.0,0.0,34.0,6.0
472.0,906.0,-1.5707963267948966,33.0,6.0
904.0,935.0,-3.141592653589793,31.0,6.0
217.0,954.0,-3.141592653589793,30.0,6.0
652.0,993.5,-1.5707963267948966,44.0,6.0
472.0,1009.0,-1.5707963267948966,41.0,6.0
589.5,1194.0,-3.141592653589793,42.0,6.0
591.5,1334.5,-3.141592653589793,41.0,18.0
