CoordX,CoordY,Orient,HalfLen,HalfWid
498.0,134.0,-3.141592653589793,43.0,24.0
333.0,622.0,-1.5707963267948966,42.0,7.0
495.5,740.5,0.0,47.0,10.0
