CoordX,CoordY,Orient,HalfLen,HalfWid
908.0,241.5,0.0,31.0,6.0
1038.0,295.0,-1.5707963267948966,43.0,6.0
180.5,410.0,-1.5707963267948966,45.0,8.0
1038.0,413.0,-1.5707963267948966,44.0,6.0
1038.0,876.5,-1.5707963267948966,43.0,6.0
970.0,1040.0,0.0,46.0,8.0
