CoordX,CoordY,Orient,HalfLen,HalfWid
1361.0,576.5,-1.5707963267948966,43.0,11.0
626.5,658.5,-3.141592653589793,41.0,9.0
735.0,658.5,0.0,40.0,9.0
515.0,720.5,-1.5707963267948966,39.0,7.0
631.5,786.0,-3.141592653589793,35.0,7.0
741.0,1066.5,-3.141592653589793,42.0,9.0
