CoordX,CoordY,Orient,HalfLen,HalfWid
907.5,395.5,0.0,40.0,6.0
1038.0,395.5,-3.141592653589793,41.0,6.0
1166.5,462.5,-1.5707963267948966,40.0,7.0
851.5,486.5,-1.5707963267948966,40.0,7.0
908.0,539.5,-3.141592653589793,46.0,7.0
1022.5,622.0,-3.141592653589793,35.0,7.0
1566.0,729.5,-3.141592653589793,47.0,7.0
