CoordX,CoordY,Orient,HalfLen,HalfWid
308.5,225.0,0.0,39.0,17.0
448.0,672.5,-3.141592653589793,40.0,5.0
713.5,672.5,-3.141592653589793,39.0,5.0
477.5,888.5,-3.141592653589793,39.0,5.0
580.0,888.5,-3.141592653589793,34.0,5.0
714.0,888.5,-3.141592653589793,40.0,5.0
809.0,888.5,-3.141592653589793,34.0,5.0
477.0,1068.5,0.0,40.0,18.0
