CoordX,CoordY,Orient,HalfLen,HalfWid
526.0,197.0,0.0,37.0,11.0
302.0,624.0,0.0,38.0,5.0
431.0,676.5,-1.5707963267948966,37.0,5.0
431.0,786.5,-1.5707963267948966,37.0,5.0
266.5,844.0,0.0,32.0,5.0
122.0,1072.0,0.0,37.0,11.0
