CoordX,CoordY,Orient,HalfLen,HalfWid
418.0,564.5,-1.5707963267948966,39.0,16.0
1268.0,596.5,-3.141592653589793,40.0,4.0
1318.5,679.5,-1.5707963267948966,35.0,4.0
601.0,684.0,0.0,111.0,5.0
922.0,727.0,-2.370413389342774,39.67440844145238,5.093261707473193
1318.5,843.0,-1.5707963267948966,39.0,4.0
960.0,909.5,-1.5707963267948966,34.0,10.0
1138.0,1103.5,-1.5707963267948966,34.0,4.0
1209.5,1227.5,-3.141592653589793,45.0,8.0
