CoordX,CoordY,Orient,HalfLen,HalfWid
453.5,229.5,0.0,38.0,13.0
404.5141065830721,547.4028213166144,1.5694713674229146,31.00527262542252,4.041070217479671
511.5,722.5,-1.5707963267948966,37.0,4.0
304.5,810.5,0.0,32.0,4.0
346.5,860.0,-1.5707963267948966,40.0,4.0
456.0,911.5,-3.141592653589793,38.0,4.0
456.0,1029.5,-3.141592653589793,39.0,13.0
