CoordX,CoordY,Orient,HalfLen,HalfWid
1272.5,459.5,-1.5707963267948966,44.0,14.0
1149.0,539.5,-3.141592653589793,46.0,7.0
686.5,540.0,-3.141592653589793,40.0,7.0
901.0,581.5,-1.5707963267948966,30.0,5.0
1021.0,581.5,-1.5707963267948966,29.0,5.0
637.5,721.5,-1.5707963267948966,41.0,4.0
418.0,771.0,0.0,48.0,5.0
739.0,864.0,-1.5707963267948966,31.0,5.0
788.5,959.0,-3.141592653589793,41.0,8.0
