CoordX,CoordY,Orient,HalfLen,HalfWid
359.0,209.0,0.0,38.0,11.0
868.5,485.5,0.0,38.0,5.0
761.0,583.5,-3.141592653589793,39.0,5.0
953.5,630.5,-1.5707963267948966,39.0,5.0
442.5,635.5,-1.5707963267948966,34.0,5.0
894.0,752.0,-3.141592653589793,39.0,11.0
