CoordX,CoordY,Orient,HalfLen,HalfWid
1186.0,247.5,-1.5707963267948966,32.0,7.0
923.5,371.0,-1.5707963267948966,32.0,7.0
715.0,370.5,-1.5707963267948966,29.0,7.0
978.0,518.0,0.0,38.0,7.0
1026.0,591.0,-1.5707963267948966,28.0,7.0
949.0,732.0,-1.5707963267948966,42.0,7.0
828.0,1118.0,-1.5707963267948966,46.0,7.0
997.0,1120.5,-1.5707963267948966,37.0,7.0
943.0,1174.0,0.0,42.0,7.0
764.5,1197.0,-3.141592653589793,47.0,7.0
