CoordX,CoordY,Orient,HalfLen,HalfWid
901.5,348.5,-1.5707963267948966,38.0,9.0
2111.0,646.0,1.5707963267948966,39.0,5.0
2482.0,667.0,-1.5707963267948966,39.0,15.0
901.5,678.5,-1.5707963267948966,38.0,9.0
612.0,986.0,0.0,43.0,10.0
820.5,1128.0,-3.141592653589793,38.0,5.0
699.0,1304.5,0.0,43.0,15.0
