CoordX,CoordY,Orient,HalfLen,HalfWid
762.5,259.5,-3.141592653589793,40.0,18.0
329.5,421.5,-1.5707963267948966,43.0,4.0
508.0,469.5,-3.141592653589793,40.0,4.0
651.5,520.9449648711944,1.5707963267948966,47.0,8.0
329.5,525.5,-1.5707963267948966,38.0,4.0
387.0,636.5,-3.141592653589793,46.0,8.0
