CoordX,CoordY,Orient,HalfLen,HalfWid
635.5,315.0,0.0,38.0,17.0
136.5,527.5,-1.5707963267948966,44.0,15.0
1089.0,515.5,-3.141592653589793,40.0,5.0
894.5,754.0,-1.5707963267948966,40.0,5.0
669.5,778.0,-2.380529032407727,40.48241302381301,7.378671867264848
894.5,915.5,-1.5707963267948966,39.0,5.0
136.5,952.5,-1.5707963267948966,45.0,15.0
770.5,1150.5,-3.141592653589793,44.0,15.0
1009.5,1776.5,-3.141592653589793,39.0,5.0
