CoordX,CoordY,Orient,HalfLen,HalfWid
587.5,469.0,-3.141592653589793,45.0,20.0
969.5,803.5,-3.141592653589793,45.0,7.0
1031.0,922.0,-1.5707963267948966,41.0,11.0
970.0,1103.0,-1.5707963267948966,44.0,6.0
383.0,1224.0,-1.5707963267948966,45.0,8.0
1020.0,1308.5,0.0,31.0,3.0
469.0,1485.5,-3.141592653589793,48.0,18.0
545.5,1642.0,-1.5707963267948966,45.0,14.0
