CoordX,CoordY,Orient,HalfLen,HalfWid
598.5,294.0,0.0,28.0,13.0
1359.0,315.5,-3.141592653589793,29.0,12.0
375.0,940.5,0.0,30.0,5.0
421.5,1079.5,-1.5707963267948966,30.0,5.0
714.5,1203.5,0.0,37.0,11.0
531.0,1251.0,0.0,29.0,12.0
