CoordX,CoordY,Orient,HalfLen,HalfWid
326.5,55.5,0.0,41.0,16.0
418.5,314.0,-1.5707963267948966,52.0,4.0
505.0,446.0,0.0,49.0,8.0
179.0,742.0,-3.141592653589793,47.0,10.0
