CoordX,CoordY,Orient,HalfLen,HalfWid
292.0,429.5,-3.141592653589793,33.0,4.0
177.0,482.5,-1.5707963267948966,43.0,9.0
713.5,550.5,-1.5707963267948966,42.0,9.0
657.5,606.0,0.0,40.0,9.0
