CoordX,CoordY,Orient,HalfLen,HalfWid
1040.0,534.0,-1.5707963267948966,33.0,11.0
489.0,535.0,-1.5707963267948966,33.0,6.0
896.5,591.5,0.0,70.0,5.0
1124.0,591.5,-3.141592653589793,44.0,5.0
669.5,830.5,-1.5707963267948966,145.0,5.0
427.5,985.5,0.0,33.0,6.0
599.5,985.5,0.0,52.0,6.0
367.5,1046.5,-1.5707963267948966,31.0,5.0
529.0,1169.0,-1.5707963267948966,32.0,5.0
493.5,1252.0,0.0,27.0,5.0
586.5,1375.0,0.0,33.0,11.0
