CoordX,CoordY,Orient,HalfLen,HalfWid
210.0,53.0,-3.141592653589793,158.0,10.0
352.5,321.0,-3.141592653589793,42.0,20.0
262.0,985.5,-1.5707963267948966,43.0,7.0
341.5,1112.0,0.0,48.0,11.0
