CoordX,CoordY,Orient,HalfLen,HalfWid
659.0,218.0,-1.5707963267948966,115.0,10.0
390.5,278.0,-1.5707963267948966,40.0,4.0
531.5,604.0,0.0,44.0,10.0
659.0,653.5,-1.5707963267948966,35.0,4.0
393.0,678.0,-1.5707963267948966,38.0,5.0
883.5,793.5,-1.5707963267948966,30.0,4.0
622.0,816.5,-1.5707963267948966,39.0,5.0
523.0,943.0,0.0,41.0,5.0
