CoordX,CoordY,Orient,HalfLen,HalfWid
189.5,312.5,-1.5707963267948966,43.0,7.0
784.5,375.5,0.0,43.0,7.0
438.5,429.5,-1.5707963267948966,35.0,7.0
537.5,474.5,-3.141592653589793,34.0,7.0
909.5,604.5,0.0,43.0,7.0
