CoordX,CoordY,Orient,HalfLen,HalfWid
386.0,636.0,0.0,48.0,18.0
1128.5,637.5,0.0,51.0,18.0
1276.5,637.5,-3.141592653589793,47.0,18.0
1153.5,1041.5,-3.141592653589793,46.0,6.0
1214.5,1110.5,-1.5707963267948966,43.0,6.0
1269.0,1164.5,-3.141592653589793,41.0,6.0
1140.5,1243.5,0.0,45.0,6.0
236.0,1313.5,-1.5707963267948966,41.0,6.0
436.0,1420.5,-1.5707963267948966,42.0,6.0
384.5,1512.0,-3.141592653589793,44.0,16.0
275.5,1664.0,-1.5707963267948966,48.0,12.0
