CoordX,CoordY,Orient,HalfLen,HalfWid
651.0,396.0,-3.141592653589793,40.0,17.0
283.0,780.5,0.0,31.0,6.0
487.5,780.5,0.0,39.0,6.0
436.5,1051.5,-1.5707963267948966,39.0,4.0
497.0,1117.5,0.0,45.0,5.0
360.5,1223.0,0.0,31.0,10.0
499.0,1240.0,0.0,45.0,18.0
