CoordX,CoordY,Orient,HalfLen,HalfWid
907.5,311.5,0.0,27.0,4.0
324.5,472.0,0.0,35.0,6.0
816.0,472.0,0.0,28.0,6.0
114.0,536.0,-1.5707963267948966,41.0,6.0
853.0,555.0,-1.5707963267948966,34.0,6.0
719.5,598.0,0.0,35.0,6.0
490.0,798.0,-3.141592653589793,41.0,6.0
673.0,843.5,-1.5707963267948966,33.0,6.0
489.5,944.0,-3.141592653589793,42.0,8.0
468.0,1150.5,0.0,55.0,4.0
