CoordX,CoordY,Orient,HalfLen,HalfWid
803.5,395.5,-3.141592653589793,40.0,10.0
468.0,824.0,-3.141592653589793,35.0,7.0
632.5,826.0,0.0,37.0,5.0
875.5,885.0,-1.5707963267948966,31.0,4.0
459.0,990.0,0.0,40.0,9.0
