CoordX,CoordY,Orient,HalfLen,HalfWid
869.5645879732739,231.01559020044544,3.1399749875727836,29.01128571296017,7.043667804460261
209.5,291.0,-1.5707963267948966,39.0,13.0
950.0,291.5,-1.5707963267948966,39.0,6.0
388.0,366.0,-3.141592653589793,103.0,11.0
950.0,435.5,-1.5707963267948966,39.0,6.0
761.5,522.5,-3.141592653589793,28.0,5.0
809.0,599.5,-1.5707963267948966,35.0,7.0
903.0,712.5,0.0,39.0,10.0
