CoordX,CoordY,Orient,HalfLen,HalfWid
469.49447668975847,424.991574611496,-1.5714861661558626,44.019994870558165,29.030346029239396
879.5,800.5,-1.5707963267948966,47.0,7.0
763.0,963.5,-3.141592653589793,49.0,11.0
