CoordX,CoordY,Orient,HalfLen,HalfWid
391.5,366.5,-3.141592653589793,43.0,16.0
493.5,671.5,-1.5707963267948966,41.0,5.0
493.5,918.5,-1.5707963267948966,42.0,5.0
690.5,1056.5,0.0,36.0,7.0
463.0,1162.5,-1.5707963267948966,41.0,5.0
463.0,1363.5,-1.5707963267948966,41.0,5.0
176.0,1516.0,-3.141592653589793,40.0,17.0
398.5,1516.0,-3.141592653589793,46.0,17.0
625.0,1618.0,-1.5707963267948966,39.0,10.0
