CoordX,CoordY,Orient,HalfLen,HalfWid
632.0,371.5,0.0,31.0,6.0
1262.5,471.0,-1.5707963267948966,39.0,14.0
635.5,754.5,-3.141592653589793,40.0,7.0
