CoordX,CoordY,Orient,HalfLen,HalfWid
612.5,358.5,0.0,43.0,8.0
810.5,764.5,-1.5707963267948966,34.0,8.0
810.5,921.0,-1.5707963267948966,34.0,8.0
619.5,929.5,-1.5707963267948966,34.0,8.0
860.5,1080.5,-3.141592653589793,33.0,8.0
683.0,1125.5,0.0,35.0,8.0
679.5,1231.0,-3.141592653589793,37.0,8.0
755.5,1363.0,-1.5707963267948966,36.0,7.0
