CoordX,CoordY,Orient,HalfLen,HalfWid
592.0,301.0,-1.5707963267948966,34.0,6.0
242.0,535.5,0.0,33.0,6.0
450.5,535.5,-3.141592653589793,35.0,6.0
722.0,535.5,-3.141592653589793,34.0,6.0
1078.0,535.5,0.0,29.0,6.0
1212.0,583.0,-1.5707963267948966,32.0,16.0
274.0,875.5,-3.141592653589793,34.0,12.0
