CoordX,CoordY,Orient,HalfLen,HalfWid
409.5,252.5,0.0,37.0,15.0
474.0,649.0,-1.5707963267948966,36.0,6.0
536.0,888.0,-1.5707963267948966,36.0,6.0
494.6530837004405,968.2202643171806,-0.6712049274489836,37.77393376338386,6.5895209782072115
640.0,957.0,0.0,32.0,6.0
400.5,1002.0,-3.141592653589793,41.0,6.0
393.0,1120.5,0.0,42.0,14.0
537.5,1225.0,-1.5707963267948966,38.0,6.0
