CoordX,CoordY,Orient,HalfLen,HalfWid
892.0,503.0,-3.141592653589793,39.0,5.0
994.0,503.0,-3.141592653589793,39.0,5.0
282.0,591.5,-1.5707963267948966,45.0,12.0
1049.0,621.5,-1.5707963267948966,39.0,4.0
1156.5,711.0,-3.141592653589793,30.0,8.0
904.5,755.5,-1.5707963267948966,37.0,4.0
983.0,899.0,0.0,48.0,9.0
