CoordX,CoordY,Orient,HalfLen,HalfWid
239.0,146.0,-1.5707963267948966,27.0,4.0
673.5,352.5,-3.141592653589793,33.0,10.0
552.0,358.5,-3.141592653589793,31.0,4.0
242.0,509.0,-3.141592653589793,24.0,4.0
215.5,690.5,0.0,27.0,4.0
405.0,734.0,-1.5707963267948966,31.0,4.0
218.5,819.0,0.0,34.0,11.0
369.5,813.0,0.0,25.0,5.0
