CoordX,CoordY,Orient,HalfLen,HalfWid
347.5,202.5,0.0,39.0,12.0
431.5,300.5,-1.5707963267948966,35.0,6.0
377.5,613.0,-3.141592653589793,40.0,4.0
539.0,613.0,0.0,34.0,4.0
645.0,664.0,-1.5707963267948966,41.0,4.0
543.0,776.5,-3.141592653589793,39.0,7.0
