CoordX,CoordY,Orient,HalfLen,HalfWid
738.283422459893,113.65953654188948,-0.48763206416136035,232.96405695163696,121.16186208403336
704.5,319.5,-3.141592653589793,58.0,16.0
207.0,936.0,-1.5707963267948966,41.0,4.0
520.0,940.0,-1.5707963267948966,40.0,5.0
659.5,941.0,-1.5707963267948966,40.0,5.0
883.0,996.0,0.0,36.0,5.0
659.5,1050.0,-1.5707963267948966,41.0,5.0
520.0,1119.5,-1.5707963267948966,39.0,5.0
579.5,1363.5,-3.141592653589793,44.0,15.0
