CoordX,CoordY,Orient,HalfLen,HalfWid
227.5,522.0,-1.5707963267948966,37.0,7.0
840.5,531.5,-3.141592653589793,37.0,7.0
907.5,688.0,-1.5707963267948966,38.0,7.0
669.5,812.5,-1.5707963267948966,39.0,7.0
907.5,836.5,-1.5707963267948966,32.0,7.0
781.5,987.5,-1.5707963267948966,41.0,7.0
846.0,1058.5,0.0,43.0,7.0
