CoordX,CoordY,Orient,HalfLen,HalfWid
800.0,435.0,0.0,45.0,17.0
891.5,897.0,-1.5707963267948966,41.0,5.0
717.5,970.5,-1.5707963267948966,40.0,5.0
1047.0,966.0,0.0,42.0,10.0
513.5,1079.5,-3.141592653589793,30.0,5.0
717.5,1143.5,-1.5707963267948966,40.0,5.0
892.5,1198.5,-1.5707963267948966,44.0,6.0
783.0,1275.0,0.0,45.0,5.0
780.5,1486.0,0.0,44.0,17.0
