CoordX,CoordY,Orient,HalfLen,HalfWid
941.5,399.0,0.0,30.0,5.0
287.5,466.5,-1.5707963267948966,41.0,11.0
1009.0,482.0,-1.5707963267948966,41.0,5.0
1009.0,590.5,-1.5707963267948966,41.0,5.0
908.5,653.5,0.0,30.0,6.0
754.0,870.5,-3.141592653589793,44.0,8.0
