CoordX,CoordY,Orient,HalfLen,HalfWid
326.5,287.5,-1.5707963267948966,38.0,5.0
225.5,607.0,-3.141592653589793,30.0,6.0
326.0,653.5,-1.5707963267948966,36.0,6.0
177.0,803.5,0.0,44.0,18.0
