CoordX,CoordY,Orient,HalfLen,HalfWid
421.0,66.0,-3.141592653589793,47.0,26.0
309.0,591.0,1.5707963267948966,47.0,6.0
205.5,670.0,0.0,46.0,11.0
