CoordX,CoordY,Orient,HalfLen,HalfWid
899.0,304.0,0.0,36.0,5.0
768.0,354.0,-1.5707963267948966,39.0,4.0
997.5,375.0,-1.5707963267948966,38.0,5.0
473.0,403.5,-3.141592653589793,60.0,4.0
997.5,473.0,-1.5707963267948966,36.0,5.0
256.5,513.0,-1.5707963267948966,43.0,14.0
799.1202749140894,555.4810996563574,-3.1400469807520985,36.007685357238344,5.054092555018018
939.5,771.5,3.1407734155779554,44.009816089722975,11.963949504605948
