CoordX,CoordY,Orient,HalfLen,HalfWid
775.5,323.0,-3.141592653589793,29.0,4.0
895.0,323.0,0.0,34.0,4.0
226.5,467.0,-1.5707963267948966,39.0,11.0
693.0,481.5,-1.5707963267948966,44.0,4.0
796.5,723.5,0.0,46.0,8.0
