CoordX,CoordY,Orient,HalfLen,HalfWid
1136.5,385.0,-1.5707963267948966,35.0,11.0
459.0,454.5,0.0,35.0,6.0
690.0,454.5,-3.141592653589793,61.0,6.0
515.0,562.5,0.0,36.0,6.0
683.0,841.5,0.0,35.0,11.0
