CoordX,CoordY,Orient,HalfLen,HalfWid
879.5,206.0,-1.5707963267948966,32.0,8.0
825.5,359.0,-3.141592653589793,39.0,5.0
981.5,359.0,-3.141592653589793,38.0,5.0
1082.5,359.0,-3.141592653589793,38.0,5.0
1134.0,416.0,1.5707963267948966,39.0,5.0
354.5,462.5,-1.5707963267948966,38.0,17.0
969.5,886.5,0.0,43.0,10.0
