CoordX,CoordY,Orient,HalfLen,HalfWid
764.0,255.0,0.0,37.0,7.0
1501.0,299.5,-1.5707963267948966,42.0,14.0
635.0,343.0,-1.5707963267948966,43.0,7.0
1090.5,399.5,-3.141592653589793,42.0,10.0
635.0,464.0,-1.5707963267948966,43.0,7.0
976.0,463.5,-1.5707963267948966,35.0,8.0
922.5,656.0,-3.141592653589793,34.0,7.0
976.0,718.0,-1.5707963267948966,51.0,8.0
710.5,784.5,0.0,48.0,12.0
977.0,843.0,-1.5707963267948966,45.0,8.0
900.0,899.0,-3.141592653589793,36.0,8.0
