CoordX,CoordY,Orient,HalfLen,HalfWid
317.0,541.5,-3.141592653589793,46.0,15.0
423.0,1064.5,-1.5707963267948966,35.0,6.0
604.5,1130.0,-3.141592653589793,37.0,6.0
423.0,1225.5,-1.5707963267948966,40.0,6.0
172.0,1214.5,0.0,36.0,6.0
283.5,1323.0,-1.5707963267948966,40.0,5.0
357.0,1387.0,0.0,45.0,6.0
357.5,1503.5,-3.141592653589793,45.0,15.0
