CoordX,CoordY,Orient,HalfLen,HalfWid
321.0,104.0,-3.141592653589793,40.0,17.0
427.0,497.5,-3.141592653589793,31.0,5.0
382.5,601.0,-1.5707963267948966,35.0,5.0
336.5,900.5,0.0,45.0,4.0
455.0,900.5,0.0,27.0,4.0
339.0,982.0,-3.141592653589793,45.0,19.0
404.5,1129.0,-1.5707963267948966,36.0,5.0
