CoordX,CoordY,Orient,HalfLen,HalfWid
417.5,298.0,0.0,46.0,14.0
481.0,372.0,-1.5707963267948966,60.0,5.0
563.0,824.5,-3.141592653589793,40.0,6.0
472.5,880.5,-1.5707963267948966,46.0,7.0
365.5,1023.0,0.0,45.0,10.0
