CoordX,CoordY,Orient,HalfLen,HalfWid
261.0,411.0,-1.5707963267948966,41.0,8.0
869.0,423.0,-1.5707963267948966,42.0,3.0
1171.0,478.5,-3.141592653589793,36.0,8.0
869.0,605.5,-1.5707963267948966,36.0,3.0
1173.0,715.5,-3.141592653589793,36.0,7.0
869.0,819.0,-1.5707963267948966,31.0,3.0
815.5,892.0,-3.141592653589793,44.0,8.0
