CoordX,CoordY,Orient,HalfLen,HalfWid
410.5,455.0,-3.141592653589793,43.0,14.0
602.0,1033.0,0.0,37.0,5.0
314.0,1091.5,-1.5707963267948966,41.0,5.0
453.5,1091.5,-1.5707963267948966,41.0,5.0
192.0,1216.0,0.0,40.0,5.0
379.5,1216.0,-3.141592653589793,46.0,5.0
377.5,1395.0,-3.141592653589793,45.0,12.0
299.5,1556.5,-1.5707963267948966,41.0,5.0
