CoordX,CoordY,Orient,HalfLen,HalfWid
387.0,259.5,-3.141592653589793,40.0,17.0
331.0,333.0,-1.5707963267948966,41.0,6.0
331.0,610.5,-1.5707963267948966,41.0,6.0
330.0,848.0,-1.5707963267948966,41.0,5.0
207.5,968.0,-3.141592653589793,40.0,7.0
398.0,1132.5,0.0,45.0,23.0
