CoordX,CoordY,Orient,HalfLen,HalfWid
536.0,170.0,-3.141592653589793,38.0,12.0
685.0,231.0,-1.5707963267948966,32.0,6.0
322.0,321.0,-1.5707963267948966,32.0,6.0
770.5,537.0,0.0,26.0,6.0
904.0,537.0,0.0,32.0,6.0
988.0,537.0,-3.141592653589793,26.0,6.0
252.5,593.0,0.0,27.0,6.0
1041.0,677.5,-3.141592653589793,40.0,11.0
