CoordX,CoordY,Orient,HalfLen,HalfWid
292.5,229.0,0.0,40.0,27.0
384.0,527.0,-1.5707963267948966,41.0,5.0
439.5,626.0,-1.5707963267948966,42.0,5.0
204.0,629.0,-1.5707963267948966,43.0,5.0
830.0,867.5,-3.141592653589793,43.0,11.0
