CoordX,CoordY,Orient,HalfLen,HalfWid
340.0,342.5,-3.141592653589793,47.0,23.0
762.0,342.5,-3.141592653589793,47.0,23.0
850.0,635.0,-1.5707963267948966,42.0,6.0
400.5,640.0,-1.5707963267948966,41.0,6.0
352.0,694.5,-3.141592653589793,37.0,5.0
1033.0,763.0,-3.141592653589793,31.0,6.0
207.0,854.0,0.0,39.0,3.0
400.5,914.5,-1.5707963267948966,41.0,6.0
499.0,1042.0,-3.141592653589793,46.0,11.0
