CoordX,CoordY,Orient,HalfLen,HalfWid
1062.5,235.0,0.0,39.0,13.0
851.0,645.5,-3.141592653589793,42.0,4.0
904.5,702.0,-1.5707963267948966,41.0,7.0
484.5,780.5,-1.5707963267948966,30.0,4.0
904.5,796.5,-1.5707963267948966,36.0,7.0
535.5,880.0,0.0,39.0,8.0
791.5,875.5,-3.141592653589793,37.0,3.0
