CoordX,CoordY,Orient,HalfLen,HalfWid
476.5,217.0,0.0,42.0,5.0
364.5,555.0,-1.5707963267948966,43.0,4.0
364.5,782.0,-1.5707963267948966,42.0,4.0
470.0,834.5,0.0,32.0,5.0
310.0,1033.5,-3.141592653589793,46.0,4.0
