CoordX,CoordY,Orient,HalfLen,HalfWid
533.5,457.0,-1.5707963267948966,39.0,5.0
492.0,572.5,0.0,31.0,6.0
729.0,572.5,0.0,49.0,6.0
963.0,572.5,-3.141592653589793,41.0,6.0
1117.5,629.0,-1.5707963267948966,40.0,17.0
327.0,707.0,-1.5707963267948966,37.0,8.0
265.5,865.5,0.0,30.0,6.0
447.0,865.5,-3.141592653589793,40.0,6.0
282.0247388675096,1170.5052226498076,3.141234221245884,45.00322300036687,9.01577044466245
