CoordX,CoordY,Orient,HalfLen,HalfWid
724.0,308.0,-1.5707963267948966,40.0,10.0
2090.0,346.0,-1.5707963267948966,40.0,10.0
869.0,412.0,-3.141592653589793,39.0,10.0
2250.5,645.0,-3.141592653589793,42.0,10.0
1160.0,703.0,-1.5707963267948966,59.0,10.0
411.5,713.0,-3.141592653589793,45.0,7.0
2262.0,804.0,-3.141592653589793,51.0,18.0
565.0,847.0,0.0,39.0,29.0
375.0,854.0,0.018089151988828604,45.19160762921135,10.184232906184263
