CoordX,CoordY,Orient,HalfLen,HalfWid
934.5,232.5,-1.5707963267948966,29.0,4.0
307.0,381.5,-1.5707963267948966,38.0,7.0
646.0,473.0,0.0,82.0,9.0
896.5,473.0,-3.141592653589793,28.0,9.0
986.0,473.0,0.0,41.0,9.0
1052.5,519.5,-1.5707963267948966,35.0,3.0
556.5,530.5,-1.5707963267948966,43.0,7.0
920.0,581.0,0.0,38.0,4.0
622.5,632.5,-3.141592653589793,52.0,7.0
