CoordX,CoordY,Orient,HalfLen,HalfWid
482.0,335.0,-1.5707963267948966,33.0,5.0
1055.0,347.0,-1.5707963267948966,33.0,11.0
925.5,392.0,0.0,64.0,5.0
610.0,503.5,-1.5707963267948966,29.0,6.0
444.0,515.0,-3.141592653589793,29.0,5.0
374.0,557.0,-1.5707963267948966,30.0,5.0
96.0,597.0,-3.141592653589793,28.0,5.0
374.0,638.0,-1.5707963267948966,31.0,5.0
548.5,750.0,-3.141592653589793,38.0,11.0
