CoordX,CoordY,Orient,HalfLen,HalfWid
1628.0,573.5,-1.5707963267948966,29.0,8.0
2021.5,651.0,0.0,32.0,5.0
1653.5,772.5,-3.141592653589793,30.0,4.0
2038.0,779.0,-3.141592653589793,42.0,6.0
1704.5,826.0,-1.5707963267948966,35.0,7.0
2141.5,841.5,-1.5707963267948966,40.0,7.0
1854.5,900.5,0.0,55.0,7.0
1991.0,900.5,-3.141592653589793,33.0,7.0
1850.0,1045.5,-3.141592653589793,54.0,13.0
