CoordX,CoordY,Orient,HalfLen,HalfWid
721.0,308.5,-1.5707963267948966,29.0,7.0
425.5,361.5,-3.141592653589793,41.0,7.0
634.5,361.5,0.0,38.0,7.0
1395.5,496.0,-1.5707963267948966,40.0,17.0
369.5,529.0,-1.5707963267948966,39.0,7.0
504.5,772.5,-3.141592653589793,47.0,14.0
