CoordX,CoordY,Orient,HalfLen,HalfWid
257.0,544.0,-1.5707963267948966,22.0,4.0
77.5,788.0,-1.5707963267948966,19.0,2.0
204.5,1150.5,-3.141592653589793,27.0,3.0
296.0,1150.5,0.0,28.0,3.0
